0
1
3
4
6
8
9
11
12
14
15
16
17
18
21
23
24
25
26
27
31
32
33
35
36
37
39
44
48
50
51
53
55
56
58
59
60
61
63
64
66
67
68
70
71
75
76
78
79
81
82
83
84
86
90
91
93
94
95
97
98
100
101
102
103
105
106
107
108
109
110
111
119
121
125
126
128
130
132
133
134
135
139
143
144
145
146
148
149
151
152
153
154
156
159
160
161
163
164
165
166
168
169
171
172
173
175
177
178
180
182
184
185
188
189
191
193
195
196
198
199
200
201
202
205
206
207
209
210
211
212
213
216
217
219
220
223
224
225
228
230
231
232
233
234
238
239
242
243
244
245
246
247
250
251
252
253
255
256
259
260
264
266
268
269
270
272
273
274
275
276
277
278
279
280
281
282
287
290
292
293
295
297
298
300
303
304
305
306
307
308
310
311
314
315
318
319
320
324
327
328
330
334
338
339
340
341
342
344
346
347
348
350
351
353
355
356
357
358
359
362
366
368
370
371
374
376
377
378
380
381
382
383
385
386
388
389
390
392
393
395
396
398
399
401
402
405
408
409
410
411
415
417
422
425
426
427
429
432
433
436
438
441
442
443
444
445
448
449
450
451
452
454
456
457
458
459
460
461
462
463
464
467
472
473
475
476
477
478
480
481
484
485
487
489
490
491
493
497
499
503
504
506
507
508
512
513
515
516
517
519
525
526
527
529
530
531
532
534
535
536
539
542
543
550
552
555
556
558
559
560
562
564
568
570
571
572
573
574
575
576
577
578
579
582
583
584
586
588
590
592
593
595
597
599
600
601
602
603
605
608
609
612
615
618
620
622
623
627
628
629
631
632
633
635
638
640
641
652
658
660
661
663
664
666
667
668
669
670
674
676
677
678
679
680
684
685
686
687
688
692
693
694
696
699
705
707
708
709
710
711
714
715
717
718
719
720
721
722
724
726
728
729
730
732
733
734
735
738
739
740
741
742
744
745
749
750
751
752
754
758
759
763
764
765
766
768
769
770
772
773
774
775
778
780
781
782
783
785
788
789
793
794
795
798
799
802
804
808
809
810
812
814
815
816
817
819
820
821
822
824
828
830
831
832
833
834
838
840
841
843
846
847
848
849
851
853
856
857
859
861
862
863
865
867
868
870
871
872
874
875
876
878
879
880
884
885
887
889
891
892
894
896
898
899
900
903
904
905
907
909
910
913
915
916
920
922
923
924
925
926
927
929
932
936
937
938
939
940
944
945
948
952
953
955
957
962
964
965
966
968
969
971
973
977
978
979
981
982
984
985
987
989
990
992
993
995
996
997
998
999
1000
1001
1002
1004
1006
1009
1011
1012
1015
1016
1017
1018
1020
1021
1022
1023
1024
1025
1026
1027
1028
1029
1030
1034
1035
1036
1037
1039
1040
1042
1045
1047
1048
1049
1051
1052
1053
1056
1057
1059
1060
1061
1062
1066
1069
1072
1073
1075
1078
1081
1082
1084
1085
1086
1087
1089
1090
1091
1092
1093
1094
1096
1098
1102
1103
1104
1105
1106
1107
1110
1114
1115
1116
1117
1118
1119
1120
1124
1125
1128
1130
1132
1133
1134
1136
1137
1138
1139
1142
1144
1146
1147
1148
1155
1157
1160
1161
1164
1165
1167
1168
1169
1171
1176
1178
1179
1180
1181
1182
1184
1185
1189
1190
1191
1192
1193
1194
1196
1198
1199
1200
1205
1207
1208
1210
1211
1212
1218
1222
1223
1224
1225
1226
1227
1231
1232
1234
1236
1237
1239
1242
1243
1244
1247
1250
1252
1253
1255
1257
1258
1259
1260
1261
1264
1265
1266
1267
1268
1270
1272
1274
1282
1284
1285
1288
1289
1292
1293
1295
1296
1298
1299
1300
1301
1304
1309
1312
1315
1316
1317
1319
1320
1321
1323
1327
1328
1329
1330
1331
1332
1333
1336
1337
1338
1339
1340
1342
1348
1349
1351
1353
1354
1355
1356
1359
1360
1361
1363
1365
1373
1375
1376
1379
1380
1381
1383
1386
1387
1388
1390
1392
1393
1395
1397
1398
1400
1401
1402
1403
1404
1405
1406
1407
1409
1410
1412
1413
1415
1418
1420
1421
1422
1424
1425
1427
1429
1430
1431
1433
1434
1437
1438
1440
1442
1443
1445
1446
1449
1450
1452
1453
1455
1459
1460
1461
1464
1466
1471
1473
1475
1477
1481
1483
1486
1487
1488
1489
1491
1492
1494
1495
1496
1498
1499
1502
1503
1507
1508
1509
1515
1517
1518
1519
1520
1522
1524
1525
1526
1527
1529
1530
1531
1533
1534
1537
1538
1539
1542
1544
1545
1546
1547
1549
1551
1553
1554
1555
1556
1557
1558
1560
1563
1564
1566
1568
1569
1570
1573
1575
1576
1577
1578
1579
1581
1584
1585
1586
1587
1588
1589
1591
1592
1596
1598
1600
1602
1605
1607
1608
1609
1610
1611
1612
1618
1619
1621
1622
1626
1629
1630
1631
1632
1634
1636
1638
1640
1641
1642
1643
1644
1647
1649
1652
1653
1654
1656
1658
1659
1660
1661
1664
1665
1668
1669
1670
1671
1673
1674
1675
1676
1678
1680
1681
1682
1685
1686
1687
1688
1689
1690
1691
1692
1693
1694
1695
1696
1697
1698
1699
1702
1703
1704
1705
1706
1707
1709
1710
1712
1713
1715
1716
1719
1722
1725
1726
1727
1728
1729
1732
1733
1734
1736
1737
1738
1740
1741
1742
1747
1749
1752
1755
1757
1758
1760
1761
1762
1763
1764
1767
1768
1774
1777
1778
1779
1780
1781
1784
1785
1786
1787
1788
1789
1790
1791
1792
1793
1794
1797
1798
1799
1800
1802
1803
1804
1805
1809
1810
1812
1821
1822
1824
1825
1828
1830
1833
1839
1841
1842
1844
1847
1849
1850
1851
1852
1854
1855
1858
1859
1864
1865
1867
1868
1873
1875
1876
1878
1880
1883
1884
1885
1886
1888
1890
1891
1893
1895
1896
1897
1898
1899
1900
1901
1902
1903
1905
1906
1910
1911
1913
1914
1915
1916
1918
1922
1923
1929
1930
1931
1932
1933
1935
1936
1940
1941
1942
1943
1945
1946
1947
1948
1951
1952
1953
1956
1958
1959
1960
1961
1963
1965
1968
1969
1970
1971
1973
1974
1975
1980
1981
1982
1983
1985
1986
1988
1990
1991
1992
1994
1995
1997
1998
1999
2001
2002
2003
2004
2006
2008
2009
2010
2011
2012
2018
2020
2022
2023
2024
2025
2026
2028
2029
2032
2036
2039
2040
2041
2044
2046
2049
2050
2052
2053
2055
2058
2060
2061
2062
2063
2064
2069
2070
2072
2073
2074
2075
2076
2079
2080
2081
2084
2086
2087
2088
2090
2095
2096
2097
2098
2100
2101
2103
2104
2105
2107
2112
2113
2114
2120
2121
2124
2126
2127
2128
2130
2133
2134
2137
2139
2141
2142
2143
2144
2150
2151
2153
2155
2156
2157
2159
2160
2161
2162
2163
2164
2166
2168
2173
2175
2178
2179
2180
2182
2184
2185
2187
2188
2189
2191
2192
2193
2195
2198
2199
2209
2210
2213
2215
2216
2219
2220
2222
2223
2225
2226
2227
2230
2231
2233
2236
2237
2238
2239
2240
2241
2242
2244
2246
2249
2250
2251
2252
2253
2254
2255
2256
2260
2261
2263
2265
2266
2269
2271
2273
2275
2276
2277
2279
2281
2284
2285
2288
2291
2293
2294
2297
2298
2299
2300
2301
2302
2303
2304
2305
2306
2307
2308
2309
2314
2316
2317
2319
2320
2322
2324
2325
2326
2327
2328
2329
2330
2331
2332
2334
2336
2338
2339
2340
2341
2344
2345
2346
2347
2348
2349
2353
2354
2358
2360
2361
2362
2363
2364
2365
2367
2370
2371
2372
2373
2374
2375
2377
2378
2379
2380
2381
2384
2385
2387
2390
2391
2393
2395
2397
2399
2401
2403
2404
2405
2406
2407
2409
2411
2413
2415
2416
2418
2419
2420
2422
2424
2425
2426
2427
2430
2431
2433
2434
2435
2437
2438
2439
2440
2441
2442
2447
2448
2449
2450
2456
2466
2468
2469
2472
2473
2474
2475
2476
2477
2479
2480
2481
2482
2483
2485
2487
2488
2489
2490
2491
2494
2495
2496
2497
2498
2500
2501
2502
2503
2504
2505
2507
2508
2509
2510
2511
2512
2514
2516
2518
2519
2520
2523
2524
2525
2530
2532
2533
2534
2535
2536
2537
2538
2541
2542
2544
2545
2546
2550
2551
2555
2556
2560
2561
2562
2563
2567
2570
2571
2572
2573
2574
2577
2578
2579
2580
2581
2583
2584
2586
2588
2590
2592
2594
2595
2596
2599
2600
2602
2603
2604
2605
2606
2610
2611
2612
2614
2615
2617
2618
2621
2623
2629
2630
2631
2633
2634
2635
2636
2641
2642
2644
2645
2646
2647
2649
2651
2653
2656
2659
2660
2661
2662
2663
2664
2665
2666
2667
2669
2673
2674
2675
2676
2678
2679
2680
2681
2682
2683
2684
2685
2687
2691
2693
2694
2695
2697
2700
2703
2704
2705
2707
2708
2712
2713
2714
2715
2716
2719
2720
2722
2724
2725
2726
2727
2728
2731
2732
2733
2734
2735
2738
2739
2741
2744
2747
2748
2751
2753
2756
2757
2759
2762
2764
2765
2768
2770
2771
2774
2775
2776
2778
2779
2781
2782
2783
2785
2786
2788
2789
2790
2791
2792
2793
2796
2797
2799
2800
2802
2803
2804
2807
2810
2811
2814
2815
2819
2823
2824
2828
2829
2831
2832
2833
2835
2836
2839
2842
2844
2845
2846
2848
2849
2852
2853
2854
2855
2856
2857
2858
2859
2861
2864
2865
2867
2868
2870
2872
2873
2874
2875
2876
2877
2880
2881
2882
2883
2886
2887
2888
2891
2893
2894
2895
2896
2897
2898
2899
2901
2902
2904
2905
2906
2908
2910
2911
2912
2913
2916
2917
2918
2919
2920
2921
2925
2926
2930
2933
2935
2936
2937
2938
2939
2940
2942
2944
2945
2946
2950
2952
2953
2954
2956
2957
2958
2959
2962
2964
2966
2968
2969
2970
2971
2972
2974
2975
2977
2978
2982
2983
2984
2986
2987
2988
2989
2991
2993
2994
2995
2996
2998
2999
3000
3001
3002
3003
3004
3005
3006
3007
3009
3010
3011
3012
3013
3014
3015
3018
3019
3020
3021
3023
3024
3025
3026
3029
3030
3032
3033
3034
3035
3036
3037
3038
3039
3040
3041
3042
3043
3044
3045
3046
3048
3049
3051
3053
3054
3055
3056
3057
3059
3060
3061
3062
3063
3064
3067
3069
3070
3071
3072
3075
3076
3078
3079
3081
3083
3084
3085
3088
3089
3090
3091
3092
3093
3094
3095
3096
3098
3100
3101
3103
3104
3108
3109
3111
3112
3114
3115
3117
3118
3119
3121
3122
3123
3124
3125
3126
3127
3128
3129
3130
3134
3138
3139
3140
3142
3143
3144
3145
3152
3153
3154
3155
3156
3158
3160
3162
3163
3165
3166
3167
3169
3170
3172
3173
3174
3175
3178
3180
3182
3184
3185
3186
3187
3188
3191
3194
3195
3196
3197
3198
3199
3200
3201
3202
3203
3204
3206
3207
3208
3209
3212
3215
3217
3218
3222
3224
3225
3226
3228
3229
3231
3232
3233
3234
3235
3238
3239
3241
3242
3244
3245
3248
3249
3250
3256
3257
3259
3260
3261
3264
3265
3269
3270
3276
3279
3280
3282
3283
3284
3285
3287
3293
3302
3304
3306
3308
3311
3315
3317
3318
3320
3322
3323
3324
3325
3328
3330
3331
3333
3335
3336
3337
3339
3340
3342
3345
3346
3349
3352
3353
3355
3356
3357
3361
3362
3363
3365
3366
3368
3371
3374
3375
3377
3378
3380
3381
3382
3383
3384
3386
3387
3388
3390
3391
3393
3396
3397
3398
3399
3400
3401
3402
3403
3406
3407
3408
3411
3412
3414
3415
3416
3418
3419
3423
3424
3425
3428
3429
3430
3432
3433
3434
3436
3437
3438
3442
3444
3446
3447
3448
3449
3450
3451
3452
3453
3454
3456
3457
3458
3459
3464
3465
3466
3467
3469
3470
3474
3477
3478
3479
3480
3481
3482
3483
3484
3485
3486
3487
3489
3491
3492
3493
3495
3496
3498
3499
3500
3502
3503
3505
3507
3508
3514
3515
3516
3517
3520
3521
3522
3523
3524
3525
3526
3529
3531
3533
3534
3536
3537
3538
3540
3541
3542
3544
3546
3547
3548
3549
3551
3552
3555
3556
3557
3560
3561
3563
3564
3567
3569
3571
3573
3575
3576
3579
3580
3581
3582
3584
3586
3587
3589
3590
3591
3592
3594
3595
3597
3598
3599
3601
3602
3603
3605
3606
3607
3608
3609
3610
3611
3612
3615
3616
3617
3620
3623
3624
3628
3630
3632
3634
3635
3637
3638
3639
3640
3642
3643
3647
3654
3655
3656
3658
3659
3660
3662
3663
3664
3665
3669
3670
3671
3672
3673
3674
3675
3677
3680
3682
3683
3685
3686
3687
3688
3689
3692
3695
3699
3700
3701
3702
3703
3705
3707
3708
3711
3712
3713
3714
3716
3717
3718
3719
3720
3722
3723
3724
3725
3727
3728
3729
3731
3735
3737
3738
3740
3741
3742
3743
3744
3745
3747
3749
3750
3754
3757
3758
3759
3760
3763
3764
3766
3768
3770
3771
3772
3775
3777
3781
3784
3785
3786
3788
3789
3791
3793
3795
3796
3797
3798
3799
3800
3802
3805
3809
3810
3813
3814
3815
3816
3817
3821
3822
3823
3824
3825
3826
3827
3829
3830
3832
3833
3835
3838
3844
3845
3847
3848
3850
3853
3854
3857
3858
3859
3860
3862
3863
3864
3865
3866
3867
3868
3869
3872
3873
3875
3876
3877
3879
3880
3881
3885
3886
3887
3888
3889
3890
3891
3892
3894
3896
3898
3899
3902
3904
3905
3906
3907
3908
3909
3910
3911
3913
3914
3915
3917
3920
3922
3923
3927
3930
3933
3936
3937
3938
3940
3941
3942
3943
3944
3946
3947
3948
3950
3951
3952
3954
3957
3958
3961
3962
3963
3964
3966
3970
3971
3977
3978
3981
3982
3985
3987
3992
3993
3994
3996
3997
3998
3999
4003
4004
4005
4006
4007
4009
4013
4015
4016
4019
4020
4021
4022
4025
4026
4030
4031
4032
4034
4036
4037
4038
4039
4040
4041
4042
4043
4044
4045
4046
4047
4048
4050
4051
4054
4055
4056
4057
4059
4060
4065
4066
4067
4068
4071
4073
4075
4076
4077
4078
4079
4082
4088
4090
4092
4094
4095
4096
4097
4099
4100
4102
4104
4105
4107
4110
4112
4115
4116
4117
4118
4121
4122
4124
4125
4126
4127
4128
4130
4134
4135
4136
4137
4140
4141
4143
4144
4147
4148
4149
4150
4151
4152
4154
4156
4157
4158
4161
4164
4166
4167
4168
4171
4172
4174
4175
4177
4178
4180
4181
4183
4186
4189
4190
4191
4193
4196
4198
4199
4202
4206
4207
4211
4212
4215
4216
4217
4218
4219
4220
4222
4223
4224
4225
4226
4228
4229
4231
4232
4233
4237
4238
4239
4240
4241
4244
4246
4247
4248
4251
4253
4255
4259
4260
4263
4264
4265
4267
4270
4271
4272
4273
4274
4275
4278
4279
4280
4281
4287
4288
4292
4293
4294
4295
4297
4298
4300
4305
4306
4308
4310
4311
4313
4314
4315
4317
4318
4319
4320
4321
4322
4323
4325
4326
4328
4329
4334
4335
4337
4340
4341
4342
4346
4347
4348
4351
4352
4353
4354
4356
4359
4361
4362
4364
4365
4367
4371
4372
4374
4376
4377
4381
4382
4383
4384
4385
4386
4389
4390
4392
4393
4395
4396
4397
4399
4400
4401
4402
4405
4406
4408
4409
4411
4413
4414
4416
4419
4422
4423
4424
4426
4430
4431
4432
4433
4434
4435
4436
4438
4439
4441
4442
4444
4445
4446
4447
4448
4450
4451
4453
4457
4461
4464
4465
4467
4469
4471
4475
4476
4477
4478
4479
4480
4482
4483
4485
4486
4488
4490
4491
4492
4494
4495
4496
4497
4498
4499
4500
4502
4504
4507
4511
4512
4513
4515
4516
4518
4521
4523
4525
4526
4527
4528
4529
4530
4532
4533
4534
4535
4536
4538
4539
4541
4543
4544
4545
4546
4549
4552
4553
4559
4562
4563
4565
4566
4567
4569
4570
4571
4572
4574
4575
4576
4577
4579
4580
4581
4584
4585
4588
4590
4592
4595
4596
4598
4601
4602
4603
4604
4605
4607
4608
4609
4611
4612
4613
4614
4615
4616
4618
4619
4620
4621
4628
4629
4630
4635
4636
4639
4640
4641
4644
4649
4650
4651
4652
4655
4656
4657
4660
4663
4665
4666
4668
4670
4672
4673
4674
4679
4680
4682
4683
4684
4685
4688
4690
4691
4693
4694
4695
4696
4697
4699
4702
4706
4707
4708
4710
4711
4712
4713
4714
4715
4717
4718
4721
4722
4723
4725
4727
4728
4730
4732
4733
4734
4735
4740
4741
4743
4746
4747
4748
4749
4750
4752
4754
4755
4757
4759
4762
4764
4767
4771
4774
4775
4777
4778
4780
4782
4783
4788
4789
4790
4791
4792
4793
4794
4795
4796
4798
4799
4800
4802
4803
4804
4805
4809
4810
4811
4815
4818
4819
4821
4823
4824
4825
4826
4828
4832
4835
4836
4837
4838
4839
4840
4842
4843
4844
4846
4849
4850
4852
4861
4862
4865
4866
4867
4871
4873
4874
4875
4876
4877
4879
4882
4883
4884
4885
4892
4894
4897
4902
4905
4906
4907
4908
4909
4910
4913
4916
4917
4919
4920
4921
4923
4924
4925
4927
4929
4930
4932
4933
4934
4936
4938
4939
4940
4941
4942
4943
4944
4946
4950
4952
4953
4956
4958
4960
4962
4963
4964
4966
4967
4968
4970
4971
4972
4973
4974
4975
4976
4979
4981
4983
4984
4986
4987
4991
4992
4993
4994
4995
4996
4999
5000
5001
5003
5004
5005
5007
5008
5010
5011
5013
5014
5015
5016
5019
5022
5023
5027
5028
5029
5032
5033
5035
5036
5040
5041
5045
5047
5048
5053
5054
5056
5057
5061
5062
5064
5065
5066
5067
5068
5069
5070
5071
5072
5074
5077
5081
5083
5086
5088
5090
5091
5093
5094
5095
5096
5097
5098
5099
5102
5103
5104
5105
5107
5110
5111
5112
5114
5115
5116
5117
5120
5122
5124
5127
5131
5132
5133
5137
5138
5140
5141
5142
5144
5146
5147
5148
5149
5150
5152
5153
5154
5155
5156
5158
5159
5160
5161
5164
5165
5167
5170
5171
5173
5174
5178
5179
5180
5181
5182
5183
5184
5185
5186
5187
5189
5190
5193
5194
5195
5196
5197
5199
5200
5201
5202
5204
5205
5206
5211
5213
5215
5216
5217
5218
5222
5224
5225
5227
5231
5234
5238
5241
5242
5245
5246
5248
5249
5250
5251
5252
5253
5254
5258
5259
5260
5261
5263
5265
5266
5268
5269
5271
5272
5273
5275
5276
5278
5280
5281
5284
5289
5290
5291
5296
5299
5302
5304
5305
5306
5307
5308
5312
5313
5314
5315
5317
5318
5319
5320
5321
5324
5325
5326
5330
5331
5333
5334
5337
5339
5341
5342
5343
5345
5346
5347
5348
5350
5352
5353
5355
5356
5357
5358
5360
5361
5362
5369
5371
5372
5373
5374
5376
5377
5378
5380
5381
5382
5385
5387
5388
5389
5391
5396
5399
5400
5401
5406
5407
5408
5410
5411
5413
5414
5415
5420
5421
5422
5423
5424
5425
5426
5427
5428
5429
5430
5431
5435
5439
5441
5445
5447
5448
5449
5450
5451
5452
5454
5458
5459
5460
5461
5462
5463
5465
5468
5471
5473
5474
5475
5476
5477
5478
5481
5484
5485
5487
5488
5495
5498
5500
5501
5503
5504
5505
5506
5507
5508
5511
5512
5513
5515
5516
5519
5521
5522
5523
5524
5525
5526
5527
5531
5532
5533
5534
5535
5538
5539
5542
5543
5545
5546
5548
5549
5551
5554
5558
5559
5560
5562
5567
5570
5574
5575
5578
5580
5582
5583
5584
5589
5590
5594
5595
5599
5601
5604
5605
5606
5607
5608
5609
5610
5612
5613
5616
5617
5618
5619
5621
5622
5623
5627
5628
5629
5631
5633
5634
5635
5638
5639
5640
5642
5643
5644
5645
5646
5649
5651
5652
5654
5655
5657
5658
5661
5664
5665
5666
5667
5668
5670
5672
5673
5674
5675
5676
5677
5679
5680
5681
5682
5683
5684
5685
5686
5687
5688
5689
5690
5691
5693
5694
5695
5696
5697
5698
5699
5700
5701
5703
5704
5706
5708
5712
5713
5714
5715
5717
5718
5719
5720
5721
5723
5724
5725
5727
5728
5729
5730
5733
5734
5735
5736
5737
5741
5743
5744
5745
5747
5748
5749
5751
5752
5753
5756
5757
5758
5761
5762
5766
5769
5770
5772
5775
5776
5778
5779
5780
5781
5782
5787
5788
5789
5790
5791
5792
5794
5801
5804
5805
5806
5807
5808
5809
5813
5816
5817
5819
5820
5822
5824
5827
5830
5831
5832
5835
5836
5838
5840
5843
5844
5847
5848
5851
5852
5853
5856
5857
5859
5860
5861
5863
5864
5865
5867
5869
5870
5872
5873
5876
5880
5882
5883
5886
5887
5888
5889
5890
5891
5892
5895
5896
5897
5900
5901
5904
5905
5906
5909
5910
5911
5912
5913
5914
5916
5917
5919
5921
5925
5926
5927
5928
5929
5930
5932
5934
5937
5939
5940
5941
5942
5943
5947
5948
5950
5952
5953
5955
5958
5961
5963
5964
5965
5970
5975
5976
5977
5979
5980
5981
5982
5983
5984
5986
5988
5990
5991
5993
5994
5996
5997
5999
6001
6004
6006
6007
6009
6010
6014
6015
6016
6017
6018
6020
6022
6025
6026
6028
6029
6030
6031
6032
6033
6034
6035
6037
6040
6041
6044
6045
6046
6047
6048
6051
6052
6053
6055
6056
6060
6062
6065
6067
6068
6069
6070
6071
6072
6073
6074
6075
6076
6079
6080
6081
6082
6083
6084
6085
6090
6096
6097
6099
6100
6101
6102
6105
6106
6107
6108
6109
6114
6115
6116
6117
6118
6119
6122
6123
6124
6126
6127
6128
6138
6139
6142
6143
6145
6146
6149
6150
6151
6153
6155
6156
6157
6159
6162
6163
6165
6166
6167
6168
6169
6170
6171
6173
6174
6175
6177
6178
6181
6185
6187
6188
6192
6193
6194
6196
6198
6199
6200
6203
6204
6207
6208
6209
6211
6212
6214
6215
6217
6218
6219
6221
6222
6223
6227
6228
6229
6230
6232
6233
6234
6235
6238
6241
6242
6243
6246
6247
6249
6250
6251
6252
6259
6260
6262
6264
6268
6270
6272
6274
6275
6277
6278
6280
6281
6282
6283
6284
6285
6288
6289
6290
6292
6293
6296
6298
6299
6300
6302
6303
6307
6309
6311
6315
6316
6318
6319
6325
6327
6328
6329
6330
6332
6334
6335
6336
6338
6343
6346
6347
6348
6351
6352
6353
6354
6355
6356
6358
6362
6363
6364
6367
6369
6370
6372
6373
6374
6376
6377
6378
6379
6380
6382
6383
6384
6385
6387
6389
6391
6392
6394
6395
6396
6397
6398
6399
6401
6404
6406
6407
6408
6413
6416
6417
6419
6420
6421
6422
6423
6425
6426
6427
6428
6429
6430
6431
6433
6434
6437
6440
6441
6443
6444
6445
6450
6452
6454
6455
6456
6458
6459
6461
6465
6466
6469
6470
6471
6472
6473
6475
6476
6478
6480
6481
6483
6486
6488
6489
6490
6492
6499
6502
6503
6505
6506
6508
6509
6510
6515
6516
6517
6518
6519
6520
6523
6524
6526
6529
6530
6531
6534
6535
6538
6542
6543
6544
6546
6547
6549
6550
6552
6553
6554
6558
6559
6560
6561
6563
6564
6565
6566
6567
6569
6570
6573
6574
6575
6576
6578
6579
6581
6583
6585
6588
6591
6592
6595
6597
6599
6601
6604
6605
6606
6607
6608
6610
6612
6614
6615
6616
6617
6618
6620
6621
6622
6623
6625
6626
6627
6629
6630
6632
6634
6636
6640
6641
6643
6644
6645
6647
6649
6650
6651
6652
6654
6655
6656
6657
6658
6661
6662
6665
6669
6670
6672
6674
6675
6676
6677
6679
6681
6683
6686
6687
6688
6689
6692
6693
6694
6695
6698
6699
6701
6702
6704
6705
6706
6707
6708
6709
6711
6712
6714
6717
6720
6723
6724
6725
6726
6727
6728
6732
6734
6735
6740
6741
6742
6746
6748
6749
6750
6752
6755
6758
6759
6760
6761
6764
6765
6766
6770
6771
6772
6777
6779
6786
6790
6792
6793
6794
6797
6798
6799
6800
6801
6804
6807
6811
6813
6818
6820
6821
6822
6825
6826
6829
6831
6832
6834
6836
6837
6838
6839
6840
6841
6844
6845
6846
6849
6850
6852
6853
6854
6856
6857
6858
6859
6860
6862
6864
6868
6869
6870
6871
6872
6874
6875
6876
6878
6880
6884
6887
6888
6890
6892
6893
6894
6897
6898
6900
6901
6903
6905
6906
6907
6908
6909
6910
6912
6914
6917
6921
6922
6924
6928
6929
6930
6931
6933
6934
6935
6936
6937
6938
6939
6940
6941
6943
6944
6949
6950
6952
6953
6955
6956
6958
6959
6961
6964
6965
6966
6967
6969
6970
6971
6972
6973
6975
6976
6977
6981
6984
6985
6986
6988
6989
6990
6992
6993
6994
6995
6997
6998
6999
7000
7002
7004
7007
7009
7010
7011
7013
7016
7017
7018
7021
7023
7024
7025
7028
7029
7031
7033
7034
7035
7036
7037
7038
7039
7040
7042
7043
7044
7045
7047
7049
7050
7051
7052
7053
7055
7056
7057
7058
7059
7063
7064
7065
7070
7071
7072
7074
7075
7076
7079
7082
7086
7087
7089
7090
7091
7094
7095
7096
7099
7100
7101
7102
7107
7108
7109
7111
7113
7114
7115
7116
7117
7118
7119
7120
7121
7122
7123
7128
7129
7131
7135
7136
7137
7138
7139
7140
7142
7143
7144
7145
7148
7149
7152
7154
7155
7156
7157
7158
7160
7162
7163
7167
7168
7171
7175
7176
7177
7178
7179
7181
7182
7183
7185
7186
7187
7190
7191
7193
7195
7199
7200
7201
7202
7203
7205
7206
7208
7209
7210
7213
7214
7216
7217
7218
7224
7225
7227
7228
7229
7230
7231
7232
7233
7234
7235
7237
7240
7242
7243
7244
7245
7247
7248
7249
7250
7251
7252
7254
7255
7256
7257
7260
7261
7263
7264
7265
7266
7268
7269
7271
7273
7274
7275
7276
7279
7281
7283
7284
7285
7289
7292
7296
7297
7298
7302
7304
7306
7307
7308
7309
7314
7316
7317
7322
7323
7327
7330
7332
7335
7336
7337
7338
7339
7340
7341
7342
7343
7344
7346
7347
7350
7352
7353
7355
7359
7360
7361
7362
7363
7364
7365
7370
7373
7374
7375
7376
7377
7378
7379
7380
7381
7382
7383
7384
7386
7389
7390
7391
7394
7399
7402
7403
7404
7405
7406
7407
7409
7410
7412
7413
7415
7416
7417
7420
7421
7423
7424
7425
7427
7428
7429
7430
7432
7434
7435
7436
7444
7446
7447
7448
7450
7453
7454
7457
7458
7460
7461
7466
7468
7470
7471
7472
7473
7474
7476
7477
7480
7482
7483
7484
7486
7489
7490
7491
7492
7494
7495
7496
7497
7499
7501
7502
7503
7504
7505
7506
7507
7508
7509
7510
7511
7512
7513
7514
7515
7516
7517
7518
7521
7523
7525
7529
7530
7533
7534
7537
7538
7540
7541
7545
7546
7550
7553
7554
7555
7556
7557
7559
7560
7563
7564
7565
7566
7568
7569
7571
7572
7573
7574
7576
7577
7578
7580
7582
7584
7585
7588
7589
7591
7592
7593
7594
7597
7598
7601
7602
7603
7604
7607
7608
7609
7610
7613
7619
7621
7622
7623
7624
7626
7629
7630
7631
7632
7635
7638
7640
7642
7645
7648
7649
7650
7651
7653
7654
7656
7658
7659
7660
7663
7664
7665
7666
7667
7668
7669
7670
7671
7672
7673
7675
7677
7680
7681
7683
7684
7685
7687
7691
7692
7696
7697
7700
7702
7703
7704
7705
7706
7707
7709
7711
7712
7713
7714
7717
7719
7720
7721
7722
7723
7724
7726
7727
7728
7729
7730
7731
7733
7734
7736
7739
7743
7747
7749
7751
7753
7755
7756
7757
7758
7759
7760
7762
7763
7765
7766
7768
7769
7771
7773
7774
7775
7778
7780
7781
7782
7783
7785
7787
7788
7789
7790
7791
7792
7794
7795
7796
7797
7798
7800
7803
7805
7815
7816
7817
7821
7822
7823
7824
7825
7826
7827
7828
7829
7830
7832
7833
7836
7837
7839
7840
7841
7842
7844
7846
7848
7849
7852
7853
7856
7858
7859
7861
7862
7863
7864
7869
7871
7872
7873
7874
7876
7877
7878
7880
7881
7882
7885
7886
7887
7888
7890
7891
7892
7894
7895
7898
7900
7903
7904
7905
7907
7908
7909
7911
7912
7914
7915
7917
7918
7919
7920
7922
7924
7926
7927
7928
7929
7931
7932
7933
7936
7937
7938
7939
7941
7942
7943
7944
7945
7947
7948
7949
7951
7952
7953
7955
7956
7958
7959
7960
7965
7966
7969
7971
7972
7975
7976
7981
7982
7984
7986
7987
7988
7989
7990
7991
7993
7998
8000
8003
8004
8008
8010
8011
8012
8014
8015
8017
8018
8019
8020
8021
8022
8023
8026
8027
8028
8029
8031
8032
8033
8034
8035
8037
8039
8040
8042
8043
8046
8047
8048
8049
8051
8052
8053
8054
8055
8056
8057
8058
8061
8063
8064
8065
8070
8079
8080
8081
8082
8083
8084
8085
8087
8088
8089
8094
8095
8096
8098
8102
8103
8104
8105
8106
8109
8112
8113
8115
8116
8118
8120
8121
8123
8124
8127
8132
8133
8135
8136
8140
8142
8143
8145
8146
8147
8148
8151
8153
8154
8157
8161
8163
8167
8168
8169
8171
8172
8173
8177
8179
8180
8181
8182
8185
8187
8188
8190
8191
8192
8193
8195
8197
8201
8202
8203
8204
8206
8211
8214
8217
8218
8219
8220
8221
8222
8225
8226
8227
8228
8229
8232
8236
8238
8239
8240
8242
8244
8245
8246
8247
8249
8250
8252
8259
8262
8264
8265
8266
8268
8269
8270
8271
8273
8274
8275
8277
8278
8279
8280
8281
8283
8284
8290
8293
8294
8297
8298
8299
8301
8302
8303
8305
8306
8307
8308
8309
8311
8313
8314
8317
8318
8319
8322
8324
8325
8326
8327
8328
8330
8331
8332
8333
8334
8335
8336
8337
8339
8340
8343
8344
8345
8346
8348
8350
8352
8353
8354
8355
8357
8359
8362
8363
8364
8370
8371
8373
8374
8375
8378
8379
8380
8381
8383
8384
8385
8387
8390
8392
8393
8394
8395
8397
8398
8402
8403
8406
8407
8409
8410
8412
8414
8415
8416
8419
8421
8424
8425
8426
8430
8431
8432
8433
8437
8438
8442
8443
8444
8445
8447
8448
8449
8451
8453
8454
8455
8458
8459
8461
8462
8463
8464
8465
8466
8467
8468
8470
8472
8475
8476
8477
8478
8482
8484
8485
8486
8487
8488
8491
8492
8494
8495
8499
8501
8502
8503
8507
8508
8510
8511
8513
8514
8515
8516
8517
8519
8521
8522
8533
8536
8537
8539
8541
8544
8546
8547
8548
8549
8551
8552
8554
8555
8560
8562
8563
8564
8565
8567
8569
8572
8573
8576
8578
8580
8581
8582
8585
8586
8588
8589
8590
8591
8592
8593
8594
8598
8601
8604
8605
8608
8609
8610
8611
8612
8615
8616
8617
8618
8619
8622
8627
8630
8631
8632
8633
8635
8636
8637
8639
8640
8641
8643
8644
8647
8649
8650
8651
8653
8655
8656
8659
8661
8662
8663
8664
8665
8666
8667
8672
8673
8677
8678
8679
8683
8684
8686
8690
8691
8692
8693
8696
8697
8698
8700
8703
8706
8709
8710
8711
8712
8713
8715
8716
8717
8718
8719
8720
8721
8722
8723
8726
8728
8729
8731
8733
8736
8737
8738
8743
8745
8746
8748
8749
8751
8752
8755
8757
8759
8760
8762
8763
8765
8767
8769
8770
8772
8775
8778
8779
8780
8781
8782
8784
8785
8786
8787
8789
8790
8791
8793
8794
8795
8796
8798
8800
8801
8802
8803
8805
8806
8807
8808
8809
8812
8814
8817
8818
8821
8823
8824
8825
8826
8827
8828
8829
8831
8832
8833
8834
8836
8837
8839
8843
8844
8848
8850
8853
8855
8856
8857
8858
8860
8862
8864
8866
8867
8868
8869
8870
8874
8877
8878
8881
8882
8884
8885
8888
8889
8890
8891
8892
8894
8895
8897
8899
8900
8901
8902
8903
8904
8906
8907
8908
8909
8911
8912
8917
8919
8923
8924
8925
8927
8929
8930
8931
8932
8933
8934
8943
8944
8945
8948
8949
8950
8952
8954
8955
8956
8959
8961
8963
8964
8965
8966
8967
8971
8972
8974
8975
8979
8980
8981
8982
8983
8984
8988
8989
8991
8992
8993
8996
8998
8999
9000
9002
9004
9005
9006
9007
9009
9010
9011
9012
9013
9014
9015
9016
9018
9020
9023
9026
9028
9030
9031
9035
9039
9041
9042
9043
9044
9046
9047
9050
9053
9057
9061
9063
9064
9067
9068
9072
9073
9074
9076
9078
9080
9082
9083
9084
9085
9088
9091
9094
9095
9096
9097
9098
9100
9103
9104
9105
9106
9107
9109
9111
9112
9113
9115
9116
9117
9118
9119
9120
9122
9125
9127
9130
9131
9132
9134
9137
9140
9142
9143
9146
9147
9151
9154
9156
9157
9158
9159
9160
9161
9165
9166
9170
9174
9179
9180
9187
9188
9189
9191
9193
9196
9201
9203
9204
9205
9212
9213
9216
9217
9219
9220
9221
9222
9224
9226
9228
9230
9232
9233
9236
9238
9239
9240
9242
9243
9244
9247
9248
9249
9251
9253
9254
9257
9258
9259
9261
9262
9263
9264
9265
9269
9270
9271
9272
9273
9275
9279
9280
9281
9285
9286
9288
9290
9291
9292
9296
9298
9299
9300
9301
9304
9307
9308
9311
9313
9315
9316
9317
9319
9323
9329
9330
9334
9336
9338
9340
9341
9344
9345
9347
9348
9349
9350
9351
9356
9357
9360
9363
9364
9365
9366
9367
9369
9371
9372
9373
9374
9379
9382
9383
9384
9385
9386
9390
9392
9395
9398
9399
9401
9402
9404
9406
9408
9412
9413
9414
9417
9418
9419
9420
9422
9423
9426
9427
9428
9429
9432
9433
9435
9436
9437
9438
9439
9440
9443
9444
9445
9448
9449
9450
9452
9454
9455
9457
9460
9461
9462
9464
9465
9466
9467
9468
9469
9470
9473
9474
9476
9477
9479
9480
9481
9484
9487
9488
9489
9491
9492
9493
9494
9498
9499
9502
9503
9504
9505
9507
9508
9509
9510
9511
9513
9514
9515
9516
9518
9520
9521
9522
9524
9525
9526
9528
9529
9534
9535
9539
9540
9541
9542
9543
9545
9546
9547
9549
9552
9553
9554
9555
9560
9563
9564
9565
9567
9570
9571
9572
9575
9578
9579
9584
9588
9589
9590
9591
9592
9593
9595
9596
9597
9599
9601
9602
9603
9604
9606
9608
9609
9610
9611
9615
9617
9619
9621
9623
9625
9628
9629
9630
9631
9632
9635
9636
9638
9639
9642
9643
9644
9647
9648
9649
9651
9653
9654
9656
9657
9658
9659
9660
9661
9663
9665
9666
9667
9669
9670
9671
9672
9675
9678
9679
9681
9682
9683
9687
9688
9689
9690
9691
9692
9693
9694
9697
9699
9700
9701
9702
9704
9705
9706
9707
9708
9709
9710
9714
9720
9722
9723
9724
9725
9727
9729
9730
9734
9735
9737
9738
9740
9741
9743
9744
9746
9747
9748
9749
9751
9752
9753
9755
9756
9757
9758
9759
9760
9761
9762
9763
9765
9769
9770
9772
9773
9775
9776
9777
9778
9781
9782
9783
9785
9786
9790
9793
9794
9795
9797
9798
9799
9802
9805
9807
9810
9812
9813
9815
9817
9818
9821
9823
9826
9829
9830
9831
9832
9833
9834
9835
9838
9839
9842
9844
9845
9848
9849
9850
9855
9856
9858
9859
9861
9862
9863
9864
9865
9866
9868
9869
9870
9876
9877
9879
9881
9882
9883
9884
9886
9887
9888
9890
9893
9894
9895
9897
9898
9901
9902
9903
9907
9908
9909
9910
9911
9914
9915
9916
9917
9919
9921
9922
9924
9926
9928
9929
9930
9931
9933
9934
9936
9939
9940
9942
9943
9944
9945
9946
9947
9952
9953
9954
9956
9957
9958
9959
9960
9961
9962
9963
9964
9965
9967
9968
9969
9971
9972
9974
9975
9977
9979
9981
9983
9984
9985
9991
9993
9994
9995
9996
9999
10001
10002
10003
10004
10006
10009
10012
10015
10017
10020
10023
10027
10028
10029
10031
10032
10033
10035
10036
10037
10038
10039
10041
10042
10044
10046
10047
10049
10051
10052
10053
10055
10056
10057
10058
10060
10062
10064
10066
10067
10070
10071
10073
10074
10077
10078
10079
10081
10082
10083
10086
10087
10088
10089
10092
10093
10094
10097
10098
10099
10101
10102
10103
10104
10106
10107
10109
10112
10113
10120
10121
10124
10125
10126
10127
10128
10129
10130
10132
10133
10135
10138
10139
10140
10144
10145
10146
10147
10148
10149
10150
10151
10152
10153
10154
10155
10156
10158
10159
10160
10161
10162
10163
10165
10168
10169
10170
10172
10174
10175
10176
10177
10178
10179
10180
10181
10183
10185
10186
10187
10188
10191
10192
10197
10198
10199
10201
10202
10203
10205
10206
10208
10211
10212
10214
10215
10217
10220
10224
10225
10226
10227
10230
10231
10232
10233
10235
10236
10237
10238
10240
10241
10242
10243
10244
10245
10247
10248
10249
10251
10252
10255
10258
10259
10260
10262
10264
10265
10266
10267
10268
10269
10270
10271
10273
10275
10276
10277
10278
10280
10283
10284
10287
10288
10289
10291
10294
10295
10296
10297
10298
10300
10302
10303
10308
10309
10310
10314
10316
10317
10319
10320
10321
10322
10326
10329
10330
10331
10334
10336
10337
10338
10341
10343
10344
10345
10346
10349
10351
10352
10353
10357
10359
10361
10362
10365
10366
10369
10371
10372
10373
10374
10377
10379
10381
10382
10384
10387
10388
10389
10390
10392
10393
10394
10395
10396
10397
10399
10400
10401
10402
10404
10406
10407
10410
10411
10412
10413
10414
10417
10419
10421
10422
10424
10425
10428
10429
10431
10433
10434
10437
10438
10439
10441
10442
10443
10444
10446
10448
10451
10452
10454
10458
10459
10460
10461
10462
10464
10467
10470
10473
10478
10479
10480
10481
10482
10483
10484
10487
10489
10490
10491
10493
10494
10496
10499
10502
10505
10506
10507
10508
10511
10512
10513
10514
10515
10516
10517
10518
10519
10520
10521
10522
10525
10526
10527
10529
10530
10534
10538
10539
10543
10544
10545
10546
10547
10548
10549
10551
10552
10553
10555
10556
10557
10559
10560
10562
10563
10565
10568
10570
10572
10573
10576
10577
10578
10580
10582
10584
10585
10586
10588
10591
10592
10593
10594
10595
10600
10604
10605
10607
10610
10611
10612
10613
10614
10616
10617
10618
10621
10622
10628
10630
10632
10635
10637
10639
10640
10641
10642
10644
10645
10648
10649
10650
10651
10652
10653
10654
10656
10657
10658
10659
10661
10662
10663
10664
10666
10667
10668
10670
10671
10672
10673
10674
10676
10677
10678
10679
10680
10681
10682
10684
10685
10687
10689
10690
10691
10693
10694
10695
10696
10703
10704
10706
10707
10708
10710
10712
10714
10715
10716
10718
10719
10720
10721
10722
10724
10725
10728
10729
10730
10731
10733
10734
10735
10738
10739
10741
10742
10744
10745
10749
10750
10758
10760
10761
10763
10765
10767
10769
10770
10771
10772
10774
10776
10779
10780
10781
10783
10784
10787
10789
10791
10792
10793
10794
10797
10798
10799
10800
10801
10805
10811
10812
10818
10821
10822
10823
10824
10827
10828
10829
10830
10832
10833
10836
10837
10838
10839
10841
10842
10843
10845
10846
10847
10848
10849
10850
10851
10852
10854
10856
10857
10858
10859
10862
10864
10867
10870
10871
10872
10875
10876
10883
10885
10886
10888
10889
10890
10891
10893
10900
10902
10904
10906
10910
10911
10912
10913
10914
10916
10917
10918
10919
10920
10921
10922
10923
10927
10930
10932
10935
10936
10937
10938
10939
10943
10945
10946
10947
10948
10950
10951
10952
10953
10956
10959
10960
10961
10967
10968
10971
10972
10973
10975
10979
10980
10982
10983
10984
10985
10987
10988
10990
10991
10992
10993
10996
10998
11000
11001
11002
11003
11006
11007
11008
11009
11010
11011
11013
11014
11016
11017
11020
11023
11024
11026
11028
11029
11033
11035
11036
11038
11042
11046
11050
11051
11052
11054
11055
11056
11057
11058
11059
11060
11062
11063
11064
11066
11068
11069
11070
11072
11073
11074
11075
11077
11078
11081
11082
11088
11090
11091
11096
11097
11098
11100
11101
11104
11105
11106
11108
11109
11110
11114
11115
11118
11119
11120
11121
11122
11123
11124
11126
11127
11128
11129
11130
11131
11132
11133
11134
11136
11138
11140
11142
11144
11146
11149
11150
11151
11152
11154
11155
11156
11157
11158
11161
11163
11164
11165
11166
11167
11169
11170
11172
11173
11174
11175
11176
11177
11178
11179
11180
11181
11182
11185
11186
11187
11189
11190
11191
11193
11195
11199
11200
11201
11205
11206
11207
11208
11211
11212
11213
11214
11215
11217
11219
11220
11223
11224
11225
11226
11227
11228
11231
11234
11236
11239
11240
11242
11243
11244
11246
11247
11249
11250
11253
11254
11255
11256
11257
11259
11260
11263
11264
11266
11267
11269
11270
11271
11272
11273
11274
11277
11278
11280
11282
11283
11284
11286
11287
11288
11289
11290
11296
11297
11301
11302
11305
11306
11309
11313
11314
11315
11316
11318
11320
11325
11329
11330
11332
11333
11334
11335
11336
11338
11339
11340
11341
11344
11345
11346
11347
11348
11351
11355
11356
11358
11360
11361
11362
11363
11365
11366
11367
11368
11369
11372
11373
11375
11377
11384
11386
11387
11388
11390
11396
11398
11399
11401
11404
11406
11408
11409
11410
11412
11413
11415
11416
11417
11419
11421
11422
11423
11425
11426
11427
11428
11429
11430
11432
11434
11437
11438
11442
11443
11444
11449
11450
11451
11452
11453
11454
11455
11456
11458
11459
11460
11465
11466
11468
11469
11470
11475
11476
11477
11478
11481
11482
11484
11485
11487
11488
11490
11494
11497
11498
11499
11501
11502
11507
11513
11514
11516
11517
11519
11520
11521
11522
11523
11525
11527
11528
11529
11530
11531
11533
11538
11539
11540
11542
11545
11547
11548
11549
11552
11553
11554
11555
11556
11557
11558
11559
11560
11561
11563
11567
11569
11570
11571
11572
11573
11575
11576
11578
11580
11582
11584
11585
11586
11588
11589
11591
11592
11594
11595
11596
11597
11599
11600
11601
11602
11606
11607
11608
11609
11611
11613
11614
11615
11616
11618
11619
11620
11621
11622
11624
11625
11628
11630
11631
11634
11637
11638
11639
11640
11641
11642
11645
11646
11647
11652
11654
11656
11659
11660
11662
11663
11664
11667
11669
11670
11673
11677
11678
11682
11684
11685
11689
11692
11696
11697
11698
11699
11700
11702
11704
11705
11706
11707
11708
11709
11712
11714
11717
11718
11719
11722
11723
11725
11730
11733
11734
11736
11737
11739
11741
11745
11749
11750
11753
11755
11756
11757
11758
11761
11762
11763
11765
11767
11768
11769
11770
11771
11773
11776
11780
11784
11788
11790
11791
11793
11795
11796
11797
11799
11800
11801
11803
11804
11805
11808
11810
11812
11813
11814
11816
11817
11819
11823
11825
11826
11827
11828
11830
11831
11832
11842
11843
11847
11848
11849
11850
11852
11853
11854
11855
11856
11859
11865
11866
11867
11868
11869
11870
11871
11872
11873
11874
11877
11878
11879
11880
11881
11882
11883
11885
11886
11887
11889
11890
11891
11893
11894
11896
11900
11901
11906
11907
11911
11912
11913
11914
11915
11916
11917
11918
11919
11921
11923
11925
11926
11927
11928
11929
11931
11934
11936
11937
11939
11940
11941
11944
11945
11946
11953
11954
11955
11956
11959
11960
11962
11963
11964
11965
11967
11968
11970
11971
11973
11974
11977
11978
11979
11980
11982
11983
11984
11985
11986
11987
11989
11990
11991
11993
11995
11997
11999
12000
12003
12006
12008
12009
12010
12018
12019
12020
12021
12025
12026
12027
12028
12030
12031
12032
12034
12035
12036
12037
12040
12041
12043
12044
12047
12048
12049
12050
12055
12056
12058
12060
12063
12067
12069
12070
12072
12073
12075
12079
12080
12082
12083
12084
12085
12087
12088
12089
12090
12092
12097
12098
12100
12102
12105
12106
12108
12109
12112
12113
12118
12120
12122
12123
12125
12126
12127
12128
12130
12132
12136
12137
12141
12142
12143
12146
12148
12149
12152
12154
12155
12158
12160
12161
12162
12164
12165
12172
12174
12175
12177
12180
12181
12182
12183
12189
12190
12191
12193
12195
12196
12197
12198
12204
12209
12210
12211
12212
12213
12214
12218
12219
12220
12221
12224
12225
12226
12230
12232
12233
12236
12237
12238
12239
12240
12241
12242
12244
12245
12247
12248
12250
12251
12252
12253
12254
12255
12256
12257
12259
12261
12262
12263
12266
12268
12270
12272
12275
12276
12277
12278
12279
12281
12282
12283
12284
12285
12287
12289
12290
12292
12295
12298
12300
12304
12305
12310
12315
12316
12317
12318
12319
12320
12321
12323
12325
12326
12328
12330
12331
12332
12334
12335
12336
12338
12339
12344
12346
12347
12348
12349
12350
12352
12354
12355
12356
12357
12359
12361
12362
12363
12364
12365
12368
12369
12370
12371
12374
12375
12376
12377
12378
12379
12380
12388
12391
12392
12393
12394
12395
12399
12400
12401
12403
12404
12407
12408
12412
12413
12415
12417
12418
12420
12423
12424
12427
12428
12429
12431
12432
12433
12434
12439
12443
12444
12446
12448
12451
12452
12454
12455
12456
12460
12461
12463
12464
12466
12467
12472
12473
12474
12477
12478
12479
12480
12481
12482
12483
12484
12485
12486
12488
12489
12490
12492
12494
12497
12498
12502
12503
12504
12506
12507
12508
12510
12511
12513
12514
12515
12516
12517
12518
12519
12520
12521
12523
12524
12525
12527
12528
12532
12533
12535
12536
12538
12539
12540
12541
12542
12544
12545
12547
12548
12550
12552
12553
12554
12555
12557
12560
12561
12562
12563
12564
12565
12566
12567
12568
12569
12570
12571
12572
12574
12576
12577
12578
12579
12582
12583
12584
12585
12586
12588
12589
12590
12591
12592
12593
12594
12596
12598
12600
12601
12602
12603
12605
12606
12607
12610
12611
12613
12615
12616
12619
12620
12622
12623
12625
12626
12627
12628
12632
12633
12635
12636
12639
12640
12642
12643
12644
12645
12646
12647
12648
12649
12650
12651
12652
12654
12655
12657
12659
12661
12662
12663
12667
12668
12671
12672
12675
12676
12677
12680
12685
12686
12691
12692
12694
12695
12696
12698
12699
12701
12703
12704
12707
12709
12710
12711
12715
12717
12719
12720
12721
12722
12723
12724
12725
12726
12727
12730
12731
12732
12733
12734
12735
12738
12739
12741
12743
12744
12747
12748
12749
12751
12752
12753
12754
12755
12756
12758
12760
12761
12762
12763
12765
12766
12767
12769
12770
12771
12772
12774
12775
12776
12777
12778
12779
12780
12781
12783
12785
12786
12787
12788
12789
12791
12792
12796
12798
12799
12800
12803
12804
12805
12806
12809
12810
12812
12813
12814
12815
12819
12820
12822
12823
12824
12827
12829
12830
12831
12832
12834
12835
12836
12837
12838
12843
12846
12847
12851
12852
12853
12854
12857
12858
12862
12863
12865
12866
12867
12869
12870
12875
12876
12877
12878
12879
12880
12881
12882
12883
12884
12885
12886
12887
12888
12890
12893
12895
12896
12898
12899
12900
12901
12902
12904
12906
12908
12911
12912
12913
12914
12916
12917
12918
12919
12922
12923
12924
12925
12926
12927
12928
12929
12931
12932
12933
12934
12935
12936
12937
12938
12942
12943
12944
12948
12949
12950
12953
12954
12956
12957
12959
12960
12961
12962
12963
12964
12965
12966
12970
12973
12974
12981
12983
12984
12985
12986
12987
12989
12991
12992
12993
12994
12995
12996
12997
12998
12999
13000
13004
13005
13008
13010
13011
13013
13015
13017
13018
13020
13022
13023
13024
13028
13029
13032
13035
13036
13040
13042
13044
13045
13046
13047
13051
13052
13053
13054
13058
13059
13062
13063
13067
13068
13069
13072
13074
13075
13077
13079
13081
13082
13083
13084
13087
13088
13089
13090
13092
13094
13095
13096
13098
13099
13100
13101
13102
13105
13106
13107
13108
13109
13112
13113
13114
13115
13116
13118
13119
13120
13121
13122
13124
13125
13126
13127
13130
13131
13132
13133
13134
13136
13137
13138
13140
13142
13143
13144
13145
13148
13149
13155
13156
13157
13159
13160
13162
13163
13164
13165
13166
13168
13171
13173
13174
13176
13177
13178
13179
13181
13183
13185
13186
13187
13188
13190
13191
13194
13195
13196
13198
13199
13200
13202
13203
13204
13205
13207
13208
13211
13213
13214
13216
13218
13220
13221
13224
13226
13228
13231
13233
13234
13235
13236
13237
13238
13239
13242
13243
13244
13247
13248
13251
13253
13257
13258
13259
13261
13264
13265
13266
13269
13270
13272
13274
13275
13276
13277
13278
13279
13281
13285
13286
13287
13288
13289
13290
13291
13292
13293
13294
13296
13297
13298
13300
13301
13303
13305
13306
13307
13308
13309
13310
13311
13312
13313
13314
13315
13316
13318
13319
13320
13321
13323
13324
13327
13328
13329
13331
13332
13333
13334
13335
13337
13338
13341
13342
13343
13344
13345
13346
13350
13352
13353
13354
13356
13357
13360
13364
13365
13366
13367
13369
13370
13371
13373
13375
13376
13377
13378
13379
13380
13381
13382
13383
13384
13385
13387
13389
13390
13393
13394
13397
13398
13399
13400
13401
13403
13408
13410
13411
13412
13416
13418
13419
13421
13422
13423
13424
13425
13429
13430
13431
13438
13440
13441
13442
13443
13445
13449
13451
13454
13456
13460
13461
13462
13464
13465
13466
13467
13469
13470
13471
13472
13477
13479
13481
13482
13483
13485
13486
13487
13491
13492
13494
13496
13497
13498
13500
13501
13503
13504
13505
13506
13507
13508
13511
13512
13517
13518
13519
13520
13522
13524
13525
13526
13527
13528
13529
13531
13533
13535
13537
13538
13540
13541
13542
13543
13544
13545
13548
13550
13551
13552
13553
13554
13555
13556
13558
13559
13560
13561
13562
13564
13565
13567
13571
13572
13576
13577
13582
13583
13584
13586
13588
13589
13592
13593
13594
13595
13596
13597
13598
13600
13603
13605
13606
13607
13608
13609
13610
13612
13613
13614
13615
13616
13617
13618
13619
13621
13624
13625
13626
13627
13629
13630
13631
13632
13634
13635
13636
13638
13640
13642
13645
13647
13650
13651
13653
13654
13655
13659
13662
13666
13667
13668
13669
13670
13671
13672
13673
13674
13675
13678
13679
13681
13682
13684
13685
13686
13691
13694
13695
13697
13698
13699
13700
13701
13702
13703
13704
13705
13707
13708
13710
13713
13716
13720
13721
13724
13725
13726
13727
13728
13730
13732
13733
13734
13735
13736
13737
13744
13745
13747
13748
13749
13751
13756
13760
13761
13762
13764
13765
13766
13771
13774
13775
13777
13778
13779
13780
13783
13784
13787
13788
13790
13791
13793
13796
13797
13800
13801
13804
13805
13806
13808
13809
13810
13811
13812
13814
13818
13819
13820
13821
13823
13825
13828
13829
13830
13831
13835
13836
13839
13840
13843
13845
13846
13849
13850
13851
13852
13853
13854
13855
13856
13857
13858
13859
13860
13861
13864
13865
13867
13868
13871
13872
13873
13874
13876
13877
13878
13879
13880
13884
13889
13890
13891
13895
13896
13897
13898
13899
13902
13903
13905
13906
13908
13909
13914
13917
13918
13919
13921
13923
13925
13926
13928
13929
13932
13933
13935
13936
13937
13938
13939
13941
13942
13943
13944
13947
13950
13952
13953
13954
13955
13958
13959
13960
13963
13964
13965
13967
13969
13970
13971
13973
13975
13976
13977
13978
13979
13981
13982
13983
13984
13986
13988
13990
13992
13993
13994
13995
13996
13997
13998
13999
14001
14002
14006
14010
14011
14015
14016
14017
14018
14019
14021
14022
14023
14024
14025
14026
14027
14028
14029
14030
14032
14033
14035
14037
14038
14041
14045
14046
14048
14049
14051
14053
14054
14057
14058
14059
14060
14062
14064
14065
14066
14067
14068
14069
14070
14071
14072
14073
14074
14075
14077
14078
14079
14080
14083
14084
14086
14087
14089
14091
14092
14094
14096
14099
14101
14102
14104
14106
14111
14112
14113
14115
14118
14120
14121
14122
14125
14126
14129
14130
14132
14133
14136
14137
14138
14139
14144
14145
14146
14149
14150
14151
14152
14153
14154
14155
14156
14157
14158
14159
14160
14162
14166
14167
14168
14169
14171
14172
14173
14174
14175
14176
14178
14179
14181
14186
14188
14189
14190
14191
14192
14193
14194
14196
14197
14198
14199
14201
14202
14203
14204
14205
14206
14207
14209
14210
14211
14212
14214
14217
14220
14221
14222
14223
14227
14228
14229
14230
14231
14234
14238
14240
14241
14242
14245
14247
14249
14250
14254
14255
14257
14259
14261
14262
14263
14265
14266
14267
14269
14271
14273
14274
14275
14276
14277
14278
14281
14282
14285
14286
14289
14293
14296
14298
14299
14300
14301
14302
14303
14305
14307
14310
14312
14314
14315
14317
14318
14319
14320
14321
14326
14327
14328
14330
14331
14332
14333
14335
14336
14337
14338
14339
14340
14341
14344
14345
14346
14347
14349
14352
14353
14355
14356
14357
14358
14359
14360
14361
14364
14365
14366
14367
14369
14370
14374
14379
14380
14381
14382
14383
14384
14385
14386
14387
14388
14389
14392
14393
14394
14395
14398
14399
14400
14401
14403
14409
14410
14414
14416
14417
14418
14419
14420
14421
14422
14424
14426
14427
14428
14433
14434
14436
14437
14438
14439
14443
14444
14445
14449
14450
14452
14453
14457
14458
14462
14467
14468
14470
14471
14473
14474
14475
14476
14477
14478
14480
14481
14482
14485
14487
14489
14491
14493
14495
14496
14497
14499
14507
14508
14512
14513
14514
14515
14516
14517
14519
14520
14521
14523
14524
14526
14527
14531
14532
14533
14534
14536
14537
14538
14539
14541
14542
14543
14544
14549
14550
14551
14552
14553
14556
14558
14561
14562
14564
14565
14566
14567
14568
14574
14576
14577
14578
14579
14580
14581
14586
14587
14588
14590
14591
14593
14596
14599
14600
14601
14602
14603
14604
14605
14607
14610
14613
14615
14616
14617
14619
14621
14622
14624
14625
14626
14627
14628
14629
14631
14632
14636
14637
14638
14640
14642
14644
14646
14648
14649
14653
14656
14657
14665
14667
14668
14669
14672
14676
14677
14679
14680
14681
14685
14686
14687
14688
14689
14691
14697
14698
14699
14700
14701
14704
14705
14708
14709
14710
14711
14712
14713
14714
14716
14717
14719
14720
14721
14722
14724
14726
14728
14731
14733
14734
14735
14736
14737
14738
14740
14743
14744
14745
14746
14747
14749
14750
14751
14753
14754
14756
14758
14760
14761
14763
14765
14768
14769
14770
14772
14773
14774
14776
14777
14778
14780
14781
14785
14786
14787
14788
14789
14790
14791
14797
14798
14799
14800
14803
14804
14807
14809
14810
14813
14815
14818
14819
14820
14821
14822
14823
14825
14826
14829
14830
14832
14835
14836
14839
14840
14841
14842
14844
14847
14848
14849
14851
14852
14853
14855
14858
14860
14861
14864
14866
14873
14875
14876
14878
14879
14880
14882
14884
14885
14888
14891
14892
14894
14895
14898
14899
14900
14901
14906
14907
14909
14910
14912
14914
14915
14917
14920
14921
14922
14923
14926
14927
14928
14931
14933
14934
14935
14936
14937
14944
14945
14947
14949
14953
14954
14955
14956
14957
14959
14962
14963
14964
14965
14967
14969
14971
14973
14975
14979
14980
14981
14982
14983
14984
14986
14988
14989
14991
14994
14995
14996
14998
14999
15001
15002
15003
15005
15007
15008
15009
15010
15012
15015
15016
15017
15018
15019
15020
15021
15022
15023
15025
15027
15028
15030
15031
15032
15034
15035
15036
15038
15039
15041
15044
15047
15050
15051
15053
15054
15055
15056
15058
15059
15060
15067
15070
15073
15075
15076
15077
15079
15082
15083
15084
15086
15087
15089
15091
15092
15093
15094
15096
15098
15099
15100
15101
15102
15104
15105
15109
15113
15114
15116
15117
15118
15119
15121
15122
15125
15128
15129
15132
15133
15134
15135
15137
15138
15143
15144
15145
15146
15151
15152
15153
15156
15158
15159
15162
15163
15164
15165
15166
15167
15169
15171
15172
15173
15178
15179
15181
15182
15184
15185
15186
15188
15189
15190
15191
15193
15194
15195
15197
15198
15199
15200
15201
15203
15204
15205
15206
15208
15209
15210
15212
15214
15215
15216
15217
15219
15221
15222
15223
15224
15228
15229
15230
15231
15232
15233
15234
15235
15237
15238
15240
15241
15244
15245
15246
15247
15249
15250
15251
15253
15254
15255
15257
15259
15262
15263
15264
15265
15266
15268
15273
15274
15275
15276
15277
15279
15280
15281
15282
15284
15285
15286
15289
15290
15292
15293
15295
15297
15298
15299
15300
15301
15302
15303
15304
15306
15307
15308
15310
15311
15316
15318
15320
15324
15326
15327
15328
15329
15330
15331
15332
15334
15336
15339
15341
15342
15345
15346
15347
15349
15350
15351
15352
15353
15355
15358
15359
15360
15361
15362
15365
15367
15368
15370
15372
15374
15375
15377
15378
15380
15381
15383
15384
15385
15387
15390
15391
15392
15394
15397
15398
15400
15401
15402
15403
15404
15405
15406
15409
15410
15412
15414
15415
15416
15417
15418
15419
15420
15421
15422
15424
15425
15426
15427
15429
15431
15432
15433
15435
15438
15440
15442
15444
15445
15446
15447
15448
15450
15453
15454
15455
15460
15462
15463
15464
15465
15468
15469
15470
15472
15473
15474
15475
15477
15478
15480
15484
15486
15489
15491
15493
15496
15497
15498
15499
15500
15501
15502
15504
15505
15506
15508
15510
15511
15513
15518
15519
15520
15522
15523
15527
15528
15530
15532
15533
15534
15535
15537
15538
15539
15541
15542
15544
15546
15547
15548
15549
15550
15551
15552
15554
15559
15560
15562
15565
15566
15567
15568
15569
15570
15573
15575
15576
15577
15579
15580
15581
15583
15584
15588
15589
15592
15593
15594
15596
15597
15598
15601
15603
15605
15606
15608
15609
15610
15611
15612
15614
15615
15616
15618
15619
15620
15621
15623
15627
15629
15630
15631
15632
15633
15634
15635
15636
15637
15638
15641
15644
15645
15646
15649
15654
15655
15657
15661
15662
15664
15665
15667
15669
15671
15673
15675
15676
15677
15679
15680
15681
15682
15683
15685
15686
15688
15689
15691
15692
15693
15694
15695
15697
15698
15699
15700
15703
15704
15707
15708
15709
15711
15712
15714
15715
15718
15721
15722
15723
15724
15725
15727
15729
15730
15732
15734
15735
15736
15738
15741
15743
15744
15745
15747
15748
15749
15752
15754
15755
15756
15757
15759
15762
15763
15765
15766
15768
15770
15771
15776
15779
15780
15781
15782
15783
15788
15790
15794
15795
15796
15798
15799
15802
15803
15804
15805
15806
15809
15810
15812
15814
15819
15820
15821
15823
15830
15831
15832
15834
15835
15837
15839
15840
15841
15842
15843
15844
15845
15846
15847
15850
15852
15853
15854
15857
15860
15863
15864
15865
15867
15868
15870
15874
15876
15877
15878
15879
15880
15884
15886
15887
15889
15892
15894
15897
15899
15901
15902
15906
15908
15909
15912
15913
15914
15915
15919
15920
15921
15922
15924
15925
15927
15929
15931
15932
15934
15937
15938
15939
15940
15941
15942
15943
15944
15945
15946
15947
15948
15949
15951
15952
15955
15956
15958
15959
15960
15962
15964
15965
15966
15967
15968
15969
15970
15971
15972
15973
15975
15977
15980
15981
15982
15983
15984
15987
15988
15989
15993
15995
15997
15998
16002
16003
16006
16009
16010
16011
16014
16015
16016
16017
16019
16021
16024
16027
16029
16030
16031
16032
16033
16034
16039
16040
16041
16043
16045
16046
16048
16049
16050
16051
16052
16053
16054
16056
16057
16058
16059
16060
16063
16065
16066
16068
16071
16073
16074
16075
16076
16078
16080
16081
16082
16083
16087
16088
16089
16090
16091
16092
16094
16095
16097
16098
16100
16103
16104
16105
16107
16108
16109
16110
16112
16113
16114
16115
16119
16122
16123
16126
16127
16129
16131
16132
16133
16135
16136
16138
16139
16141
16144
16147
16149
16150
16152
16153
16157
16162
16163
16164
16167
16168
16169
16171
16172
16174
16175
16176
16180
16181
16182
16183
16185
16186
16188
16189
16190
16191
16192
16194
16197
16198
16200
16201
16206
16207
16209
16210
16211
16217
16218
16221
16223
16224
16225
16227
16232
16233
16236
16237
16242
16243
16244
16245
16246
16247
16249
16250
16251
16252
16255
16256
16258
16259
16260
16262
16264
16268
16270
16271
16272
16275
16280
16282
16284
16285
16289
16290
16291
16292
16294
16295
16296
16299
16300
16303
16304
16305
16307
16313
16314
16318
16319
16320
16321
16322
16323
16324
16325
16326
16328
16329
16331
16332
16333
16334
16335
16336
16337
16339
16341
16344
16347
16348
16349
16350
16353
16354
16355
16356
16359
16363
16366
16367
16368
16369
16370
16371
16374
16375
16376
16378
16382
16383
16385
16388
16389
16390
16391
16392
16393
16394
16395
16396
16397
16398
16399
16402
16403
16405
16406
16409
16411
16414
16415
16416
16419
16420
16421
16422
16423
16426
16427
16429
16430
16431
16436
16439
16440
16442
16451
16452
16453
16454
16455
16456
16458
16459
16461
16462
16463
16465
16466
16468
16471
16472
16475
16476
16477
16478
16479
16481
16483
16484
16485
16486
16487
16488
16490
16491
16492
16495
16496
16497
16498
16500
16501
16502
16503
16504
16505
16506
16507
16510
16514
16519
16520
16521
16522
16525
16527
16530
16531
16533
16534
16536
16538
16539
16541
16542
16545
16546
16547
16548
16552
16553
16554
16555
16556
16557
16558
16559
16560
16561
16563
16565
16566
16567
16569
16571
16573
16574
16577
16579
16582
16583
16587
16588
16589
16590
16591
16593
16594
16596
16597
16598
16599
16600
16603
16604
16606
16609
16612
16614
16616
16617
16621
16623
16625
16626
16629
16630
16631
16632
16633
16634
16637
16639
16640
16642
16643
16645
16646
16647
16648
16649
16650
16652
16659
16661
16662
16664
16669
16670
16671
16672
16673
16674
16677
16679
16680
16686
16688
16691
16693
16694
16698
16701
16704
16706
16708
16709
16710
16711
16713
16714
16716
16720
16721
16722
16723
16725
16727
16728
16731
16732
16733
16734
16736
16737
16740
16741
16742
16743
16744
16745
16747
16748
16749
16752
16753
16755
16757
16759
16760
16761
16762
16767
16769
16770
16771
16772
16773
16774
16775
16776
16777
16778
16779
16781
16782
16783
16784
16785
16786
16787
16788
16794
16795
16796
16797
16798
16799
16800
16801
16803
16804
16805
16807
16808
16809
16814
16816
16817
16819
16822
16824
16826
16828
16829
16830
16831
16835
16836
16837
16840
16844
16845
16848
16849
16850
16851
16853
16855
16856
16857
16858
16860
16861
16864
16865
16866
16867
16869
16870
16872
16878
16879
16880
16881
16882
16883
16884
16885
16887
16888
16889
16890
16891
16893
16895
16897
16899
16901
16902
16907
16908
16910
16911
16912
16913
16915
16916
16920
16921
16926
16927
16929
16933
16935
16937
16939
16940
16941
16943
16947
16952
16953
16954
16955
16956
16957
16958
16959
16961
16964
16965
16966
16969
16970
16972
16973
16974
16975
16979
16980
16981
16982
16984
16985
16986
16988
16989
16990
16991
16993
16994
16995
16996
16997
17004
17005
17007
17009
17010
17012
17013
17014
17015
17016
17017
17018
17021
17023
17024
17025
17026
17028
17029
17030
17032
17033
17035
17036
17037
17039
17040
17041
17042
17043
17046
17049
17050
17053
17054
17057
17058
17061
17062
17063
17064
17065
17066
17068
17069
17070
17071
17073
17075
17079
17081
17082
17083
17084
17085
17087
17092
17093
17094
17095
17096
17099
17100
17101
17102
17103
17104
17107
17112
17113
17114
17117
17118
17119
17120
17121
17122
17123
17125
17126
17127
17128
17130
17131
17133
17138
17140
17141
17142
17143
17144
17145
17146
17148
17149
17150
17152
17153
17154
17155
17159
17161
17162
17163
17165
17167
17168
17171
17173
17175
17177
17179
17181
17182
17184
17185
17192
17193
17194
17195
17197
17198
17199
17200
17205
17206
17207
17208
17209
17210
17211
17213
17214
17215
17217
17218
17219
17220
17221
17223
17225
17227
17228
17233
17234
17237
17238
17239
17241
17243
17246
17247
17250
17251
17253
17255
17256
17257
17258
17259
17262
17263
17265
17267
17269
17270
17271
17273
17274
17276
17277
17278
17280
17283
17287
17289
17290
17291
17293
17294
17295
17296
17297
17298
17300
17303
17305
17308
17311
17312
17317
17318
17319
17320
17322
17323
17324
17325
17329
17330
17331
17334
17336
17337
17338
17339
17340
17342
17344
17346
17347
17352
17357
17359
17360
17362
17364
17368
17369
17374
17375
17376
17378
17379
17380
17384
17386
17389
17390
17391
17392
17394
17395
17396
17397
17401
17405
17406
17408
17410
17417
17418
17419
17420
17422
17424
17425
17426
17427
17428
17429
17432
17433
17435
17438
17440
17442
17443
17444
17446
17450
17451
17452
17453
17454
17455
17458
17459
17460
17461
17462
17463
17468
17469
17470
17473
17476
17477
17478
17479
17481
17483
17486
17488
17491
17492
17493
17496
17498
17499
17500
17501
17503
17504
17507
17508
17509
17510
17511
17512
17514
17515
17516
17518
17519
17521
17523
17524
17525
17526
17528
17531
17533
17534
17535
17538
17539
17540
17542
17543
17544
17545
17546
17547
17548
17549
17551
17554
17556
17557
17558
17560
17561
17562
17564
17565
17567
17568
17569
17570
17571
17572
17573
17575
17576
17577
17579
17580
17581
17584
17585
17587
17588
17589
17592
17596
17599
17601
17602
17603
17606
17607
17610
17611
17612
17613
17614
17615
17616
17618
17619
17620
17621
17624
17626
17627
17630
17631
17632
17634
17635
17636
17642
17647
17648
17649
17650
17651
17652
17653
17654
17656
17657
17658
17659
17660
17662
17663
17664
17666
17667
17668
17669
17670
17674
17676
17678
17679
17680
17681
17683
17684
17685
17688
17690
17691
17692
17695
17696
17697
17698
17700
17701
17704
17706
17708
17709
17710
17711
17712
17714
17715
17716
17717
17718
17719
17720
17721
17722
17723
17724
17726
17728
17730
17732
17735
17736
17738
17739
17740
17741
17744
17745
17747
17749
17750
17754
17755
17756
17757
17759
17760
17762
17763
17764
17765
17767
17768
17769
17770
17771
17773
17776
17777
17778
17779
17781
17782
17784
17785
17787
17788
17793
17794
17795
17797
17798
17799
17800
17802
17806
17807
17808
17809
17810
17813
17815
17816
17819
17821
17822
17823
17825
17827
17828
17829
17831
17832
17834
17835
17836
17837
17838
17839
17840
17841
17845
17846
17847
17850
17851
17852
17853
17854
17857
17858
17861
17862
17864
17865
17866
17868
17869
17871
17872
17873
17875
17878
17879
17880
17882
17883
17884
17887
17890
17892
17895
17896
17902
17903
17904
17907
17908
17909
17910
17911
17913
17914
17915
17917
17918
17919
17920
17921
17926
17928
17930
17932
17933
17934
17935
17938
17940
17941
17942
17943
17945
17948
17950
17951
17952
17954
17955
17956
17957
17958
17963
17966
17967
17968
17969
17970
17972
17975
17976
17978
17979
17981
17982
17983
17986
17987
17988
17989
17991
17992
17993
17994
17995
17996
17997
17998
18000
18001
18002
18004
18006
18008
18012
18013
18015
18016
18017
18018
18019
18020
18021
18024
18026
18027
18029
18031
18032
18033
18034
18036
18038
18039
18040
18041
18042
18045
18046
18047
18048
18053
18055
18057
18061
18063
18066
18067
18071
18072
18073
18074
18075
18076
18078
18079
18080
18081
18083
18084
18085
18086
18087
18091
18093
18094
18098
18099
18100
18101
18102
18104
18105
18109
18110
18111
18112
18113
18114
18121
18122
18123
18126
18127
18128
18129
18131
18133
18134
18135
18136
18139
18140
18141
18142
18143
18144
18147
18148
18149
18150
18151
18152
18153
18155
18156
18158
18160
18161
18162
18163
18166
18168
18169
18170
18171
18172
18173
18174
18176
18181
18183
18185
18187
18189
18191
18192
18196
18198
18199
18200
18203
18204
18205
18206
18208
18209
18210
18211
18212
18214
18216
18218
18219
18220
18223
18224
18225
18226
18227
18229
18231
18232
18233
18235
18236
18237
18238
18239
18241
18243
18245
18246
18247
18252
18254
18255
18256
18257
18258
18260
18262
18263
18264
18265
18266
18267
18269
18270
18271
18272
18273
18274
18275
18276
18277
18278
18280
18281
18285
18286
18287
18288
18289
18290
18292
18293
18294
18295
18296
18297
18300
18303
18305
18306
18310
18311
18313
18315
18317
18319
18320
18321
18322
18324
18325
18326
18328
18329
18332
18333
18335
18336
18337
18342
18344
18345
18348
18349
18350
18355
18357
18358
18361
18362
18364
18369
18370
18371
18373
18374
18375
18376
18377
18378
18380
18383
18385
18386
18387
18388
18389
18390
18391
18393
18395
18397
18400
18402
18404
18405
18411
18414
18416
18419
18420
18422
18425
18429
18433
18435
18436
18437
18439
18440
18442
18444
18446
18447
18448
18451
18452
18454
18455
18457
18460
18462
18465
18467
18468
18470
18471
18473
18474
18475
18476
18477
18478
18479
18480
18483
18484
18485
18487
18489
18490
18491
18494
18495
18496
18499
18500
18503
18504
18505
18506
18508
18509
18515
18516
18518
18519
18522
18524
18525
18527
18531
18533
18535
18536
18540
18541
18542
18543
18545
18547
18549
18551
18552
18553
18554
18555
18558
18559
18563
18564
18565
18568
18569
18570
18571
18572
18573
18574
18575
18578
18579
18580
18581
18582
18583
18584
18587
18590
18591
18592
18595
18596
18597
18598
18599
18600
18601
18603
18604
18605
18609
18612
18614
18615
18616
18619
18621
18622
18625
18628
18630
18632
18633
18634
18635
18638
18640
18642
18645
18646
18647
18648
18651
18652
18654
18655
18656
18657
18660
18661
18662
18664
18666
18667
18668
18670
18671
18673
18675
18676
18677
18678
18679
18680
18681
18683
18684
18686
18688
18689
18694
18695
18697
18699
18700
18705
18706
18707
18709
18710
18712
18716
18718
18719
18721
18723
18726
18732
18733
18734
18735
18736
18737
18738
18741
18744
18745
18747
18750
18751
18753
18756
18758
18762
18764
18765
18767
18770
18771
18772
18773
18774
18775
18776
18779
18780
18782
18783
18784
18786
18787
18788
18790
18791
18792
18793
18796
18797
18799
18800
18801
18803
18805
18806
18810
18811
18812
18813
18814
18815
18820
18822
18824
18825
18828
18829
18830
18832
18835
18836
18837
18840
18844
18846
18847
18848
18850
18851
18854
18856
18857
18858
18859
18861
18862
18864
18865
18866
18868
18870
18871
18872
18873
18874
18875
18876
18878
18879
18880
18883
18884
18885
18886
18887
18888
18889
18890
18891
18892
18894
18895
18897
18898
18900
18902
18905
18906
18907
18908
18911
18912
18913
18915
18919
18921
18924
18925
18927
18928
18929
18930
18935
18937
18938
18941
18943
18947
18950
18953
18954
18956
18957
18959
18961
18962
18964
18966
18967
18968
18970
18971
18972
18973
18974
18976
18977
18980
18981
18983
18985
18988
18989
18992
18997
18998
18999
19001
19006
19007
19008
19009
19011
19014
19015
19018
19022
19023
19024
19025
19026
19028
19029
19031
19034
19037
19039
19040
19041
19042
19043
19044
19045
19046
19049
19050
19052
19054
19058
19059
19060
19063
19064
19066
19067
19070
19072
19074
19075
19076
19077
19078
19079
19080
19082
19083
19086
19087
19088
19089
19090
19093
19094
19095
19096
19097
19098
19099
19101
19102
19105
19106
19107
19108
19109
19111
19112
19113
19114
19117
19118
19121
19124
19125
19127
19129
19131
19135
19136
19138
19139
19140
19142
19144
19145
19146
19147
19148
19151
19153
19157
19160
19161
19163
19164
19166
19168
19170
19171
19173
19174
19175
19176
19177
19179
19180
19182
19184
19185
19187
19189
19192
19194
19195
19197
19198
19199
19201
19203
19206
19207
19208
19209
19211
19213
19215
19217
19223
19224
19225
19226
19227
19228
19230
19233
19237
19238
19241
19243
19244
19245
19247
19248
19250
19251
19255
19258
19260
19264
19266
19267
19269
19270
19271
19272
19273
19274
19279
19281
19282
19283
19284
19287
19288
19290
19291
19292
19293
19294
19296
19297
19298
19300
19302
19304
19308
19309
19310
19311
19312
19313
19316
19317
19319
19320
19322
19323
19324
19325
19329
19332
19333
19334
19337
19338
19339
19340
19343
19344
19346
19348
19349
19350
19352
19353
19355
19356
19357
19358
19359
19362
19363
19364
19365
19366
19368
19370
19371
19374
19379
19381
19389
19391
19392
19393
19395
19396
19397
19399
19400
19401
19404
19406
19407
19408
19413
19414
19415
19416
19417
19419
19421
19424
19425
19426
19428
19429
19430
19431
19432
19433
19435
19436
19438
19439
19442
19443
19444
19446
19449
19453
19455
19457
19462
19464
19465
19466
19468
19469
19475
19479
19481
19482
19485
19486
19487
19490
19491
19492
19493
19494
19497
19499
19501
19503
19504
19505
19506
19507
19508
19509
19510
19511
19512
19513
19514
19515
19516
19519
19520
19523
19525
19526
19527
19528
19529
19531
19533
19536
19537
19539
19540
19541
19544
19546
19547
19548
19552
19553
19554
19555
19556
19558
19560
19561
19563
19564
19565
19566
19567
19570
19573
19574
19575
19576
19578
19581
19582
19583
19584
19587
19588
19589
19592
19594
19595
19596
19598
19599
19600
19601
19602
19603
19604
19608
19609
19612
19615
19618
19619
19621
19623
19625
19626
19627
19628
19629
19630
19632
19633
19634
19635
19636
19637
19638
19643
19644
19645
19646
19647
19649
19650
19651
19653
19655
19656
19657
19661
19663
19665
19666
19667
19668
19670
19671
19672
19673
19674
19675
19676
19679
19680
19681
19683
19684
19685
19686
19687
19690
19691
19693
19695
19698
19700
19703
19705
19708
19709
19711
19713
19714
19715
19719
19722
19723
19725
19726
19727
19728
19730
19733
19735
19736
19738
19740
19741
19742
19743
19745
19746
19748
19749
19750
19752
19753
19754
19755
19756
19760
19762
19763
19766
19767
19768
19769
19770
19771
19774
19776
19778
19780
19782
19786
19787
19788
19791
19792
19794
19798
19799
19800
19801
19802
19804
19805
19806
19808
19812
19813
19814
19817
19818
19820
19821
19824
19827
19828
19829
19830
19831
19832
19833
19834
19838
19839
19840
19841
19842
19844
19847
19848
19850
19853
19854
19857
19862
19864
19865
19869
19870
19871
19873
19874
19876
19877
19878
19879
19880
19881
19882
19883
19884
19886
19887
19888
19889
19890
19891
19894
19897
19899
19900
19901
19902
19903
19904
19906
19910
19911
19914
19915
19917
19918
19919
19920
19921
19922
19924
19925
19928
19929
19931
19932
19933
19935
19941
19944
19945
19947
19948
19949
19950
19952
19955
19957
19958
19961
19962
19963
19964
19965
19966
19971
19973
19975
19976
19979
19980
19981
19982
19984
19985
19986
19989
19993
19994
19995
19996
19998
20000
20001
20002
20003
20004
20006
20009
20012
20018
20020
20021
20022
20023
20024
20026
20027
20028
20029
20030
20032
20034
20036
20037
20040
20041
20042
20043
20044
20045
20046
20047
20048
20049
20050
20051
20052
20053
20054
20058
20059
20060
20061
20064
20065
20069
20071
20072
20074
20076
20077
20078
20081
20082
20083
20085
20087
20088
20089
20090
20091
20092
20093
20095
20097
20098
20099
20101
20103
20104
20107
20108
20109
20110
20111
20112
20113
20114
20116
20119
20121
20122
20124
20125
20126
20127
20130
20131
20132
20133
20134
20136
20139
20140
20141
20142
20148
20149
20150
20151
20152
20153
20154
20155
20156
20157
20158
20159
20160
20161
20163
20165
20166
20170
20171
20172
20173
20175
20176
20177
20179
20180
20184
20185
20186
20188
20189
20192
20194
20196
20197
20199
20201
20202
20203
20204
20205
20206
20207
20210
20212
20216
20217
20218
20220
20221
20222
20224
20227
20230
20231
20232
20234
20237
20239
20240
20241
20243
20245
20249
20250
20251
20253
20255
20257
20258
20260
20261
20263
20265
20269
20270
20271
20273
20274
20277
20278
20281
20282
20284
20285
20286
20287
20292
20294
20295
20296
20297
20298
20300
20301
20303
20305
20306
20309
20310
20311
20313
20314
20315
20316
20317
20319
20320
20322
20327
20329
20332
20334
20335
20336
20337
20338
20339
20342
20343
20345
20346
20347
20350
20354
20355
20356
20357
20358
20359
20360
20361
20362
20365
20367
20368
20369
20370
20371
20372
20374
20375
20376
20378
20379
20380
20382
20383
20384
20387
20388
20389
20391
20392
20395
20396
20397
20398
20399
20400
20401
20402
20403
20405
20406
20408
20409
20413
20415
20416
20419
20420
20421
20423
20424
20430
20431
20432
20433
20434
20435
20438
20441
20442
20443
20447
20449
20450
20451
20452
20454
20455
20456
20457
20458
20459
20460
20461
20462
20463
20465
20467
20468
20470
20472
20475
20476
20478
20480
20481
20482
20483
20486
20487
20488
20489
20490
20491
20495
20498
20499
20500
20502
20503
20504
20507
20509
20510
20511
20512
20513
20514
20515
20517
20518
20519
20520
20521
20522
20523
20525
20526
20529
20533
20534
20535
20536
20537
20538
20539
20541
20542
20545
20546
20549
20550
20553
20560
20561
20562
20563
20564
20566
20567
20569
20571
20572
20574
20576
20577
20580
20581
20582
20584
20585
20586
20587
20588
20589
20591
20592
20593
20594
20597
20598
20600
20601
20603
20604
20605
20606
20607
20608
20610
20611
20612
20614
20616
20619
20620
20622
20623
20624
20625
20626
20627
20630
20631
20634
20636
20638
20639
20640
20643
20644
20645
20646
20648
20649
20652
20653
20655
20656
20657
20658
20660
20661
20664
20665
20667
20669
20672
20673
20674
20676
20678
20681
20682
20685
20687
20689
20691
20692
20698
20700
20701
20702
20703
20704
20706
20707
20708
20710
20711
20713
20715
20717
20721
20724
20725
20731
20733
20734
20735
20736
20737
20742
20743
20745
20748
20749
20750
20751
20753
20754
20756
20757
20758
20759
20760
20762
20763
20765
20767
20769
20770
20771
20773
20774
20776
20778
20779
20780
20781
20784
20785
20788
20790
20794
20795
20798
20802
20805
20806
20812
20814
20817
20818
20819
20823
20824
20825
20828
20830
20831
20833
20835
20836
20839
20840
20842
20843
20845
20846
20848
20850
20853
20854
20856
20860
20861
20863
20864
20867
20870
20871
20873
20874
20875
20876
20878
20880
20881
20882
20883
20884
20885
20886
20887
20888
20889
20890
20893
20894
20895
20896
20901
20902
20903
20905
20906
20907
20908
20910
20911
20912
20915
20919
20921
20925
20928
20929
20930
20931
20932
20933
20934
20935
20936
20939
20941
20942
20943
20946
20947
20949
20951
20952
20953
20957
20958
20962
20967
20969
20972
20973
20974
20975
20976
20977
20980
20981
20982
20984
20985
20987
20991
20995
20997
20998
21001
21002
21003
21004
21005
21006
21007
21008
21010
21012
21014
21015
21016
21019
21020
21021
21023
21024
21025
21026
21028
21029
21030
21032
21033
21039
21040
21043
21044
21045
21050
21052
21053
21054
21055
21056
21057
21058
21059
21061
21062
21063
21064
21065
21066
21070
21071
21073
21074
21075
21077
21078
21079
21081
21082
21083
21084
21086
21087
21088
21089
21090
21092
21093
21096
21097
21098
21099
21100
21102
21103
21104
21106
21108
21110
21112
21113
21114
21116
21117
21119
21120
21123
21124
21127
21128
21130
21131
21132
21133
21134
21135
21136
21138
21140
21142
21146
21148
21149
21151
21152
21154
21155
21156
21157
21158
21161
21163
21167
21170
21172
21175
21177
21178
21180
21183
21186
21189
21190
21191
21192
21193
21194
21195
21196
21199
21201
21202
21205
21209
21212
21213
21214
21217
21219
21220
21221
21222
21223
21225
21226
21227
21229
21230
21231
21232
21233
21234
21235
21237
21239
21240
21242
21244
21246
21249
21251
21252
21253
21254
21255
21257
21258
21259
21260
21261
21262
21263
21264
21266
21268
21271
21273
21274
21275
21276
21278
21281
21284
21286
21288
21289
21290
21293
21296
21298
21301
21303
21305
21306
21307
21309
21310
21311
21312
21313
21314
21315
21317
21318
21319
21320
21321
21324
21326
21328
21331
21332
21333
21334
21335
21339
21342
21343
21345
21346
21348
21349
21350
21351
21355
21356
21357
21358
21360
21361
21364
21365
21366
21368
21369
21371
21373
21376
21377
21378
21381
21382
21386
21387
21389
21390
21391
21392
21393
21394
21395
21399
21401
21410
21411
21413
21414
21416
21417
21418
21421
21422
21423
21426
21427
21430
21431
21434
21438
21440
21442
21443
21444
21447
21448
21449
21450
21451
21452
21453
21454
21457
21458
21460
21462
21464
21465
21466
21467
21468
21469
21470
21471
21476
21477
21479
21482
21483
21484
21485
21487
21488
21490
21491
21494
21495
21498
21505
21508
21510
21512
21513
21516
21517
21518
21519
21520
21522
21524
21526
21528
21529
21530
21532
21535
21536
21537
21538
21540
21541
21542
21543
21544
21545
21546
21547
21549
21551
21557
21559
21560
21562
21564
21565
21568
21569
21570
21571
21575
21576
21579
21580
21581
21582
21584
21585
21586
21587
21588
21589
21591
21593
21595
21597
21599
21600
21603
21604
21606
21609
21610
21611
21613
21615
21616
21618
21619
21622
21624
21626
21627
21631
21634
21636
21641
21642
21644
21645
21647
21648
21650
21653
21656
21658
21659
21660
21661
21663
21667
21669
21672
21674
21677
21678
21680
21681
21683
21685
21687
21688
21689
21691
21692
21693
21694
21697
21698
21699
21700
21703
21704
21706
21707
21709
21711
21712
21713
21715
21716
21717
21724
21725
21726
21727
21728
21732
21734
21735
21736
21738
21743
21745
21746
21748
21751
21754
21757
21758
21759
21760
21761
21762
21764
21765
21767
21769
21770
21772
21774
21775
21776
21780
21781
21785
21787
21788
21789
21792
21793
21794
21795
21796
21798
21799
21800
21803
21806
21807
21808
21810
21811
21812
21814
21819
21822
21824
21825
21826
21827
21831
21833
21834
21836
21837
21838
21840
21841
21842
21843
21846
21847
21848
21849
21850
21852
21854
21855
21856
21857
21858
21860
21861
21862
21863
21864
21868
21870
21871
21872
21873
21874
21875
21878
21879
21880
21881
21882
21884
21886
21890
21892
21893
21895
21896
21898
21900
21903
21906
21908
21909
21911
21912
21913
21914
21915
21916
21918
21920
21922
21924
21926
21927
21928
21930
21931
21933
21935
21937
21939
21940
21942
21944
21945
21946
21951
21952
21954
21955
21956
21959
21960
21961
21962
21964
21965
21966
21970
21972
21974
21977
21978
21979
21980
21981
21982
21983
21984
21985
21990
21991
21992
21993
21995
21997
21998
21999
22003
22006
22011
22015
22016
22017
22018
22020
22021
22023
22024
22025
22027
22028
22029
22031
22032
22033
22034
22035
22036
22040
22041
22042
22044
22046
22047
22048
22049
22051
22053
22056
22057
22059
22060
22061
22062
22063
22064
22065
22066
22067
22069
22070
22071
22072
22073
22074
22075
22076
22078
22080
22081
22084
22086
22087
22088
22089
22090
22091
22093
22095
22097
22098
22099
22106
22108
22112
22113
22117
22118
22119
22120
22121
22123
22124
22126
22127
22128
22129
22130
22133
22134
22135
22137
22138
22139
22140
22141
22142
22143
22144
22145
22146
22148
22149
22150
22156
22159
22160
22161
22163
22164
22168
22170
22171
22172
22173
22174
22175
22176
22178
22179
22181
22182
22184
22185
22186
22187
22188
22190
22191
22192
22193
22194
22195
22197
22198
22200
22201
22202
22203
22208
22209
22210
22213
22216
22217
22218
22219
22220
22224
22225
22227
22228
22229
22230
22232
22234
22236
22237
22238
22239
22241
22244
22245
22246
22247
22248
22250
22255
22256
22257
22258
22259
22260
22261
22262
22264
22266
22267
22268
22269
22273
22274
22275
22277
22279
22280
22281
22282
22285
22287
22292
22294
22295
22299
22301
22302
22303
22304
22305
22307
22308
22309
22311
22312
22313
22315
22317
22319
22321
22323
22325
22326
22327
22328
22329
22330
22332
22334
22335
22336
22337
22338
22340
22341
22343
22344
22345
22347
22349
22351
22354
22358
22359
22361
22363
22365
22366
22367
22370
22371
22373
22374
22375
22377
22379
22382
22383
22384
22385
22386
22387
22388
22389
22390
22391
22392
22394
22396
22397
22398
22399
22400
22401
22403
22404
22405
22409
22410
22411
22412
22413
22415
22420
22421
22422
22423
22430
22432
22433
22434
22435
22436
22437
22438
22440
22441
22444
22446
22447
22448
22451
22452
22453
22455
22459
22462
22465
22466
22467
22468
22469
22471
22472
22475
22478
22479
22480
22481
22482
22483
22484
22485
22486
22487
22488
22490
22491
22492
22494
22497
22499
22500
22501
22502
22505
22508
22509
22510
22511
22513
22514
22515
22519
22522
22524
22525
22526
22529
22531
22532
22533
22535
22537
22539
22540
22542
22544
22547
22549
22552
22553
22554
22555
22557
22562
22563
22565
22566
22568
22570
22571
22572
22573
22574
22575
22576
22577
22582
22583
22585
22586
22587
22588
22589
22590
22591
22592
22593
22594
22595
22596
22597
22598
22603
22604
22606
22607
22610
22611
22612
22615
22617
22618
22619
22620
22623
22625
22626
22628
22629
22630
22635
22636
22640
22641
22642
22643
22646
22647
22648
22649
22650
22651
22652
22653
22655
22656
22659
22660
22662
22664
22665
22666
22669
22670
22672
22674
22675
22680
22681
22683
22684
22685
22687
22688
22690
22692
22693
22694
22696
22699
22700
22702
22705
22706
22707
22710
22711
22713
22714
22716
22718
22721
22722
22724
22727
22729
22731
22732
22733
22734
22739
22740
22741
22744
22745
22747
22748
22749
22751
22752
22753
22758
22762
22765
22771
22773
22774
22775
22776
22779
22781
22785
22787
22788
22790
22791
22792
22793
22794
22795
22796
22798
22799
22800
22805
22806
22808
22810
22815
22816
22818
22819
22825
22826
22827
22830
22831
22832
22835
22837
22838
22839
22840
22841
22842
22844
22845
22846
22847
22848
22852
22857
22858
22860
22861
22862
22863
22868
22870
22873
22875
22879
22880
22881
22882
22883
22884
22885
22886
22887
22888
22890
22891
22892
22894
22895
22896
22901
22902
22904
22907
22908
22910
22912
22915
22916
22919
22922
22924
22925
22926
22927
22929
22930
22932
22933
22935
22936
22937
22941
22944
22947
22953
22954
22956
22957
22958
22959
22960
22961
22962
22964
22966
22967
22968
22969
22970
22971
22972
22973
22974
22976
22978
22979
22983
22986
22987
22988
22993
22994
22996
22998
22999
23000
23002
23006
23007
23008
23009
23016
23019
23021
23023
23025
23028
23033
23035
23037
23040
23041
23042
23043
23048
23049
23051
23054
23056
23057
23060
23062
23065
23070
23071
23072
23074
23075
23076
23078
23079
23082
23083
23084
23085
23086
23087
23088
23089
23090
23092
23094
23095
23097
23098
23101
23103
23104
23105
23106
23107
23108
23109
23112
23113
23114
23115
23117
23118
23119
23121
23122
23123
23125
23126
23127
23128
23133
23134
23135
23136
23139
23141
23142
23146
23147
23150
23151
23152
23153
23154
23155
23156
23157
23158
23161
23164
23165
23166
23172
23173
23175
23178
23179
23180
23181
23183
23184
23188
23189
23190
23191
23192
23193
23194
23195
23196
23197
23199
23200
23201
23202
23204
23205
23209
23210
23211
23213
23216
23218
23220
23222
23223
23224
23226
23227
23228
23229
23233
23234
23235
23236
23238
23239
23241
23243
23247
23248
23249
23251
23252
23253
23254
23256
23257
23258
23259
23260
23261
23262
23263
23264
23265
23266
23268
23269
23270
23275
23277
23278
23279
23280
23282
23284
23285
23289
23291
23292
23294
23298
23299
23300
23301
23302
23305
23306
23314
23315
23316
23318
23320
23321
23322
23323
23324
23329
23330
23331
23332
23333
23334
23335
23336
23337
23338
23339
23340
23342
23343
23344
23345
23348
23349
23350
23354
23355
23356
23357
23358
23359
23360
23361
23362
23366
23368
23369
23370
23371
23373
23376
23377
23378
23379
23382
23385
23386
23387
23389
23390
23391
23397
23398
23399
23400
23402
23407
23413
23414
23415
23416
23417
23419
23420
23421
23422
23423
23424
23425
23426
23427
23428
23429
23430
23431
23433
23435
23437
23438
23439
23440
23441
23443
23444
23445
23446
23453
23454
23456
23457
23458
23460
23461
23462
23464
23467
23468
23469
23470
23471
23473
23476
23477
23480
23481
23482
23483
23484
23486
23487
23489
23490
23492
23494
23495
23496
23497
23500
23501
23503
23504
23506
23508
23509
23510
23511
23512
23513
23517
23518
23519
23522
23525
23530
23531
23533
23534
23535
23536
23537
23539
23540
23542
23544
23546
23547
23548
23549
23551
23554
23560
23561
23562
23563
23564
23565
23567
23568
23570
23571
23572
23573
23574
23575
23576
23577
23578
23579
23580
23581
23582
23583
23586
23587
23588
23589
23593
23594
23597
23600
23601
23602
23603
23604
23605
23606
23607
23608
23610
23613
23614
23615
23617
23618
23620
23623
23625
23626
23629
23631
23632
23633
23634
23637
23639
23640
23641
23642
23643
23647
23648
23649
23650
23652
23655
23657
23658
23663
23664
23665
23666
23667
23668
23669
23670
23671
23673
23674
23675
23676
23677
23678
23679
23680
23682
23683
23684
23685
23688
23689
23691
23694
23700
23701
23705
23709
23711
23714
23716
23717
23718
23719
23720
23721
23722
23723
23725
23728
23729
23730
23732
23736
23738
23741
23742
23743
23745
23746
23747
23749
23750
23753
23754
23755
23757
23758
23759
23761
23762
23767
23769
23771
23773
23775
23777
23778
23780
23781
23782
23783
23785
23786
23788
23791
23792
23795
23796
23797
23801
23803
23805
23809
23810
23811
23812
23814
23815
23816
23817
23820
23821
23822
23825
23826
23827
23831
23832
23833
23837
23838
23839
23842
23843
23846
23847
23848
23849
23850
23851
23853
23855
23856
23857
23858
23859
23860
23864
23865
23866
23867
23868
23871
23873
23880
23881
23884
23886
23888
23890
23892
23893
23895
23896
23897
23898
23899
23900
23902
23904
23905
23906
23908
23909
23911
23913
23914
23915
23916
23917
23918
23919
23922
23924
23926
23928
23930
23932
23934
23935
23937
23938
23941
23943
23944
23945
23947
23949
23951
23953
23955
23958
23959
23961
23964
23965
23966
23967
23968
23969
23970
23972
23973
23974
23975
23976
23978
23979
23980
23982
23985
23987
23989
23990
23991
23992
23993
23994
23995
23996
23997
23998
23999
24000
24001
24002
24003
24004
24009
24010
24011
24012
24013
24015
24018
24019
24025
24026
24030
24031
24032
24033
24034
24036
24037
24039
24046
24047
24048
24049
24051
24052
24055
24056
24060
24062
24063
24066
24067
24068
24069
24070
24071
24072
24074
24075
24076
24080
24082
24083
24084
24086
24087
24088
24090
24092
24093
24094
24096
24098
24099
24100
24103
24106
24107
24108
24109
24110
24111
24112
24114
24115
24116
24117
24118
24119
24120
24121
24122
24124
24125
24128
24130
24131
24132
24133
24134
24135
24137
24138
24140
24141
24142
24144
24147
24149
24150
24153
24155
24156
24158
24159
24163
24164
24165
24167
24168
24175
24177
24182
24183
24184
24187
24188
24194
24196
24198
24200
24201
24202
24203
24205
24210
24211
24213
24215
24216
24217
24218
24219
24220
24227
24228
24229
24230
24235
24236
24237
24239
24240
24243
24246
24247
24248
24251
24252
24254
24255
24256
24257
24259
24261
24263
24265
24266
24269
24270
24274
24277
24278
24279
24280
24281
24287
24288
24289
24290
24291
24292
24293
24294
24295
24297
24299
24300
24301
24302
24303
24305
24306
24307
24308
24310
24319
24322
24325
24326
24327
24329
24330
24332
24333
24334
24337
24338
24340
24341
24342
24343
24344
24345
24347
24349
24351
24353
24354
24355
24357
24358
24359
24360
24361
24362
24363
24364
24365
24368
24370
24374
24376
24377
24378
24379
24380
24383
24386
24388
24390
24392
24393
24394
24395
24396
24397
24398
24401
24405
24408
24409
24411
24413
24414
24415
24419
24421
24424
24427
24428
24429
24432
24433
24435
24436
24437
24438
24440
24441
24443
24445
24448
24449
24450
24451
24453
24454
24455
24456
24457
24459
24460
24461
24462
24463
24464
24468
24470
24471
24472
24473
24474
24477
24478
24479
24482
24484
24488
24490
24491
24492
24493
24496
24497
24498
24500
24501
24502
24503
24505
24506
24507
24510
24512
24513
24514
24515
24516
24517
24518
24519
24520
24523
24526
24527
24528
24529
24530
24532
24533
24535
24536
24538
24539
24541
24544
24546
24547
24548
24550
24551
24552
24554
24555
24556
24557
24559
24561
24562
24564
24565
24566
24568
24569
24572
24573
24575
24576
24577
24579
24580
24583
24585
24586
24588
24589
24591
24592
24594
24595
24596
24597
24598
24599
24601
24604
24606
24608
24609
24612
24613
24616
24617
24618
24619
24621
24622
24623
24625
24628
24629
24630
24631
24632
24633
24635
24636
24638
24641
24642
24643
24644
24645
24646
24648
24649
24651
24653
24655
24656
24658
24660
24661
24662
24663
24667
24668
24669
24670
24671
24673
24675
24677
24681
24683
24684
24685
24686
24687
24689
24690
24691
24692
24695
24697
24698
24700
24701
24704
24705
24707
24708
24709
24710
24711
24712
24713
24714
24715
24719
24720
24722
24724
24726
24727
24728
24731
24733
24734
24735
24736
24738
24739
24741
24743
24746
24747
24748
24749
24750
24753
24754
24755
24757
24758
24760
24762
24763
24766
24767
24768
24771
24772
24775
24777
24778
24779
24780
24781
24782
24787
24788
24791
24793
24794
24796
24797
24798
24802
24803
24804
24805
24806
24808
24809
24810
24813
24814
24816
24818
24820
24822
24823
24827
24828
24830
24831
24833
24836
24837
24838
24839
24840
24843
24844
24845
24847
24849
24850
24852
24854
24855
24856
24857
24859
24861
24862
24865
24866
24867
24868
24869
24872
24874
24875
24878
24879
24881
24883
24884
24889
24894
24895
24896
24897
24899
24902
24903
24904
24906
24912
24913
24914
24916
24917
24918
24920
24921
24922
24924
24929
24930
24931
24935
24936
24940
24941
24942
24944
24945
24946
24948
24949
24952
24954
24956
24958
24959
24961
24962
24966
24967
24968
24969
24970
24971
24972
24973
24975
24976
24977
24978
24979
24980
24981
24982
24983
24985
24986
24987
24988
24989
24990
24991
24992
24994
25003
25006
25007
25008
25009
25011
25012
25015
25016
25019
25023
25024
25025
25028
25030
25031
25033
25034
25037
25039
25040
25042
25043
25045
25046
25047
25048
25049
25050
25055
25056
25059
25060
25063
25065
25067
25068
25070
25071
25073
25074
25075
25078
25080
25082
25087
25089
25091
25092
25093
25094
25095
25097
25099
25100
25101
25103
25104
25105
25107
25109
25110
25112
25114
25115
25116
25120
25121
25122
25123
25126
25128
25129
25131
25132
25135
25137
25139
25142
25143
25144
25145
25146
25147
25148
25149
25150
25151
25152
25153
25154
25155
25156
25158
25159
25160
25161
25163
25164
25165
25167
25168
25169
25171
25172
25174
25175
25176
25177
25179
25182
25183
25186
25187
25189
25191
25193
25195
25196
25198
25199
25200
25202
25203
25204
25205
25209
25210
25211
25216
25217
25218
25219
25220
25221
25222
25223
25224
25225
25227
25228
25229
25232
25233
25234
25235
25236
25238
25241
25243
25244
25246
25247
25251
25255
25256
25257
25262
25264
25265
25268
25269
25270
25271
25276
25277
25278
25279
25280
25281
25283
25284
25286
25287
25290
25291
25292
25294
25297
25300
25301
25303
25306
25307
25309
25310
25311
25313
25314
25315
25316
25317
25318
25319
25320
25321
25322
25323
25324
25325
25326
25328
25329
25333
25334
25335
25337
25338
25341
25342
25343
25345
25346
25347
25348
25349
25354
25356
25358
25359
25361
25362
25363
25364
25367
25368
25369
25371
25372
25375
25376
25378
25380
25382
25384
25387
25388
25389
25394
25396
25397
25398
25399
25400
25401
25402
25404
25405
25406
25407
25409
25411
25414
25418
25419
25421
25424
25425
25426
25427
25428
25429
25430
25432
25434
25435
25437
25438
25440
25441
25442
25443
25445
25446
25447
25448
25449
25450
25451
25452
25455
25457
25458
25459
25461
25462
25463
25464
25465
25466
25467
25468
25469
25470
25471
25473
25474
25475
25478
25479
25480
25481
25486
25487
25491
25493
25494
25496
25499
25500
25502
25504
25507
25509
25510
25511
25512
25513
25514
25515
25521
25522
25523
25524
25527
25529
25532
25533
25534
25535
25536
25537
25538
25539
25540
25541
25542
25548
25550
25551
25552
25553
25554
25555
25558
25560
25561
25562
25563
25564
25566
25568
25569
25570
25571
25572
25573
25574
25575
25577
25578
25579
25580
25583
25584
25585
25586
25587
25589
25590
25591
25592
25597
25598
25599
25601
25602
25605
25608
25610
25611
25615
25617
25619
25620
25621
25623
25625
25626
25627
25630
25631
25632
25633
25635
25636
25637
25638
25640
25641
25642
25648
25650
25653
25655
25656
25657
25658
25659
25660
25662
25664
25665
25666
25669
25672
25675
25676
25677
25678
25679
25681
25682
25684
25685
25686
25687
25688
25689
25690
25692
25693
25699
25700
25701
25703
25705
25706
25709
25710
25714
25715
25719
25720
25721
25723
25724
25725
25726
25729
25730
25731
25732
25734
25735
25736
25737
25738
25740
25741
25743
25744
25745
25747
25748
25749
25752
25756
25757
25758
25759
25760
25762
25763
25765
25766
25767
25768
25769
25771
25772
25774
25779
25780
25781
25782
25784
25785
25786
25787
25788
25790
25793
25796
25798
25800
25801
25802
25805
25809
25813
25814
25819
25820
25821
25822
25823
25826
25828
25829
25831
25832
25833
25834
25835
25836
25837
25838
25839
25840
25841
25842
25843
25844
25846
25847
25849
25851
25853
25854
25858
25859
25860
25861
25862
25863
25865
25867
25868
25869
25870
25872
25873
25874
25877
25879
25880
25881
25882
25883
25884
25885
25886
25888
25889
25892
25893
25895
25896
25897
25898
25901
25902
25904
25909
25912
25913
25914
25915
25917
25918
25919
25920
25921
25923
25926
25929
25930
25931
25932
25933
25934
25935
25937
25938
25939
25940
25942
25945
25946
25947
25948
25949
25952
25953
25956
25957
25958
25959
25960
25961
25962
25964
25967
25969
25970
25971
25972
25974
25975
25976
25977
25978
25979
25982
25983
25986
25987
25988
25989
25990
25991
25993
25994
25996
25997
25998
25999
26005
26006
26007
26008
26009
26011
26013
26015
26016
26017
26019
26020
26022
26026
26029
26030
26031
26033
26035
26036
26037
26038
26041
26042
26043
26044
26047
26048
26051
26052
26055
26056
26057
26059
26060
26061
26062
26064
26066
26068
26069
26070
26071
26072
26077
26078
26079
26081
26082
26083
26084
26085
26090
26091
26092
26094
26095
26097
26098
26100
26101
26103
26106
26107
26109
26110
26111
26112
26113
26115
26118
26120
26122
26125
26126
26131
26133
26134
26135
26136
26137
26139
26140
26144
26147
26148
26151
26154
26157
26160
26161
26166
26169
26170
26173
26174
26175
26177
26178
26182
26187
26188
26189
26191
26195
26197
26198
26202
26203
26204
26206
26207
26211
26213
26215
26217
26219
26221
26222
26224
26225
26226
26227
26228
26229
26230
26231
26232
26233
26235
26241
26242
26244
26246
26247
26248
26249
26250
26253
26254
26255
26257
26258
26259
26262
26263
26264
26265
26268
26270
26271
26272
26274
26276
26277
26282
26286
26287
26288
26289
26290
26292
26293
26294
26297
26298
26299
26300
26301
26302
26303
26304
26305
26306
26307
26311
26312
26313
26315
26316
26319
26321
26325
26327
26328
26329
26331
26332
26333
26335
26338
26339
26344
26346
26347
26348
26350
26351
26352
26353
26357
26358
26361
26364
26365
26367
26371
26372
26373
26375
26380
26381
26382
26383
26385
26386
26387
26388
26389
26390
26392
26393
26394
26395
26396
26400
26402
26403
26405
26406
26409
26410
26412
26413
26415
26417
26418
26420
26423
26426
26427
26430
26431
26432
26433
26436
26437
26438
26439
26440
26441
26442
26443
26445
26447
26448
26449
26451
26453
26454
26455
26456
26457
26458
26459
26460
26461
26463
26464
26465
26469
26470
26471
26472
26473
26474
26476
26477
26479
26480
26481
26482
26483
26486
26487
26491
26492
26493
26494
26495
26499
26500
26501
26502
26504
26505
26506
26509
26512
26514
26517
26519
26520
26521
26522
26524
26525
26526
26527
26528
26530
26531
26532
26535
26536
26537
26539
26540
26543
26545
26546
26548
26549
26550
26552
26553
26557
26562
26563
26565
26566
26568
26569
26572
26573
26574
26575
26580
26583
26590
26593
26594
26597
26598
26600
26601
26605
26606
26607
26608
26609
26613
26614
26615
26616
26617
26618
26621
26623
26624
26626
26627
26628
26629
26630
26631
26634
26635
26636
26637
26639
26640
26643
26644
26646
26647
26648
26650
26651
26654
26658
26660
26662
26663
26664
26665
26666
26669
26672
26674
26677
26678
26679
26682
26683
26685
26686
26687
26688
26691
26692
26694
26695
26703
26710
26712
26714
26716
26717
26718
26720
26721
26722
26723
26724
26725
26726
26727
26728
26730
26731
26732
26733
26735
26737
26738
26739
26740
26741
26742
26744
26745
26746
26747
26749
26751
26754
26755
26759
26761
26762
26764
26765
26767
26768
26770
26771
26772
26774
26776
26777
26781
26782
26783
26784
26786
26788
26789
26791
26793
26794
26796
26797
26798
26799
26800
26802
26804
26805
26806
26807
26808
26809
26811
26812
26813
26814
26816
26819
26820
26821
26822
26826
26829
26830
26832
26834
26836
26837
26838
26840
26842
26843
26845
26846
26848
26849
26850
26851
26852
26855
26856
26857
26858
26861
26862
26865
26867
26870
26871
26872
26873
26874
26875
26878
26879
26882
26883
26884
26885
26888
26892
26895
26896
26897
26899
26903
26906
26907
26908
26909
26917
26918
26920
26921
26924
26925
26926
26927
26929
26930
26931
26934
26935
26936
26938
26939
26940
26948
26949
26950
26952
26953
26954
26955
26957
26960
26962
26963
26964
26968
26970
26971
26973
26974
26976
26978
26979
26982
26983
26985
26987
26990
26992
26994
26995
26997
26998
26999
27001
27003
27004
27006
27008
27009
27010
27011
27012
27013
27015
27016
27017
27018
27020
27022
27023
27024
27025
27026
27029
27030
27032
27033
27034
27036
27037
27038
27040
27041
27042
27043
27045
27046
27047
27050
27051
27052
27053
27054
27055
27057
27058
27061
27062
27063
27065
27066
27072
27073
27076
27077
27078
27080
27084
27085
27086
27089
27092
27096
27098
27099
27100
27101
27104
27105
27106
27107
27108
27109
27111
27112
27113
27114
27115
27121
27123
27127
27128
27129
27130
27133
27134
27135
27136
27139
27144
27147
27148
27149
27150
27151
27152
27154
27155
27156
27160
27162
27163
27166
27167
27169
27171
27172
27173
27174
27178
27179
27180
27183
27185
27187
27189
27193
27194
27196
27197
27198
27199
27200
27202
27206
27207
27208
27210
27211
27213
27215
27216
27217
27218
27219
27221
27223
27226
27227
27228
27230
27231
27233
27234
27235
27238
27239
27241
27242
27244
27247
27248
27249
27250
27251
27254
27255
27256
27259
27261
27262
27263
27265
27267
27269
27271
27272
27275
27276
27277
27278
27281
27282
27283
27284
27286
27287
27288
27290
27293
27294
27296
27299
27300
27301
27302
27303
27304
27305
27308
27309
27313
27314
27316
27319
27320
27321
27325
27326
27330
27333
27334
27336
27337
27339
27341
27342
27343
27344
27345
27346
27350
27351
27354
27355
27357
27358
27359
27361
27362
27365
27368
27369
27370
27371
27372
27373
27374
27375
27376
27377
27379
27381
27383
27385
27387
27394
27395
27396
27398
27399
27400
27401
27402
27406
27407
27410
27412
27413
27415
27416
27419
27422
27424
27425
27426
27429
27431
27432
27433
27434
27435
27436
27437
27441
27442
27443
27445
27446
27447
27448
27450
27453
27454
27455
27457
27458
27460
27462
27463
27464
27467
27470
27472
27473
27474
27475
27477
27478
27479
27480
27487
27489
27490
27491
27492
27493
27495
27497
27498
27503
27504
27508
27509
27510
27511
27513
27514
27519
27520
27522
27523
27525
27526
27527
27528
27529
27530
27531
27532
27533
27536
27537
27538
27539
27540
27541
27542
27543
27545
27546
27548
27549
27550
27551
27552
27553
27557
27558
27559
27560
27562
27564
27567
27568
27569
27572
27573
27575
27576
27577
27578
27580
27581
27582
27584
27586
27588
27590
27591
27593
27595
27596
27599
27606
27607
27608
27610
27616
27617
27618
27619
27620
27621
27623
27624
27626
27628
27629
27631
27633
27634
27635
27638
27639
27642
27644
27645
27647
27650
27651
27654
27655
27656
27657
27658
27660
27662
27663
27665
27666
27668
27669
27670
27672
27673
27675
27676
27679
27680
27682
27684
27686
27688
27690
27696
27697
27702
27707
27709
27712
27713
27716
27718
27722
27723
27724
27725
27726
27727
27728
27729
27731
27735
27737
27738
27739
27740
27745
27746
27747
27748
27749
27752
27753
27754
27756
27757
27758
27759
27760
27761
27763
27765
27766
27769
27770
27771
27772
27774
27775
27776
27777
27778
27781
27783
27784
27787
27788
27789
27790
27791
27792
27794
27798
27799
27800
27801
27803
27804
27807
27808
27813
27816
27817
27818
27820
27822
27824
27826
27827
27831
27832
27833
27834
27837
27838
27839
27840
27842
27843
27846
27847
27848
27850
27851
27852
27853
27854
27855
27860
27861
27863
27865
27867
27868
27869
27870
27871
27875
27876
27877
27878
27879
27880
27881
27882
27884
27886
27887
27891
27892
27895
27896
27898
27899
27901
27902
27904
27906
27907
27908
27915
27916
27917
27918
27920
27922
27926
27929
27930
27931
27934
27935
27936
27938
27939
27941
27942
27944
27947
27949
27950
27952
27953
27956
27957
27958
27963
27965
27966
27968
27969
27973
27974
27975
27977
27978
27980
27981
27984
27985
27988
27989
27991
27992
27993
27994
27997
27999
28000
28001
28002
28003
28005
28007
28010
28011
28012
28013
28017
28018
28021
28026
28028
28029
28030
28032
28033
28035
28036
28039
28041
28043
28044
28045
28046
28048
28049
28050
28051
28052
28055
28056
28057
28058
28059
28060
28063
28064
28065
28066
28070
28072
28073
28074
28075
28078
28081
28083
28084
28085
28086
28088
28089
28094
28095
28096
28098
28099
28100
28101
28103
28104
28105
28108
28111
28112
28114
28115
28116
28117
28119
28120
28122
28123
28124
28126
28128
28129
28130
28131
28132
28133
28134
28135
28136
28137
28138
28140
28141
28142
28143
28144
28145
28146
28147
28148
28149
28150
28153
28157
28158
28159
28161
28162
28163
28164
28165
28168
28169
28172
28173
28175
28176
28179
28181
28182
28185
28186
28188
28189
28190
28193
28195
28196
28197
28198
28199
28200
28202
28203
28205
28206
28207
28208
28209
28211
28212
28214
28215
28221
28222
28223
28224
28226
28227
28228
28234
28235
28236
28237
28238
28240
28242
28243
28244
28245
28246
28247
28248
28249
28250
28251
28253
28255
28256
28258
28259
28260
28261
28263
28264
28265
28267
28271
28272
28275
28276
28277
28278
28279
28280
28282
28283
28284
28290
28293
28294
28295
28296
28297
28300
28301
28302
28303
28304
28308
28309
28310
28312
28313
28314
28315
28317
28318
28319
28320
28321
28322
28323
28324
28325
28327
28329
28330
28331
28332
28333
28335
28337
28339
28340
28341
28343
28344
28345
28346
28347
28348
28351
28353
28355
28358
28359
28360
28362
28364
28365
28366
28367
28369
28371
28372
28373
28374
28375
28376
28379
28381
28382
28383
28384
28385
28386
28387
28389
28390
28391
28392
28397
28398
28399
28401
28404
28405
28409
28410
28411
28417
28418
28419
28422
28424
28426
28427
28429
28430
28432
28433
28434
28437
28441
28443
28444
28445
28446
28447
28448
28450
28451
28453
28456
28457
28458
28459
28462
28463
28464
28465
28466
28467
28468
28469
28473
28474
28476
28477
28479
28481
28483
28485
28487
28488
28489
28490
28493
28495
28496
28502
28505
28506
28507
28508
28511
28514
28515
28516
28517
28518
28520
28521
28522
28523
28524
28525
28526
28527
28529
28530
28532
28533
28534
28535
28537
28538
28540
28541
28542
28543
28544
28546
28547
28549
28550
28554
28555
28556
28557
28560
28561
28562
28564
28566
28568
28572
28573
28574
28575
28576
28579
28580
28583
28584
28585
28586
28587
28588
28591
28593
28595
28596
28598
28603
28605
28606
28607
28609
28611
28613
28614
28615
28617
28618
28621
28622
28625
28626
28629
28631
28632
28633
28634
28635
28636
28637
28639
28640
28641
28642
28643
28644
28645
28646
28647
28649
28650
28651
28652
28653
28654
28656
28658
28659
28662
28664
28665
28666
28667
28671
28672
28673
28675
28676
28678
28679
28682
28683
28684
28686
28688
28693
28696
28697
28698
28701
28702
28704
28707
28708
28709
28711
28712
28713
28714
28715
28718
28719
28720
28721
28724
28726
28728
28729
28730
28731
28732
28735
28736
28737
28738
28739
28740
28743
28744
28749
28750
28751
28752
28756
28757
28759
28760
28762
28763
28768
28769
28770
28771
28772
28773
28774
28775
28776
28777
28779
28780
28781
28783
28785
28786
28787
28790
28791
28793
28794
28795
28797
28798
28800
28803
28804
28806
28808
28809
28811
28812
28813
28816
28817
28818
28821
28822
28825
28828
28829
28830
28831
28832
28833
28834
28835
28837
28838
28840
28841
28842
28846
28847
28848
28851
28853
28854
28855
28858
28859
28860
28861
28862
28864
28865
28867
28869
28870
28872
28874
28875
28876
28877
28879
28883
28884
28886
28887
28889
28890
28891
28892
28893
28895
28897
28898
28900
28903
28904
28905
28908
28909
28910
28911
28913
28914
28916
28917
28918
28919
28920
28922
28923
28924
28925
28926
28929
28930
28931
28933
28934
28936
28937
28938
28939
28940
28941
28942
28943
28945
28948
28949
28955
28956
28957
28958
28960
28961
28964
28965
28966
28968
28969
28971
28973
28974
28975
28977
28979
28980
28985
28987
28989
28990
28992
28995
28996
28997
28999
29000
29002
29004
29005
29006
29007
29008
29010
29011
29014
29015
29016
29017
29018
29019
29021
29023
29024
29026
29027
29028
29029
29031
29032
29033
29034
29036
29037
29039
29040
29043
29044
29045
29046
29047
29048
29051
29053
29055
29058
29061
29062
29063
29065
29066
29067
29068
29069
29070
29073
29074
29076
29077
29078
29079
29080
29083
29086
29088
29089
29090
29092
29093
29094
29095
29096
29097
29099
29100
29103
29104
29108
29109
29112
29113
29114
29116
29117
29118
29121
29122
29123
29124
29125
29126
29127
29130
29131
29134
29136
29137
29138
29140
29141
29142
29144
29150
29152
29154
29155
29157
29158
29160
29161
29163
29165
29166
29167
29168
29171
29172
29174
29175
29176
29177
29178
29183
29184
29185
29187
29192
29193
29194
29195
29198
29199
29201
29205
29206
29207
29208
29210
29213
29214
29215
29216
29218
29220
29221
29222
29225
29226
29227
29228
29229
29230
29232
29233
29235
29236
29237
29238
29239
29241
29242
29243
29244
29245
29247
29249
29251
29252
29254
29255
29257
29258
29259
29260
29264
29265
29266
29267
29269
29270
29271
29272
29274
29275
29277
29278
29279
29280
29281
29285
29286
29289
29290
29292
29294
29295
29296
29297
29298
29299
29304
29305
29308
29309
29310
29312
29313
29314
29317
29319
29321
29323
29324
29325
29326
29327
29328
29329
29330
29333
29334
29335
29336
29339
29342
29345
29347
29349
29350
29351
29352
29353
29354
29357
29358
29359
29361
29362
29364
29365
29366
29367
29368
29372
29373
29374
29375
29378
29379
29380
29382
29383
29384
29385
29387
29388
29392
29396
29398
29400
29401
29403
29404
29405
29406
29408
29410
29412
29413
29415
29416
29417
29418
29420
29422
29424
29425
29426
29427
29429
29435
29440
29442
29445
29446
29447
29450
29451
29452
29453
29456
29460
29461
29462
29463
29464
29465
29466
29467
29468
29469
29470
29473
29474
29476
29477
29478
29479
29481
29484
29485
29489
29490
29491
29494
29495
29496
29497
29499
29501
29503
29505
29506
29507
29508
29510
29513
29514
29515
29517
29518
29519
29521
29524
29526
29528
29529
29530
29531
29532
29533
29534
29536
29538
29539
29542
29543
29545
29546
29548
29549
29552
29553
29554
29558
29559
29560
29561
29564
29565
29566
29568
29569
29570
29571
29572
29577
29579
29580
29582
29583
29584
29585
29587
29588
29589
29590
29591
29592
29593
29595
29596
29599
29601
29603
29604
29605
29606
29608
29609
29613
29614
29615
29616
29617
29618
29620
29622
29623
29624
29625
29626
29628
29630
29631
29632
29633
29634
29636
29639
29640
29642
29643
29646
29649
29650
29651
29654
29655
29656
29657
29658
29661
29662
29663
29665
29667
29669
29672
29673
29677
29678
29680
29681
29682
29685
29687
29688
29692
29693
29694
29695
29696
29698
29700
29701
29702
29703
29705
29707
29708
29709
29715
29716
29718
29720
29721
29723
29725
29728
29729
29732
29733
29735
29737
29738
29739
29741
29742
29743
29744
29745
29749
29750
29751
29753
29755
29758
29760
29761
29762
29764
29771
29772
29774
29777
29778
29780
29781
29782
29785
29786
29787
29788
29789
29791
29792
29793
29794
29795
29798
29799
29800
29801
29803
29804
29806
29807
29808
29809
29810
29811
29812
29813
29814
29815
29816
29817
29818
29821
29822
29823
29824
29825
29826
29828
29829
29831
29832
29833
29834
29835
29838
29839
29844
29845
29846
29851
29852
29856
29859
29860
29861
29863
29865
29866
29869
29874
29876
29877
29879
29881
29882
29883
29884
29885
29886
29887
29888
29889
29890
29891
29892
29893
29894
29895
29898
29900
29906
29907
29908
29910
29911
29913
29916
29918
29920
29921
29923
29925
29926
29928
29929
29930
29931
29932
29933
29935
29938
29939
29940
29942
29944
29945
29950
29951
29952
29954
29955
29958
29959
29961
29962
29964
29968
29971
29972
29975
29976
29978
29980
29981
29982
29983
29984
29986
29988
29989
29990
29991
29992
29995
29996
29997
29998
30001
30003
30004
30005
30007
30009
30010
30012
30013
30014
30015
30016
30018
30020
30022
30024
30025
30026
30027
30030
30033
30034
30035
30036
30037
30038
30041
30043
30044
30047
30050
30051
30052
30053
30054
30056
30058
30059
30060
30061
30064
30065
30068
30069
30070
30071
30072
30073
30075
30076
30077
30078
30080
30081
30085
30086
30087
30088
30090
30091
30092
30094
30095
30096
30097
30098
30100
30101
30102
30103
30105
30112
30115
30118
30119
30120
30121
30126
30128
30130
30131
30132
30133
30135
30136
30138
30139
30140
30142
30143
30144
30145
30146
30147
30148
30149
30150
30151
30152
30154
30156
30158
30159
30162
30163
30164
30165
30166
30168
30170
30171
30172
30173
30175
30177
30179
30180
30181
30182
30184
30185
30187
30189
30190
30191
30192
30193
30198
30199
30200
30201
30204
30205
30206
30207
30208
30211
30212
30215
30217
30219
30220
30221
30223
30226
30227
30228
30229
30231
30232
30234
30235
30238
30239
30243
30245
30247
30248
30250
30253
30256
30257
30258
30264
30266
30268
30269
30270
30271
30272
30275
30276
30278
30281
30282
30284
30287
30288
30289
30291
30292
30293
30297
30299
30303
30304
30305
30309
30310
30311
30313
30314
30316
30317
30318
30321
30322
30324
30326
30328
30329
30330
30332
30333
30334
30336
30338
30341
30342
30344
30346
30348
30349
30350
30351
30352
30354
30355
30357
30358
30359
30362
30365
30367
30368
30369
30371
30374
30376
30377
30378
30380
30382
30384
30385
30386
30389
30395
30396
30397
30399
30400
30401
30402
30403
30405
30406
30408
30410
30411
30412
30413
30415
30416
30417
30420
30422
30423
30424
30426
30427
30428
30429
30431
30432
30436
30437
30438
30439
30442
30444
30447
30450
30451
30455
30456
30459
30460
30461
30463
30464
30466
30467
30468
30470
30471
30472
30473
30476
30477
30478
30480
30481
30483
30484
30485
30488
30489
30492
30493
30494
30495
30496
30498
30500
30503
30505
30506
30508
30510
30511
30512
30513
30517
30521
30522
30524
30525
30526
30528
30530
30532
30535
30538
30539
30540
30541
30544
30545
30550
30552
30554
30555
30557
30559
30560
30561
30562
30564
30565
30569
30570
30571
30572
30573
30575
30576
30579
30580
30581
30582
30586
30588
30589
30590
30592
30593
30595
30601
30606
30607
30608
30609
30611
30612
30613
30614
30615
30616
30620
30622
30623
30624
30625
30626
30627
30628
30630
30631
30632
30634
30637
30639
30640
30642
30643
30644
30646
30647
30648
30649
30650
30651
30652
30653
30656
30658
30659
30660
30661
30665
30667
30669
30670
30671
30672
30674
30675
30680
30681
30682
30683
30686
30689
30691
30693
30694
30699
30700
30703
30706
30707
30709
30712
30713
30714
30715
30716
30717
30718
30719
30720
30723
30724
30729
30731
30733
30734
30735
30736
30737
30738
30739
30740
30741
30744
30745
30746
30750
30751
30752
30753
30755
30756
30757
30761
30762
30764
30765
30766
30768
30769
30771
30772
30774
30775
30776
30777
30778
30780
30781
30784
30785
30786
30787
30789
30793
30794
30797
30798
30799
30800
30801
30804
30806
30807
30808
30809
30813
30817
30819
30820
30821
30822
30824
30825
30828
30829
30832
30833
30837
30839
30840
30841
30842
30843
30845
30848
30849
30850
30854
30855
30856
30858
30859
30861
30862
30864
30867
30868
30870
30871
30872
30877
30878
30880
30882
30886
30887
30889
30890
30892
30893
30895
30897
30898
30899
30900
30902
30903
30904
30905
30906
30908
30910
30911
30912
30913
30914
30915
30918
30919
30920
30921
30922
30927
30928
30931
30932
30934
30937
30938
30939
30942
30944
30945
30946
30947
30948
30950
30951
30952
30953
30956
30959
30960
30962
30964
30965
30966
30967
30969
30970
30971
30975
30976
30979
30980
30981
30982
30983
30984
30985
30986
30988
30989
30991
30992
30993
30995
30998
31000
31001
31002
31004
31005
31006
31008
31009
31010
31011
31018
31019
31025
31032
31038
31039
31040
31042
31047
31048
31049
31050
31051
31053
31056
31057
31058
31060
31061
31063
31065
31068
31069
31071
31074
31075
31077
31079
31081
31083
31084
31086
31087
31088
31089
31094
31096
31102
31104
31105
31106
31107
31109
31112
31113
31114
31115
31119
31120
31121
31122
31123
31127
31128
31129
31130
31135
31136
31138
31140
31141
31142
31146
31147
31149
31151
31152
31155
31156
31157
31158
31159
31160
31161
31162
31163
31164
31166
31168
31172
31175
31176
31177
31180
31186
31187
31188
31190
31191
31192
31193
31194
31195
31197
31200
31202
31203
31209
31210
31213
31216
31217
31218
31221
31224
31227
31229
31231
31233
31236
31237
31239
31240
31241
31244
31245
31246
31247
31249
31251
31252
31253
31256
31258
31261
31263
31264
31266
31268
31269
31270
31271
31272
31273
31274
31275
31276
31278
31279
31280
31281
31284
31285
31286
31287
31288
31290
31293
31296
31297
31299
31300
31301
31302
31304
31305
31308
31309
31311
31312
31316
31318
31323
31324
31327
31331
31332
31333
31334
31337
31340
31342
31344
31345
31348
31349
31350
31351
31352
31353
31354
31357
31359
31360
31361
31362
31365
31366
31368
31370
31373
31374
31376
31380
31382
31384
31386
31387
31388
31389
31391
31394
31397
31398
31399
31400
31401
31406
31407
31408
31410
31411
31412
31413
31415
31416
31418
31419
31422
31424
31428
31429
31431
31432
31433
31434
31438
31440
31442
31445
31446
31447
31448
31449
31450
31452
31453
31455
31456
31458
31459
31464
31465
31466
31467
31468
31470
31471
31475
31476
31477
31478
31479
31481
31483
31484
31485
31487
31488
31491
31492
31493
31494
31495
31496
31497
31498
31502
31503
31504
31505
31509
31510
31512
31513
31516
31519
31520
31521
31523
31524
31525
31528
31529
31531
31532
31535
31536
31539
31540
31542
31544
31545
31546
31547
31548
31549
31550
31551
31553
31554
31556
31558
31559
31561
31562
31563
31564
31565
31567
31568
31570
31571
31573
31574
31575
31578
31579
31580
31581
31584
31585
31587
31588
31590
31591
31592
31593
31595
31596
31599
31600
31603
31604
31607
31609
31615
31616
31617
31619
31621
31622
31623
31625
31627
31628
31630
31632
31634
31637
31638
31639
31640
31643
31645
31646
31647
31648
31649
31650
31651
31652
31653
31657
31660
31661
31662
31664
31667
31668
31669
31671
31673
31674
31675
31676
31677
31679
31681
31682
31685
31686
31687
31688
31689
31691
31692
31694
31699
31701
31704
31706
31707
31708
31710
31715
31716
31717
31719
31720
31721
31723
31724
31728
31729
31730
31731
31733
31734
31735
31738
31741
31744
31745
31746
31747
31748
31749
31750
31752
31753
31755
31758
31760
31763
31766
31770
31772
31775
31776
31777
31779
31781
31784
31785
31787
31788
31792
31794
31796
31798
31801
31802
31804
31805
31806
31807
31808
31810
31814
31816
31817
31820
31822
31824
31825
31826
31827
31828
31829
31830
31833
31834
31835
31838
31839
31841
31842
31843
31845
31846
31847
31848
31849
31850
31851
31852
31853
31856
31867
31868
31869
31870
31871
31875
31876
31877
31878
31879
31880
31881
31882
31883
31884
31886
31887
31888
31889
31891
31892
31894
31895
31897
31899
31901
31902
31903
31904
31905
31907
31908
31909
31912
31914
31915
31916
31918
31919
31920
31924
31925
31927
31928
31929
31932
31933
31934
31935
31938
31939
31941
31942
31943
31944
31945
31947
31948
31949
31950
31951
31952
31954
31956
31957
31959
31960
31961
31963
31965
31966
31968
31975
31977
31982
31983
31984
31987
31989
31990
31991
31992
31993
31996
31999
32000
32001
32002
32004
32005
32006
32007
32008
32010
32011
32013
32015
32019
32021
32022
32023
32025
32026
32028
32030
32031
32032
32034
32035
32036
32037
32038
32040
32042
32044
32045
32046
32048
32049
32050
32052
32054
32057
32061
32062
32064
32065
32066
32069
32070
32071
32074
32075
32077
32078
32079
32080
32081
32082
32084
32085
32088
32092
32093
32094
32095
32097
32098
32099
32103
32105
32106
32111
32114
32115
32116
32119
32122
32124
32125
32127
32128
32130
32132
32134
32135
32137
32138
32139
32140
32141
32142
32144
32145
32146
32147
32148
32149
32150
32152
32154
32155
32156
32159
32163
32164
32165
32166
32167
32172
32173
32174
32175
32181
32184
32185
32186
32188
32189
32191
32193
32194
32195
32196
32197
32201
32202
32203
32204
32205
32206
32207
32208
32209
32213
32215
32217
32218
32219
32221
32222
32223
32224
32225
32226
32228
32229
32230
32233
32235
32237
32240
32241
32242
32243
32245
32247
32248
32249
32251
32252
32253
32254
32255
32256
32257
32259
32260
32263
32266
32267
32268
32270
32272
32274
32276
32277
32278
32279
32280
32281
32282
32283
32284
32286
32287
32289
32294
32295
32296
32297
32298
32300
32301
32302
32303
32305
32307
32308
32310
32314
32315
32316
32317
32318
32321
32322
32323
32324
32325
32327
32328
32330
32331
32332
32333
32334
32336
32339
32340
32342
32343
32344
32345
32346
32348
32349
32353
32358
32360
32361
32363
32365
32366
32367
32368
32369
32371
32372
32374
32378
32379
32381
32382
32383
32386
32387
32388
32391
32393
32394
32396
32398
32400
32401
32402
32403
32404
32407
32408
32409
32410
32411
32414
32416
32417
32418
32420
32422
32423
32424
32426
32427
32431
32432
32433
32434
32435
32438
32439
32441
32442
32444
32445
32446
32448
32449
32450
32452
32453
32454
32455
32456
32458
32459
32460
32461
32463
32464
32465
32466
32467
32468
32469
32471
32472
32473
32474
32477
32478
32479
32481
32482
32484
32485
32486
32487
32491
32492
32493
32494
32495
32496
32497
32499
32500
32502
32504
32505
32506
32507
32509
32510
32511
32514
32517
32519
32520
32522
32523
32524
32525
32526
32528
32531
32532
32533
32536
32538
32539
32540
32542
32544
32547
32549
32552
32553
32555
32556
32557
32558
32559
32560
32561
32565
32567
32568
32573
32575
32576
32579
32581
32582
32583
32584
32586
32588
32591
32593
32594
32595
32596
32597
32598
32599
32600
32601
32602
32606
32607
32610
32611
32612
32613
32614
32618
32620
32621
32627
32628
32629
32631
32632
32633
32638
32640
32642
32644
32647
32649
32654
32656
32658
32659
32660
32662
32663
32664
32666
32670
32671
32672
32673
32676
32677
32678
32681
32682
32683
32684
32688
32693
32694
32695
32697
32698
32700
32701
32705
32706
32708
32709
32711
32713
32714
32716
32721
32722
32723
32724
32725
32728
32729
32730
32731
32732
32733
32734
32735
32737
32740
32744
32745
32746
32750
32753
32754
32756
32757
32759
32761
32762
32763
32764
32765
32766
32767
32768
32769
32770
32771
32772
32775
32776
32777
32778
32779
32783
32787
32789
32793
32797
32798
32799
32800
32803
32807
32808
32810
32812
32814
32815
32816
32817
32819
32820
32821
32822
32823
32824
32826
32827
32828
32829
32833
32834
32835
32837
32840
32841
32842
32843
32844
32845
32846
32848
32849
32851
32853
32854
32855
32856
32857
32859
32860
32861
32862
32863
32866
32867
32869
32870
32871
32872
32874
32876
32878
32879
32881
32882
32885
32886
32889
32891
32893
32894
32895
32896
32898
32899
32900
32901
32902
32903
32906
32907
32908
32911
32912
32913
32915
32916
32917
32918
32919
32920
32921
32922
32923
32924
32927
32928
32931
32932
32934
32935
32938
32939
32940
32943
32945
32946
32947
32949
32950
32955
32956
32957
32958
32960
32965
32968
32972
32974
32976
32977
32978
32979
32981
32982
32985
32987
32989
32991
32992
32993
32995
32996
32997
32999
33000
33001
33002
33003
33005
33008
33010
33011
33014
33016
33017
33018
33020
33025
33029
33030
33031
33032
33033
33034
33035
33036
33037
33042
33043
33044
33046
33049
33050
33051
33052
33053
33054
33055
33056
33057
33062
33063
33065
33066
33068
33070
33072
33073
33074
33075
33078
33079
33082
33084
33085
33087
33088
33090
33091
33092
33097
33098
33099
33100
33101
33103
33104
33105
33112
33116
33118
33119
33121
33123
33125
33128
33129
33130
33131
33132
33133
33136
33137
33138
33139
33147
33148
33149
33150
33151
33154
33155
33156
33157
33158
33159
33160
33161
33162
33164
33168
33169
33172
33173
33174
33175
33176
33177
33178
33182
33183
33184
33186
33187
33188
33191
33193
33194
33198
33201
33202
33204
33207
33208
33209
33210
33211
33213
33217
33219
33221
33222
33227
33231
33232
33233
33234
33235
33236
33237
33238
33239
33240
33242
33243
33245
33248
33249
33250
33251
33252
33253
33255
33256
33257
33258
33261
33262
33263
33266
33271
33272
33275
33276
33280
33282
33284
33285
33287
33288
33291
33293
33295
33297
33300
33305
33306
33307
33308
33309
33312
33315
33316
33318
33319
33320
33321
33322
33324
33325
33328
33329
33330
33331
33332
33334
33335
33337
33338
33341
33344
33345
33347
33349
33351
33352
33355
33356
33357
33358
33359
33360
33361
33362
33363
33366
33367
33368
33371
33373
33374
33376
33377
33378
33379
33381
33382
33383
33384
33385
33386
33388
33389
33391
33395
33396
33398
33399
33400
33405
33407
33409
33411
33413
33415
33417
33419
33420
33421
33422
33423
33425
33426
33427
33429
33430
33431
33432
33434
33435
33437
33439
33440
33441
33443
33444
33445
33449
33450
33451
33452
33454
33455
33456
33458
33460
33461
33465
33466
33467
33468
33469
33470
33471
33472
33473
33474
33475
33476
33478
33479
33485
33486
33487
33488
33489
33491
33493
33494
33496
33499
33502
33504
33507
33508
33509
33511
33514
33515
33516
33517
33518
33520
33521
33526
33527
33528
33529
33530
33535
33536
33538
33539
33540
33541
33544
33545
33546
33549
33551
33552
33554
33555
33556
33558
33559
33563
33567
33569
33570
33571
33572
33573
33574
33577
33578
33579
33580
33581
33583
33584
33586
33587
33589
33590
33591
33593
33594
33595
33596
33597
33598
33599
33601
33604
33605
33606
33608
33609
33610
33611
33613
33614
33615
33616
33623
33624
33625
33626
33627
33635
33636
33639
33640
33643
33644
33645
33646
33647
33648
33649
33651
33654
33655
33656
33657
33658
33661
33662
33664
33666
33667
33669
33672
33673
33674
33675
33677
33679
33681
33682
33683
33687
33691
33692
33693
33694
33696
33699
33700
33701
33705
33707
33708
33710
33712
33713
33715
33716
33717
33718
33719
33725
33726
33727
33729
33731
33732
33734
33736
33737
33738
33739
33740
33742
33743
33744
33747
33748
33749
33750
33751
33752
33754
33755
33756
33757
33760
33761
33763
33764
33765
33767
33769
33770
33773
33776
33777
33779
33780
33781
33782
33783
33784
33785
33788
33791
33792
33793
33794
33795
33796
33797
33798
33800
33801
33803
33804
33805
33807
33808
33810
33811
33814
33815
33817
33819
33822
33824
33825
33832
33833
33835
33837
33839
33841
33843
33848
33851
33855
33856
33857
33860
33861
33864
33865
33866
33867
33868
33870
33872
33874
33875
33876
33879
33880
33882
33883
33885
33887
33888
33891
33892
33893
33894
33897
33901
33903
33906
33909
33910
33912
33914
33915
33919
33920
33924
33925
33927
33929
33931
33932
33933
33934
33935
33936
33937
33938
33941
33942
33943
33944
33945
33948
33949
33950
33952
33953
33954
33955
33958
33959
33961
33963
33964
33965
33969
33970
33971
33972
33973
33974
33979
33980
33983
33985
33987
33991
33995
33996
33997
33999
34001
34002
34004
34005
34008
34009
34011
34013
34014
34015
34016
34018
34019
34020
34021
34023
34024
34028
34030
34032
34033
34034
34037
34039
34040
34041
34042
34045
34046
34047
34048
34051
34054
34055
34056
34058
34059
34060
34066
34067
34071
34074
34077
34079
34081
34082
34083
34084
34087
34089
34092
34093
34094
34095
34096
34097
34098
34101
34103
34104
34111
34112
34117
34118
34119
34120
34121
34122
34123
34124
34126
34127
34129
34131
34132
34134
34135
34136
34137
34138
34139
34140
34141
34142
34143
34144
34145
34147
34149
34151
34156
34157
34158
34159
34161
34165
34166
34169
34170
34172
34173
34174
34175
34176
34177
34178
34179
34181
34182
34183
34186
34188
34189
34190
34191
34192
34193
34195
34198
34200
34201
34202
34203
34204
34206
34209
34214
34217
34218
34220
34221
34222
34223
34224
34225
34226
34228
34229
34230
34232
34233
34234
34235
34236
34237
34238
34240
34241
34245
34246
34248
34249
34251
34252
34253
34254
34255
34257
34258
34262
34264
34265
34266
34268
34269
34270
34272
34273
34274
34276
34277
34278
34279
34280
34281
34282
34283
34285
34286
34287
34292
34293
34294
34298
34299
34300
34301
34302
34304
34305
34306
34307
34312
34313
34314
34315
34317
34318
34319
34320
34321
34324
34327
34328
34331
34334
34335
34336
34338
34339
34340
34341
34342
34345
34346
34347
34348
34349
34351
34353
34354
34357
34358
34363
34364
34365
34367
34368
34370
34372
34373
34374
34375
34376
34377
34378
34379
34380
34383
34384
34385
34386
34387
34388
34389
34393
34396
34397
34401
34402
34403
34405
34407
34408
34409
34411
34415
34417
34418
34419
34420
34421
34424
34425
34426
34430
34433
34434
34435
34436
34437
34439
34440
34441
34447
34450
34451
34452
34453
34454
34455
34457
34458
34460
34461
34462
34463
34464
34466
34469
34470
34471
34472
34475
34477
34479
34480
34481
34482
34484
34486
34487
34490
34491
34494
34495
34496
34497
34498
34499
34501
34502
34507
34508
34511
34513
34514
34515
34516
34519
34521
34522
34523
34524
34525
34526
34528
34529
34531
34532
34534
34535
34536
34538
34539
34540
34541
34544
34546
34547
34548
34550
34551
34553
34554
34556
34558
34559
34560
34562
34563
34567
34569
34572
34573
34574
34579
34581
34582
34583
34585
34586
34587
34588
34590
34591
34592
34593
34594
34597
34598
34599
34600
34601
34602
34604
34605
34606
34607
34608
34609
34610
34613
34617
34618
34619
34620
34621
34622
34623
34624
34626
34627
34629
34631
34633
34634
34635
34636
34637
34638
34639
34641
34642
34643
34645
34646
34647
34648
34652
34653
34654
34655
34656
34658
34663
34664
34667
34668
34669
34670
34671
34672
34674
34675
34677
34678
34681
34682
34683
34684
34685
34686
34687
34688
34689
34690
34692
34693
34695
34698
34699
34700
34705
34707
34709
34710
34711
34714
34717
34718
34719
34720
34721
34722
34723
34724
34725
34726
34727
34729
34730
34732
34733
34734
34737
34738
34739
34741
34742
34743
34744
34747
34749
34751
34754
34755
34758
34759
34761
34763
34764
34765
34768
34769
34770
34771
34773
34774
34778
34779
34781
34782
34783
34785
34786
34788
34790
34791
34792
34794
34796
34797
34798
34800
34801
34807
34808
34809
34810
34812
34814
34816
34820
34821
34822
34823
34824
34826
34830
34832
34834
34838
34841
34843
34844
34847
34848
34849
34850
34851
34855
34857
34859
34860
34862
34863
34865
34867
34868
34870
34873
34875
34878
34879
34880
34883
34885
34887
34890
34893
34894
34895
34898
34899
34900
34902
34904
34905
34906
34908
34909
34910
34911
34917
34918
34920
34921
34922
34925
34928
34931
34933
34934
34936
34937
34938
34941
34942
34944
34945
34946
34947
34949
34950
34955
34956
34957
34958
34960
34961
34963
34965
34966
34969
34971
34972
34973
34975
34976
34977
34978
34979
34980
34983
34984
34985
34986
34987
34991
34992
34994
34995
34997
34998
35000
35002
35003
35004
35006
35008
35009
35011
35012
35013
35014
35015
35016
35020
35021
35022
35023
35024
35028
35031
35032
35034
35035
35036
35037
35038
35042
35043
35045
35047
35048
35050
35053
35054
35055
35056
35057
35060
35061
35062
35063
35064
35066
35069
35071
35072
35074
35075
35080
35081
35083
35084
35085
35086
35088
35089
35090
35091
35093
35095
35096
35097
35098
35099
35100
35101
35102
35105
35107
35109
35110
35111
35113
35114
35115
35117
35118
35121
35125
35128
35130
35132
35133
35134
35135
35140
35141
35144
35146
35147
35150
35152
35153
35155
35156
35159
35160
35161
35162
35163
35165
35166
35168
35169
35171
35172
35174
35178
35179
35180
35182
35185
35187
35188
35191
35194
35196
35197
35198
35199
35200
35204
35208
35209
35210
35211
35212
35213
35214
35215
35216
35218
35220
35224
35225
35226
35227
35230
35232
35233
35235
35238
35241
35243
35244
35245
35248
35250
35252
35254
35255
35256
35258
35259
35260
35262
35265
35267
35268
35269
35270
35271
35272
35273
35274
35276
35280
35282
35285
35286
35289
35292
35293
35294
35295
35296
35299
35300
35301
35302
35305
35306
35307
35309
35312
35313
35315
35317
35318
35323
35324
35329
35330
35332
35334
35335
35336
35338
35339
35340
35341
35343
35344
35345
35349
35352
35353
35354
35355
35356
35357
35358
35360
35364
35365
35366
35367
35368
35369
35370
35372
35373
35374
35375
35376
35378
35387
35388
35391
35394
35397
35398
35399
35400
35405
35406
35407
35408
35410
35411
35412
35413
35415
35416
35417
35422
35423
35424
35426
35427
35432
35435
35436
35438
35440
35441
35443
35445
35447
35448
35451
35453
35455
35456
35461
35462
35465
35466
35468
35469
35470
35471
35473
35474
35475
35476
35477
35479
35482
35483
35486
35488
35489
35491
35492
35494
35495
35496
35497
35498
35499
35500
35501
35502
35505
35506
35508
35511
35513
35514
35516
35518
35521
35522
35523
35524
35525
35529
35530
35535
35536
35537
35541
35542
35544
35546
35547
35548
35551
35552
35555
35556
35561
35562
35564
35567
35568
35569
35570
35571
35572
35574
35575
35577
35578
35579
35580
35583
35584
35587
35588
35589
35591
35592
35594
35595
35597
35598
35600
35601
35602
35603
35604
35606
35607
35610
35612
35614
35616
35618
35620
35621
35622
35624
35625
35626
35627
35628
35629
35630
35632
35633
35635
35637
35638
35639
35640
35641
35643
35644
35646
35647
35648
35650
35652
35654
35655
35656
35657
35658
35659
35661
35663
35664
35665
35669
35671
35672
35673
35674
35677
35678
35679
35681
35683
35686
35689
35691
35692
35694
35696
35697
35699
35701
35702
35704
35707
35708
35709
35711
35713
35715
35716
35718
35720
35722
35723
35727
35728
35731
35732
35734
35735
35737
35738
35740
35741
35743
35744
35745
35746
35747
35751
35752
35755
35757
35760
35761
35763
35764
35765
35768
35770
35775
35776
35777
35778
35779
35780
35782
35784
35785
35788
35790
35795
35797
35798
35799
35801
35804
35805
35806
35807
35808
35815
35819
35820
35821
35822
35823
35824
35828
35832
35833
35834
35835
35836
35839
35840
35841
35842
35843
35844
35845
35846
35847
35848
35849
35850
35851
35852
35854
35855
35859
35860
35863
35864
35866
35868
35871
35872
35875
35877
35878
35879
35881
35882
35883
35884
35886
35887
35890
35891
35893
35896
35898
35899
35902
35905
35906
35909
35910
35913
35914
35915
35916
35919
35921
35922
35923
35924
35926
35928
35930
35931
35932
35933
35935
35937
35938
35939
35942
35945
35947
35948
35949
35953
35954
35957
35958
35959
35960
35961
35964
35965
35966
35967
35971
35973
35974
35975
35976
35977
35978
35979
35981
35986
35992
35993
35994
35995
35996
35999
36001
36004
36006
36008
36009
36011
36012
36013
36016
36017
36018
36019
36023
36024
36025
36026
36028
36029
36030
36031
36033
36035
36036
36037
36038
36039
36040
36041
36043
36044
36048
36050
36052
36054
36055
36056
36057
36058
36059
36060
36061
36062
36063
36067
36068
36069
36070
36072
36077
36080
36081
36082
36083
36085
36086
36088
36089
36090
36091
36092
36093
36094
36095
36096
36097
36098
36100
36102
36103
36104
36105
36107
36111
36116
36119
36120
36122
36123
36124
36125
36126
36127
36129
36130
36131
36132
36134
36135
36137
36138
36140
36141
36143
36144
36145
36151
36152
36154
36156
36160
36164
36165
36168
36169
36170
36172
36173
36177
36180
36183
36184
36188
36190
36192
36194
36195
36198
36200
36201
36203
36207
36209
36210
36213
36214
36215
36217
36218
36220
36221
36222
36223
36224
36227
36230
36231
36232
36234
36235
36236
36238
36240
36241
36244
36246
36249
36250
36253
36255
36256
36257
36258
36259
36261
36264
36267
36268
36271
36272
36273
36274
36275
36276
36278
36280
36281
36282
36286
36287
36288
36291
36292
36296
36297
36298
36299
36301
36304
36305
36307
36308
36311
36312
36314
36315
36316
36317
36320
36323
36324
36326
36327
36328
36330
36331
36333
36336
36337
36338
36339
36342
36343
36344
36345
36346
36347
36348
36349
36353
36354
36355
36356
36357
36360
36361
36362
36364
36365
36366
36367
36368
36370
36371
36373
36374
36375
36378
36381
36382
36383
36384
36386
36387
36388
36390
36391
36392
36395
36396
36397
36399
36400
36403
36406
36409
36412
36413
36414
36415
36416
36420
36422
36423
36425
36426
36427
36430
36431
36432
36436
36438
36439
36440
36441
36442
36443
36444
36445
36446
36449
36450
36451
36452
36453
36454
36457
36459
36460
36461
36462
36465
36467
36470
36471
36472
36474
36476
36477
36481
36483
36485
36486
36488
36491
36493
36497
36498
36500
36503
36504
36505
36506
36508
36509
36513
36516
36517
36519
36521
36523
36524
36526
36529
36530
36533
36534
36536
36537
36538
36539
36540
36543
36544
36545
36547
36548
36549
36553
36554
36558
36559
36561
36562
36563
36565
36567
36568
36570
36571
36573
36574
36575
36576
36577
36578
36579
36580
36582
36583
36585
36586
36588
36589
36595
36596
36599
36601
36604
36606
36608
36609
36610
36612
36613
36614
36615
36616
36619
36621
36622
36623
36624
36626
36627
36629
36630
36631
36632
36634
36638
36639
36642
36643
36646
36647
36650
36652
36654
36655
36656
36658
36660
36662
36663
36664
36666
36668
36669
36670
36671
36673
36674
36675
36678
36682
36683
36684
36685
36686
36687
36688
36689
36691
36693
36694
36695
36696
36697
36699
36700
36702
36703
36704
36705
36706
36707
36708
36709
36711
36713
36716
36718
36720
36721
36722
36723
36724
36725
36727
36729
36735
36736
36738
36739
36740
36741
36742
36744
36745
36746
36748
36749
36751
36752
36753
36754
36757
36759
36760
36762
36763
36766
36767
36769
36770
36771
36772
36773
36775
36776
36782
36785
36786
36789
36791
36792
36793
36794
36797
36798
36799
36800
36802
36804
36805
36806
36807
36808
36811
36812
36813
36814
36815
36816
36817
36818
36819
36820
36821
36822
36823
36824
36825
36828
36831
36833
36834
36835
36837
36839
36842
36845
36846
36847
36848
36849
36850
36851
36853
36854
36856
36857
36858
36859
36863
36865
36866
36867
36868
36870
36872
36873
36875
36876
36878
36879
36881
36883
36884
36885
36890
36891
36893
36894
36895
36896
36897
36899
36900
36903
36906
36907
36910
36912
36913
36914
36916
36917
36919
36921
36922
36923
36924
36925
36926
36928
36929
36930
36932
36934
36935
36938
36939
36940
36941
36942
36943
36944
36945
36946
36947
36949
36950
36952
36954
36956
36957
36958
36959
36960
36961
36963
36964
36965
36966
36968
36974
36978
36979
36980
36981
36982
36983
36985
36986
36987
36989
36990
36992
36993
36994
36996
36998
36999
37000
37001
37002
37003
37004
37007
37010
37013
37014
37015
37016
37018
37020
37023
37024
37025
37026
37028
37029
37031
37035
37037
37039
37043
37044
37046
37047
37048
37049
37050
37052
37053
37054
37056
37057
37058
37059
37060
37061
37062
37063
37065
37066
37068
37069
37071
37074
37075
37076
37077
37080
37081
37082
37084
37087
37088
37089
37091
37092
37094
37095
37098
37099
37100
37103
37105
37106
37109
37112
37113
37114
37115
37116
37119
37120
37121
37124
37125
37127
37128
37129
37130
37131
37133
37134
37135
37136
37140
37143
37145
37146
37147
37148
37149
37151
37154
37161
37162
37165
37166
37167
37168
37169
37170
37171
37172
37173
37174
37175
37178
37179
37181
37182
37183
37185
37186
37188
37189
37190
37191
37192
37193
37197
37199
37201
37204
37205
37206
37208
37209
37210
37212
37214
37217
37218
37220
37222
37223
37224
37225
37226
37227
37228
37229
37231
37232
37241
37242
37244
37245
37246
37247
37248
37249
37250
37251
37254
37256
37257
37259
37260
37261
37262
37263
37267
37268
37269
37270
37273
37275
37276
37277
37278
37279
37280
37281
37283
37284
37285
37288
37290
37291
37294
37295
37301
37303
37306
37308
37310
37312
37313
37314
37315
37318
37321
37322
37327
37332
37333
37336
37337
37344
37345
37347
37351
37352
37353
37355
37356
37359
37360
37361
37363
37364
37365
37366
37367
37368
37369
37372
37373
37375
37378
37379
37380
37382
37383
37392
37394
37396
37398
37399
37400
37402
37403
37404
37407
37410
37411
37412
37414
37415
37416
37417
37418
37423
37426
37428
37431
37433
37434
37436
37439
37440
37441
37442
37443
37444
37447
37448
37450
37451
37452
37453
37456
37457
37458
37463
37464
37465
37466
37468
37469
37470
37472
37473
37474
37475
37476
37477
37481
37483
37484
37485
37486
37488
37489
37491
37495
37497
37498
37499
37500
37502
37506
37508
37509
37510
37511
37513
37516
37517
37520
37524
37527
37528
37534
37535
37536
37538
37539
37540
37541
37543
37544
37548
37549
37550
37551
37552
37553
37555
37556
37557
37558
37560
37561
37562
37563
37564
37565
37566
37568
37572
37575
37576
37579
37581
37584
37587
37588
37589
37590
37592
37593
37594
37596
37598
37600
37602
37603
37605
37609
37610
37612
37614
37615
37619
37620
37621
37624
37628
37629
37630
37631
37632
37633
37635
37637
37639
37641
37643
37646
37648
37649
37651
37652
37653
37654
37655
37657
37658
37659
37661
37663
37666
37667
37668
37669
37670
37671
37673
37674
37675
37676
37678
37679
37682
37683
37684
37686
37688
37689
37690
37691
37694
37695
37696
37697
37698
37699
37702
37704
37705
37706
37707
37709
37710
37711
37713
37714
37715
37716
37717
37718
37720
37721
37722
37723
37724
37726
37727
37728
37729
37734
37735
37736
37738
37739
37740
37741
37743
37744
37745
37749
37751
37753
37754
37755
37756
37759
37762
37763
37764
37765
37766
37767
37768
37769
37770
37771
37772
37773
37775
37776
37778
37779
37783
37785
37786
37787
37788
37789
37790
37793
37795
37797
37798
37802
37807
37808
37810
37812
37813
37814
37816
37818
37822
37826
37827
37828
37829
37831
37836
37837
37839
37840
37841
37842
37843
37844
37845
37847
37849
37850
37853
37854
37855
37856
37857
37859
37861
37862
37864
37865
37866
37868
37869
37870
37871
37873
37874
37876
37877
37879
37880
37882
37883
37884
37886
37887
37888
37889
37891
37892
37894
37895
37899
37900
37901
37902
37905
37908
37910
37912
37913
37914
37915
37916
37918
37919
37921
37922
37924
37925
37932
37934
37935
37936
37937
37939
37941
37942
37947
37950
37952
37953
37955
37956
37957
37958
37959
37960
37963
37966
37967
37969
37970
37971
37974
37975
37976
37978
37980
37981
37984
37985
37986
37987
37988
37990
37991
37992
37995
37997
38000
38001
38002
38003
38005
38006
38007
38008
38009
38011
38012
38013
38016
38017
38018
38019
38020
38023
38024
38027
38029
38030
38031
38032
38033
38034
38038
38039
38040
38041
38042
38043
38045
38046
38047
38053
38055
38056
38058
38062
38063
38064
38065
38066
38069
38070
38072
38073
38074
38080
38081
38083
38084
38085
38086
38087
38088
38089
38090
38091
38092
38093
38094
38095
38096
38098
38099
38100
38102
38103
38105
38106
38108
38109
38110
38111
38112
38114
38116
38118
38123
38125
38126
38127
38129
38130
38133
38134
38135
38137
38138
38139
38142
38145
38146
38148
38150
38151
38153
38154
38156
38158
38159
38160
38161
38162
38163
38164
38165
38166
38169
38170
38171
38172
38173
38174
38175
38176
38177
38179
38180
38181
38183
38185
38187
38188
38193
38194
38196
38197
38201
38203
38204
38205
38209
38211
38212
38214
38216
38217
38218
38219
38221
38222
38223
38224
38229
38230
38232
38234
38235
38236
38237
38239
38245
38247
38252
38254
38255
38256
38257
38258
38259
38261
38265
38267
38268
38269
38270
38272
38275
38277
38281
38282
38286
38293
38294
38298
38300
38301
38302
38303
38304
38307
38309
38311
38312
38313
38314
38318
38320
38321
38322
38323
38324
38325
38326
38328
38331
38332
38334
38337
38339
38340
38344
38346
38347
38350
38353
38354
38355
38358
38359
38360
38362
38363
38364
38365
38366
38367
38368
38369
38372
38373
38374
38375
38377
38378
38379
38380
38381
38382
38384
38386
38387
38388
38390
38393
38394
38395
38397
38399
38400
38401
38403
38404
38405
38407
38408
38411
38413
38414
38416
38417
38419
38423
38425
38427
38429
38430
38431
38432
38434
38435
38438
38440
38441
38442
38445
38446
38447
38448
38449
38450
38454
38455
38456
38457
38459
38460
38461
38462
38463
38465
38468
38469
38471
38474
38475
38476
38480
38482
38483
38484
38486
38487
38488
38489
38490
38491
38492
38493
38496
38497
38502
38504
38506
38507
38508
38511
38512
38513
38514
38515
38520
38522
38523
38526
38527
38530
38533
38534
38537
38538
38540
38541
38543
38550
38551
38555
38558
38559
38562
38566
38567
38568
38569
38571
38572
38575
38577
38578
38579
38580
38581
38582
38583
38585
38586
38587
38589
38591
38592
38593
38595
38596
38597
38599
38603
38606
38608
38611
38612
38614
38615
38616
38617
38618
38621
38622
38623
38624
38625
38627
38630
38631
38632
38633
38635
38636
38637
38638
38640
38642
38643
38644
38645
38647
38648
38649
38650
38651
38652
38653
38654
38655
38656
38658
38664
38666
38667
38668
38671
38672
38677
38679
38680
38681
38682
38684
38685
38686
38687
38689
38692
38693
38694
38695
38696
38699
38701
38704
38705
38708
38709
38711
38714
38716
38717
38719
38722
38724
38725
38726
38728
38731
38733
38736
38738
38740
38741
38743
38744
38745
38746
38747
38748
38749
38750
38753
38754
38758
38759
38761
38762
38764
38768
38769
38771
38772
38773
38775
38776
38777
38778
38779
38782
38783
38785
38786
38788
38789
38790
38791
38792
38793
38794
38795
38796
38798
38799
38800
38802
38803
38804
38805
38808
38813
38814
38816
38817
38820
38824
38825
38826
38828
38829
38831
38832
38835
38836
38838
38842
38843
38848
38851
38852
38853
38854
38855
38856
38858
38859
38860
38861
38863
38864
38865
38867
38869
38871
38872
38873
38874
38877
38880
38882
38884
38885
38887
38890
38891
38893
38894
38899
38901
38902
38903
38905
38907
38911
38915
38917
38918
38919
38920
38921
38922
38926
38927
38928
38931
38933
38935
38936
38937
38939
38940
38941
38942
38943
38945
38946
38948
38949
38950
38951
38952
38953
38954
38957
38959
38961
38962
38963
38964
38965
38967
38968
38969
38970
38971
38972
38973
38977
38979
38981
38982
38984
38986
38987
38989
38990
38991
38993
38994
38995
38996
38998
38999
39000
39001
39003
39004
39005
39007
39009
39010
39011
39012
39015
39016
39017
39020
39023
39024
39025
39026
39028
39030
39031
39032
39034
39038
39039
39040
39041
39044
39045
39046
39050
39051
39053
39058
39059
39060
39061
39062
39064
39065
39066
39067
39068
39069
39070
39071
39073
39074
39075
39076
39078
39083
39085
39087
39088
39089
39090
39091
39092
39093
39095
39097
39100
39101
39102
39103
39104
39105
39109
39110
39111
39113
39114
39115
39118
39119
39120
39123
39124
39125
39126
39127
39128
39129
39130
39131
39132
39134
39137
39138
39140
39142
39147
39149
39150
39151
39153
39154
39155
39158
39160
39161
39163
39164
39165
39166
39171
39172
39174
39176
39178
39179
39183
39184
39185
39186
39187
39188
39189
39190
39192
39193
39194
39195
39197
39200
39202
39204
39207
39209
39210
39213
39214
39216
39217
39219
39220
39222
39224
39226
39228
39229
39231
39232
39233
39234
39236
39237
39239
39240
39242
39243
39246
39247
39248
39251
39256
39259
39263
39264
39265
39266
39267
39268
39270
39271
39272
39277
39279
39280
39282
39284
39289
39290
39295
39300
39301
39302
39303
39304
39305
39306
39307
39311
39313
39314
39316
39317
39318
39319
39320
39322
39324
39325
39327
39328
39333
39335
39336
39339
39340
39343
39344
39346
39349
39351
39352
39353
39354
39355
39356
39357
39359
39360
39361
39362
39366
39367
39368
39369
39370
39371
39372
39373
39374
39375
39377
39379
39380
39381
39382
39383
39384
39386
39387
39389
39390
39391
39393
39394
39396
39399
39400
39402
39404
39405
39409
39411
39412
39413
39415
39418
39419
39421
39423
39425
39431
39432
39434
39435
39437
39438
39440
39441
39443
39445
39446
39447
39449
39452
39453
39454
39455
39457
39458
39459
39460
39462
39463
39464
39465
39466
39467
39469
39470
39471
39472
39474
39475
39476
39478
39480
39482
39483
39484
39485
39487
39488
39489
39490
39491
39492
39493
39494
39496
39497
39500
39501
39502
39503
39504
39505
39509
39511
39513
39514
39515
39516
39518
39519
39520
39521
39522
39524
39525
39526
39527
39528
39530
39532
39536
39537
39538
39540
39547
39549
39551
39555
39556
39557
39558
39560
39561
39562
39564
39568
39569
39570
39571
39572
39573
39574
39576
39578
39579
39580
39581
39583
39584
39586
39587
39588
39589
39592
39593
39596
39598
39603
39604
39605
39606
39609
39611
39614
39615
39616
39617
39618
39619
39621
39623
39624
39625
39626
39627
39631
39634
39637
39639
39641
39644
39645
39646
39647
39649
39650
39651
39652
39654
39655
39656
39658
39659
39660
39662
39663
39664
39666
39667
39668
39670
39671
39673
39675
39678
39679
39680
39682
39683
39685
39686
39689
39691
39694
39697
39699
39701
39704
39706
39710
39712
39713
39714
39717
39718
39719
39720
39722
39724
39725
39726
39730
39731
39732
39734
39738
39739
39740
39742
39747
39748
39750
39752
39753
39756
39757
39758
39759
39760
39761
39764
39768
39771
39772
39774
39776
39778
39779
39780
39781
39782
39783
39784
39785
39786
39787
39788
39790
39793
39794
39795
39796
39797
39798
39800
39803
39805
39806
39811
39812
39813
39814
39815
39817
39818
39820
39821
39822
39823
39828
39829
39830
39831
39833
39835
39836
39838
39839
39840
39841
39843
39844
39847
39848
39849
39850
39852
39853
39854
39857
39858
39859
39861
39862
39865
39867
39868
39869
39870
39871
39872
39875
39877
39878
39881
39882
39883
39884
39888
39889
39890
39891
39893
39894
39900
39902
39903
39904
39905
39906
39909
39910
39911
39912
39917
39918
39919
39921
39922
39923
39924
39927
39928
39929
39933
39935
39937
39938
39939
39940
39942
39946
39950
39952
39954
39956
39957
39959
39960
39961
39962
39965
39966
39967
39968
39969
39970
39971
39973
39975
39976
39977
39979
39981
39982
39983
39985
39986
39987
39988
39990
39992
40000
40005
40006
40007
40010
40011
40015
40017
40019
40020
40021
40023
40024
40025
40026
40027
40028
40032
40033
40034
40035
40036
40038
40041
40042
40043
40044
40045
40046
40048
40050
40051
40052
40053
40056
40058
40059
40060
40065
40066
40071
40073
40074
40075
40078
40079
40080
40081
40085
40087
40088
40092
40097
40099
40103
40111
40112
40116
40120
40121
40122
40123
40124
40126
40129
40130
40131
40132
40133
40136
40138
40139
40140
40141
40149
40150
40151
40152
40153
40159
40161
40166
40168
40169
40171
40172
40174
40176
40177
40178
40182
40183
40184
40185
40187
40189
40190
40191
40194
40195
40196
40198
40200
40203
40205
40206
40207
40209
40210
40214
40217
40218
40219
40222
40225
40226
40227
40228
40230
40231
40232
40237
40238
40240
40241
40242
40243
40250
40251
40252
40255
40259
40261
40262
40263
40266
40269
40270
40271
40273
40274
40275
40276
40277
40278
40282
40283
40285
40286
40287
40289
40291
40293
40295
40296
40298
40299
40301
40302
40303
40304
40305
40307
40312
40316
40317
40318
40319
40322
40323
40324
40326
40327
40328
40330
40331
40332
40333
40334
40336
40337
40338
40340
40341
40342
40345
40346
40347
40348
40349
40350
40353
40356
40358
40360
40361
40364
40366
40367
40368
40369
40370
40373
40375
40376
40377
40379
40380
40381
40382
40383
40385
40387
40388
40389
40390
40392
40393
40395
40401
40403
40405
40406
40407
40410
40411
40412
40413
40414
40416
40417
40418
40419
40420
40421
40422
40423
40424
40426
40427
40430
40431
40432
40435
40437
40438
40439
40440
40441
40442
40443
40444
40447
40448
40450
40452
40456
40457
40458
40459
40460
40461
40462
40463
40466
40467
40468
40473
40474
40476
40477
40478
40479
40481
40483
40484
40485
40486
40492
40493
40494
40495
40496
40497
40498
40500
40501
40502
40503
40507
40509
40515
40516
40517
40518
40519
40520
40522
40524
40525
40527
40528
40529
40530
40534
40536
40539
40541
40542
40543
40545
40546
40547
40550
40553
40554
40555
40556
40557
40558
40559
40563
40567
40568
40569
40571
40575
40576
40577
40578
40579
40580
40581
40582
40584
40585
40590
40593
40597
40598
40600
40601
40602
40605
40606
40607
40608
40609
40612
40615
40616
40617
40619
40620
40621
40623
40625
40626
40628
40629
40630
40634
40635
40636
40637
40638
40639
40640
40641
40642
40643
40646
40647
40648
40649
40652
40654
40657
40659
40660
40661
40666
40667
40669
40670
40671
40672
40673
40674
40675
40678
40680
40681
40683
40684
40687
40690
40691
40692
40695
40696
40698
40699
40700
40701
40703
40704
40706
40707
40708
40709
40710
40711
40712
40713
40716
40717
40718
40720
40721
40722
40724
40725
40726
40728
40731
40732
40733
40735
40736
40738
40739
40744
40747
40748
40752
40753
40757
40759
40761
40763
40764
40767
40768
40769
40770
40771
40774
40775
40777
40778
40782
40783
40784
40788
40789
40790
40791
40792
40794
40795
40796
40797
40798
40799
40802
40804
40806
40808
40810
40811
40812
40813
40816
40821
40822
40823
40826
40827
40830
40832
40833
40835
40836
40838
40839
40840
40841
40843
40846
40847
40849
40851
40852
40853
40855
40856
40857
40861
40862
40863
40864
40867
40870
40872
40873
40874
40875
40878
40879
40880
40882
40883
40885
40886
40889
40890
40892
40894
40895
40896
40897
40898
40899
40900
40901
40902
40904
40905
40906
40909
40910
40911
40920
40922
40923
40924
40925
40926
40927
40928
40930
40931
40932
40933
40935
40938
40939
40940
40941
40942
40943
40946
40947
40949
40950
40951
40953
40954
40956
40957
40959
40961
40963
40964
40965
40966
40967
40968
40970
40972
40974
40976
40977
40978
40980
40981
40988
40989
40991
40995
40996
40998
41002
41003
41004
41006
41008
41012
41014
41015
41016
41018
41020
41022
41023
41024
41025
41026
41030
41031
41032
41035
41036
41037
41038
41039
41041
41043
41045
41049
41050
41051
41054
41055
41056
41057
41058
41060
41063
41065
41067
41069
41070
41072
41074
41075
41077
41078
41082
41083
41088
41089
41090
41091
41093
41095
41099
41102
41103
41104
41105
41108
41110
41111
41114
41119
41121
41124
41125
41128
41131
41132
41133
41134
41136
41137
41138
41139
41140
41141
41143
41145
41148
41153
41156
41159
41163
41164
41165
41168
41169
41171
41172
41173
41175
41176
41177
41178
41179
41180
41182
41183
41185
41186
41187
41188
41189
41191
41195
41197
41198
41199
41201
41202
41203
41204
41205
41206
41209
41210
41211
41214
41215
41217
41218
41219
41220
41221
41222
41224
41226
41227
41228
41229
41231
41232
41233
41234
41235
41236
41237
41238
41239
41240
41241
41242
41243
41244
41245
41246
41247
41248
41250
41251
41252
41253
41254
41258
41259
41260
41262
41263
41264
41265
41266
41270
41271
41272
41276
41278
41281
41287
41288
41289
41291
41292
41293
41294
41297
41298
41299
41300
41303
41305
41306
41307
41309
41310
41312
41314
41315
41317
41319
41320
41322
41324
41326
41327
41328
41329
41330
41331
41332
41333
41335
41336
41337
41339
41340
41342
41346
41350
41351
41355
41356
41357
41358
41361
41362
41366
41367
41369
41372
41373
41374
41376
41377
41378
41379
41380
41381
41382
41383
41384
41386
41390
41391
41392
41393
41394
41397
41399
41401
41402
41405
41406
41407
41410
41411
41415
41417
41418
41419
41421
41422
41423
41426
41429
41431
41433
41434
41435
41436
41439
41441
41442
41443
41445
41446
41448
41450
41452
41459
41461
41463
41464
41465
41468
41469
41470
41471
41472
41474
41478
41479
41480
41482
41483
41484
41487
41488
41492
41493
41495
41497
41498
41500
41501
41502
41503
41504
41505
41506
41507
41508
41510
41513
41514
41515
41516
41517
41518
41519
41522
41524
41525
41526
41527
41528
41529
41530
41531
41533
41534
41535
41536
41540
41541
41542
41543
41545
41547
41549
41551
41552
41553
41555
41560
41563
41565
41566
41567
41568
41569
41571
41572
41576
41577
41578
41579
41581
41582
41583
41584
41587
41588
41592
41596
41597
41598
41600
41605
41607
41608
41610
41612
41615
41616
41620
41623
41624
41625
41626
41627
41628
41629
41630
41631
41632
41633
41635
41636
41638
41639
41640
41641
41643
41644
41647
41648
41649
41652
41655
41663
41664
41665
41666
41667
41672
41674
41675
41679
41682
41683
41684
41685
41686
41689
41690
41691
41693
41694
41695
41696
41699
41702
41703
41706
41707
41709
41710
41711
41713
41715
41717
41718
41719
41720
41721
41722
41723
41726
41727
41728
41730
41732
41734
41735
41736
41738
41739
41741
41743
41744
41746
41749
41750
41751
41754
41755
41756
41758
41759
41760
41761
41763
41764
41765
41766
41767
41768
41771
41774
41775
41776
41777
41780
41781
41785
41786
41787
41788
41789
41790
41791
41792
41793
41794
41795
41796
41799
41800
41801
41805
41809
41810
41811
41816
41817
41821
41823
41825
41826
41829
41832
41833
41834
41836
41837
41840
41843
41844
41845
41846
41847
41848
41850
41851
41852
41857
41858
41859
41860
41861
41862
41866
41868
41869
41871
41872
41873
41874
41875
41877
41881
41883
41885
41886
41890
41892
41893
41895
41898
41899
41900
41902
41903
41906
41908
41910
41911
41912
41914
41916
41917
41919
41920
41921
41922
41923
41927
41929
41930
41931
41933
41934
41935
41936
41938
41939
41940
41941
41943
41945
41946
41947
41950
41951
41953
41954
41955
41956
41957
41958
41959
41960
41963
41966
41968
41969
41972
41973
41974
41978
41979
41980
41982
41983
41984
41985
41986
41988
41991
41992
41993
41995
41996
41997
41999
42000
42002
42003
42004
42005
42006
42007
42010
42011
42012
42013
42016
42017
42020
42021
42022
42024
42025
42026
42028
42029
42032
42033
42034
42036
42038
42039
42040
42043
42045
42046
42050
42051
42053
42054
42056
42058
42059
42061
42064
42065
42068
42069
42073
42075
42076
42077
42079
42082
42083
42085
42087
42088
42091
42092
42094
42099
42100
42101
42102
42104
42106
42107
42108
42109
42111
42114
42115
42116
42120
42123
42125
42126
42128
42131
42138
42141
42145
42146
42147
42148
42150
42151
42153
42155
42157
42158
42160
42162
42163
42164
42165
42167
42168
42170
42171
42172
42174
42175
42176
42177
42179
42182
42183
42184
42185
42186
42187
42189
42191
42192
42193
42195
42196
42197
42200
42203
42205
42209
42210
42211
42215
42217
42218
42221
42222
42223
42224
42225
42227
42229
42230
42232
42233
42238
42240
42241
42242
42243
42244
42245
42246
42248
42249
42250
42252
42253
42254
42255
42256
42257
42259
42260
42262
42266
42267
42268
42271
42272
42276
42277
42278
42279
42281
42284
42285
42286
42290
42291
42292
42293
42296
42299
42300
42303
42304
42307
42309
42310
42311
42312
42314
42315
42317
42318
42319
42324
42325
42326
42327
42330
42331
42333
42335
42338
42339
42340
42341
42342
42344
42346
42347
42349
42350
42351
42353
42355
42356
42359
42360
42361
42363
42365
42366
42369
42370
42373
42374
42375
42376
42380
42383
42384
42386
42390
42391
42393
42396
42400
42402
42404
42407
42409
42411
42412
42415
42416
42417
42418
42422
42423
42424
42425
42426
42427
42429
42431
42432
42433
42436
42438
42439
42443
42444
42445
42446
42449
42451
42452
42453
42455
42456
42458
42459
42461
42462
42463
42465
42466
42467
42469
42470
42472
42473
42479
42480
42482
42484
42485
42486
42487
42488
42489
42490
42491
42492
42494
42496
42497
42498
42499
42500
42501
42503
42507
42508
42509
42511
42512
42514
42515
42516
42517
42520
42521
42522
42523
42524
42525
42526
42527
42528
42529
42530
42531
42534
42535
42538
42540
42543
42544
42546
42547
42548
42551
42553
42554
42555
42556
42557
42558
42559
42560
42561
42563
42565
42567
42569
42570
42571
42572
42573
42575
42576
42578
42579
42581
42582
42584
42585
42586
42589
42590
42593
42594
42595
42598
42599
42600
42602
42604
42606
42609
42611
42612
42615
42616
42617
42621
42622
42623
42625
42626
42628
42629
42634
42635
42637
42639
42640
42642
42643
42644
42646
42647
42648
42649
42650
42651
42652
42654
42655
42656
42657
42659
42661
42663
42664
42666
42669
42671
42673
42675
42679
42680
42681
42682
42684
42685
42688
42690
42692
42695
42696
42698
42700
42701
42702
42705
42707
42709
42710
42712
42713
42714
42715
42717
42719
42721
42722
42725
42728
42730
42731
42732
42736
42739
42744
42745
42746
42748
42750
42751
42754
42755
42756
42760
42762
42763
42765
42766
42767
42769
42771
42773
42774
42777
42778
42780
42781
42782
42785
42787
42788
42792
42793
42794
42797
42800
42802
42803
42804
42805
42806
42808
42812
42814
42815
42817
42818
42821
42822
42823
42824
42825
42826
42827
42828
42829
42831
42832
42833
42835
42836
42837
42838
42839
42840
42841
42842
42844
42845
42847
42850
42851
42852
42854
42858
42862
42864
42865
42866
42867
42868
42869
42870
42872
42873
42875
42876
42877
42878
42881
42882
42883
42884
42888
42889
42890
42892
42894
42897
42898
42899
42901
42903
42904
42905
42907
42912
42916
42920
42922
42924
42925
42926
42931
42932
42933
42935
42936
42937
42938
42939
42940
42941
42947
42948
42949
42950
42951
42952
42954
42956
42957
42959
42961
42962
42963
42964
42968
42970
42972
42974
42978
42981
42982
42984
42985
42987
42988
42989
42991
42992
42993
42995
42998
42999
43002
43003
43004
43005
43006
43007
43009
43011
43014
43015
43017
43021
43022
43026
43027
43031
43032
43036
43038
43039
43041
43042
43045
43046
43047
43049
43051
43052
43053
43054
43056
43057
43059
43060
43061
43062
43063
43064
43065
43066
43068
43069
43070
43071
43072
43073
43075
43076
43077
43078
43079
43080
43082
43089
43093
43097
43098
43100
43102
43103
43105
43107
43111
43112
43114
43115
43116
43119
43120
43122
43125
43126
43130
43133
43135
43137
43143
43145
43147
43149
43150
43151
43154
43156
43158
43159
43161
43163
43166
43167
43171
43172
43175
43176
43177
43179
43180
43181
43182
43184
43186
43187
43189
43190
43193
43196
43197
43198
43200
43201
43202
43204
43205
43206
43207
43208
43209
43210
43211
43212
43213
43215
43217
43219
43220
43221
43222
43223
43224
43226
43227
43230
43232
43234
43237
43238
43239
43244
43245
43246
43247
43248
43249
43253
43254
43255
43256
43257
43259
43260
43263
43267
43268
43269
43270
43274
43276
43277
43278
43280
43281
43283
43284
43285
43288
43291
43292
43295
43296
43297
43299
43300
43301
43304
43307
43309
43310
43311
43312
43314
43315
43316
43318
43319
43320
43321
43326
43327
43330
43331
43334
43336
43337
43338
43341
43342
43344
43345
43346
43349
43350
43351
43352
43353
43355
43356
43360
43361
43363
43365
43367
43368
43370
43372
43373
43374
43375
43376
43377
43378
43379
43380
43382
43383
43386
43387
43392
43395
43397
43398
43400
43401
43404
43405
43407
43409
43410
43411
43413
43414
43415
43416
43417
43419
43420
43421
43422
43423
43424
43428
43429
43430
43433
43434
43435
43438
43441
43443
43449
43451
43452
43454
43458
43460
43462
43463
43464
43468
43469
43471
43473
43474
43476
43477
43481
43482
43483
43484
43486
43487
43490
43491
43492
43494
43495
43496
43497
43499
43500
43502
43503
43505
43506
43508
43510
43512
43513
43514
43517
43518
43519
43520
43524
43525
43527
43528
43529
43530
43533
43535
43536
43540
43541
43542
43543
43544
43548
43549
43550
43551
43552
43554
43556
43557
43559
43560
43562
43563
43565
43566
43569
43570
43571
43572
43576
43578
43579
43581
43583
43586
43587
43588
43589
43593
43594
43596
43597
43598
43600
43601
43602
43603
43607
43608
43610
43611
43615
43616
43619
43620
43621
43622
43626
43628
43629
43630
43632
43634
43635
43636
43637
43638
43640
43643
43644
43647
43651
43652
43656
43659
43660
43661
43662
43663
43664
43666
43667
43668
43670
43671
43672
43674
43677
43680
43681
43683
43684
43686
43687
43689
43691
43692
43693
43694
43700
43701
43702
43704
43706
43708
43709
43710
43712
43713
43714
43715
43716
43717
43719
43720
43721
43722
43723
43724
43726
43727
43728
43729
43731
43735
43737
43740
43745
43746
43747
43748
43749
43752
43753
43755
43756
43758
43759
43760
43761
43762
43763
43764
43765
43766
43769
43772
43773
43774
43775
43776
43777
43778
43779
43780
43783
43785
43786
43788
43789
43790
43791
43792
43794
43795
43796
43797
43798
43801
43803
43806
43807
43809
43811
43812
43813
43815
43816
43817
43818
43819
43820
43821
43822
43826
43827
43829
43831
43832
43833
43835
43836
43837
43838
43839
43841
43842
43843
43844
43845
43847
43849
43850
43851
43853
43854
43855
43856
43857
43858
43861
43862
43863
43865
43867
43868
43870
43872
43873
43875
43881
43882
43883
43884
43888
43889
43891
43892
43893
43894
43897
43899
43900
43905
43909
43911
43914
43915
43916
43918
43919
43921
43922
43923
43924
43925
43927
43932
43933
43934
43936
43937
43939
43941
43942
43943
43945
43946
43947
43949
43952
43953
43954
43955
43956
43957
43958
43960
43961
43962
43963
43964
43965
43966
43968
43970
43971
43972
43973
43975
43977
43978
43979
43980
43981
43985
43988
43989
43991
43993
43995
43996
43997
43998
43999
44001
44002
44005
44009
44011
44012
44013
44015
44016
44017
44020
44021
44022
44023
44025
44026
44027
44028
44029
44030
44031
44032
44034
44035
44036
44037
44038
44042
44046
44048
44049
44050
44051
44052
44053
44058
44060
44062
44063
44065
44066
44067
44073
44074
44075
44077
44079
44080
44081
44084
44086
44087
44088
44089
44090
44091
44092
44093
44094
44096
44097
44098
44099
44100
44102
44105
44107
44108
44109
44110
44111
44112
44116
44118
44119
44124
44125
44130
44131
44134
44135
44136
44137
44139
44140
44142
44143
44145
44146
44147
44150
44154
44156
44158
44159
44160
44162
44165
44166
44169
44171
44172
44173
44174
44176
44178
44179
44180
44182
44183
44185
44187
44189
44190
44191
44192
44194
44195
44196
44198
44199
44200
44201
44203
44204
44205
44206
44207
44210
44211
44212
44213
44214
44215
44216
44218
44221
44222
44223
44225
44227
44228
44229
44230
44232
44233
44235
44236
44237
44240
44241
44242
44244
44245
44247
44248
44250
44251
44254
44255
44261
44265
44266
44271
44272
44273
44275
44281
44282
44284
44285
44286
44287
44289
44290
44291
44292
44293
44294
44296
44297
44299
44300
44301
44302
44303
44304
44305
44306
44310
44312
44316
44317
44318
44319
44322
44323
44324
44325
44327
44328
44329
44330
44332
44335
44336
44337
44340
44341
44343
44345
44346
44347
44348
44349
44350
44352
44353
44354
44355
44356
44358
44359
44360
44361
44362
44363
44364
44365
44366
44369
44370
44371
44372
44373
44375
44376
44377
44378
44379
44381
44384
44385
44386
44388
44390
44391
44392
44393
44394
44395
44396
44398
44399
44400
44401
44402
44406
44408
44409
44410
44413
44414
44416
44417
44422
44423
44426
44428
44433
44434
44437
44438
44439
44443
44444
44446
44448
44451
44452
44453
44454
44455
44457
44458
44460
44461
44462
44463
44465
44466
44467
44468
44469
44471
44474
44477
44479
44481
44483
44484
44485
44486
44488
44492
44493
44496
44498
44508
44509
44510
44512
44514
44516
44520
44521
44522
44523
44525
44526
44527
44529
44532
44533
44534
44535
44537
44538
44542
44545
44547
44549
44551
44552
44553
44554
44556
44558
44559
44560
44561
44562
44564
44566
44567
44570
44571
44572
44575
44576
44577
44578
44580
44582
44583
44586
44587
44588
44590
44591
44592
44593
44596
44597
44598
44600
44601
44602
44604
44606
44608
44609
44611
44614
44615
44621
44622
44624
44628
44629
44632
44635
44637
44638
44639
44641
44642
44643
44645
44646
44647
44648
44650
44651
44653
44657
44659
44661
44663
44667
44671
44672
44675
44676
44677
44678
44679
44680
44685
44689
44690
44693
44695
44696
44697
44698
44699
44701
44703
44704
44705
44706
44708
44711
44713
44714
44715
44718
44723
44726
44731
44732
44733
44734
44738
44740
44741
44745
44746
44747
44748
44750
44751
44752
44756
44757
44758
44759
44763
44765
44766
44771
44772
44773
44776
44778
44781
44782
44783
44784
44786
44787
44789
44793
44794
44795
44796
44797
44798
44799
44802
44804
44806
44809
44810
44811
44813
44814
44816
44817
44821
44823
44825
44826
44827
44828
44829
44830
44831
44834
44835
44836
44838
44839
44840
44844
44845
44847
44849
44850
44851
44854
44857
44859
44860
44865
44866
44868
44869
44871
44872
44874
44875
44876
44879
44880
44881
44882
44883
44884
44887
44888
44890
44892
44893
44894
44895
44896
44897
44898
44899
44902
44903
44904
44906
44907
44908
44909
44910
44912
44913
44915
44916
44917
44918
44920
44921
44924
44925
44926
44927
44928
44931
44932
44935
44936
44940
44941
44942
44943
44947
44948
44950
44951
44952
44953
44955
44956
44959
44960
44962
44963
44964
44965
44966
44967
44968
44970
44971
44972
44973
44974
44976
44977
44981
44982
44983
44985
44986
44987
44988
44990
44992
44993
44994
44995
44997
44998
44999
45000
45001
45003
45004
45005
45007
45009
45011
45013
45017
45018
45019
45021
45023
45027
45031
45033
45034
45037
45038
45039
45040
45041
45042
45043
45044
45045
45046
45048
45049
45052
45054
45055
45057
45063
45064
45065
45066
45068
45069
45070
45072
45073
45077
45078
45080
45081
45082
45083
45085
45086
45087
45089
45091
45092
45093
45099
45101
45103
45105
45106
45107
45109
45110
45111
45113
45114
45115
45117
45118
45119
45122
45123
45124
45126
45128
45129
45130
45131
45132
45136
45137
45138
45139
45140
45149
45151
45152
45153
45155
45156
45157
45159
45160
45161
45162
45164
45165
45166
45167
45168
45169
45172
45173
45174
45175
45177
45179
45181
45182
45184
45185
45186
45188
45189
45190
45191
45193
45194
45195
45196
45198
45199
45201
45202
45203
45204
45207
45208
45209
45210
45212
45213
45214
45215
45218
45219
45220
45221
45222
45224
45225
45226
45227
45228
45229
45230
45231
45232
45233
45235
45237
45240
45242
45243
45246
45247
45249
45250
45252
45254
45255
45256
45257
45258
45259
45262
45263
45264
45265
45266
45267
45268
45270
45271
45272
45273
45276
45278
45279
45280
45281
45285
45286
45287
45288
45289
45292
45293
45294
45297
45299
45302
45303
45305
45307
45308
45311
45313
45314
45318
45319
45320
45321
45323
45325
45326
45327
45328
45329
45331
45332
45333
45338
45339
45340
45344
45346
45348
45349
45353
45354
45356
45358
45362
45365
45367
45368
45372
45373
45374
45375
45377
45378
45379
45381
45382
45383
45384
45385
45387
45388
45389
45390
45392
45393
45394
45397
45398
45400
45402
45403
45404
45405
45406
45407
45408
45410
45411
45413
45414
45415
45416
45419
45420
45421
45422
45423
45425
45426
45430
45434
45435
45436
45437
45438
45439
45440
45442
45443
45446
45447
45448
45452
45454
45455
45456
45457
45458
45460
45462
45464
45465
45466
45469
45470
45471
45472
45474
45475
45476
45477
45478
45479
45481
45483
45485
45487
45491
45492
45493
45494
45496
45498
45500
45501
45502
45504
45505
45506
45507
45510
45511
45514
45515
45516
45517
45518
45521
45524
45525
45526
45527
45529
45531
45533
45536
45537
45538
45539
45541
45543
45549
45550
45551
45552
45554
45555
45557
45559
45560
45561
45564
45565
45569
45570
45571
45572
45573
45574
45577
45578
45579
45580
45581
45582
45583
45585
45586
45589
45590
45592
45594
45595
45596
45598
45599
45602
45603
45604
45611
45612
45615
45616
45617
45618
45619
45620
45621
45622
45626
45627
45629
45631
45632
45633
45634
45635
45636
45637
45641
45642
45643
45645
45648
45649
45650
45652
45653
45656
45657
45659
45663
45664
45665
45666
45669
45673
45675
45676
45677
45684
45686
45690
45691
45692
45695
45696
45698
45701
45702
45703
45704
45705
45706
45707
45708
45709
45711
45713
45715
45716
45717
45719
45721
45723
45724
45725
45726
45728
45729
45732
45734
45736
45739
45740
45742
45744
45745
45747
45749
45750
45754
45755
45756
45758
45763
45764
45766
45767
45768
45769
45771
45772
45773
45774
45778
45781
45782
45783
45784
45786
45787
45788
45789
45794
45795
45796
45799
45800
45802
45803
45805
45806
45807
45808
45810
45813
45816
45818
45819
45821
45823
45824
45826
45829
45830
45832
45833
45835
45838
45840
45843
45844
45845
45846
45847
45849
45850
45854
45855
45856
45857
45859
45860
45861
45862
45863
45864
45865
45867
45868
45870
45871
45872
45874
45875
45876
45878
45880
45883
45884
45886
45888
45889
45892
45893
45894
45895
45896
45898
45899
45901
45902
45904
45905
45906
45909
45910
45912
45914
45915
45916
45918
45922
45925
45927
45929
45931
45932
45934
45935
45938
45941
45942
45943
45944
45945
45948
45949
45951
45952
45954
45955
45956
45957
45958
45960
45962
45963
45964
45966
45967
45968
45969
45971
45972
45973
45974
45978
45980
45981
45982
45983
45985
45986
45988
45989
45991
45992
45994
45996
45999
46001
46002
46004
46005
46006
46010
46014
46017
46018
46019
46021
46023
46024
46025
46026
46027
46028
46029
46030
46031
46036
46037
46038
46039
46041
46042
46044
46046
46047
46051
46053
46059
46061
46062
46064
46065
46066
46068
46069
46070
46071
46072
46073
46074
46075
46076
46081
46082
46083
46084
46085
46086
46087
46088
46089
46091
46092
46093
46095
46096
46097
46098
46100
46102
46104
46105
46107
46108
46110
46111
46116
46117
46120
46123
46124
46125
46126
46127
46130
46132
46136
46137
46140
46141
46142
46144
46145
46147
46148
46153
46156
46157
46161
46162
46164
46165
46168
46169
46171
46173
46174
46175
46176
46177
46180
46181
46185
46186
46187
46188
46190
46192
46193
46195
46196
46197
46199
46201
46202
46203
46204
46206
46207
46209
46216
46217
46218
46219
46221
46223
46224
46227
46230
46232
46234
46235
46236
46237
46240
46241
46242
46243
46244
46245
46246
46251
46254
46257
46259
46260
46262
46264
46265
46266
46267
46268
46269
46270
46271
46276
46278
46279
46281
46282
46284
46287
46288
46292
46293
46299
46302
46303
46304
46307
46308
46309
46311
46312
46315
46316
46317
46320
46322
46324
46325
46326
46329
46330
46331
46334
46337
46338
46340
46341
46342
46343
46344
46345
46346
46347
46348
46351
46353
46358
46360
46361
46362
46363
46364
46365
46366
46367
46368
46369
46370
46375
46376
46379
46380
46381
46382
46383
46386
46387
46388
46389
46391
46392
46393
46396
46397
46400
46402
46403
46405
46406
46407
46410
46411
46413
46418
46419
46421
46422
46424
46425
46427
46428
46431
46432
46433
46436
46437
46438
46442
46443
46444
46454
46456
46457
46459
46461
46462
46465
46466
46469
46470
46474
46475
46476
46477
46479
46481
46482
46483
46484
46486
46487
46488
46489
46490
46493
46494
46495
46496
46497
46500
46502
46508
46509
46510
46511
46512
46513
46514
46515
46518
46519
46520
46521
46522
46524
46525
46526
46527
46530
46535
46536
46537
46543
46544
46545
46546
46547
46548
46549
46552
46553
46555
46556
46559
46562
46564
46566
46570
46571
46572
46573
46574
46575
46577
46578
46580
46582
46585
46586
46587
46588
46592
46593
46597
46598
46599
46600
46601
46604
46605
46606
46607
46609
46610
46612
46614
46615
46618
46619
46621
46622
46623
46624
46626
46628
46630
46631
46632
46633
46635
46637
46642
46643
46645
46647
46648
46649
46652
46654
46655
46656
46658
46659
46660
46661
46662
46663
46664
46665
46666
46669
46670
46671
46672
46673
46675
46676
46678
46680
46684
46686
46687
46688
46690
46691
46692
46693
46696
46697
46698
46699
46700
46701
46702
46704
46705
46707
46708
46710
46711
46713
46714
46715
46717
46718
46720
46721
46723
46726
46727
46728
46730
46733
46734
46735
46736
46738
46739
46740
46741
46746
46747
46748
46749
46753
46754
46756
46757
46759
46760
46761
46763
46764
46765
46766
46767
46768
46769
46770
46771
46773
46774
46775
46778
46782
46783
46784
46787
46788
46789
46790
46791
46792
46793
46794
46795
46799
46800
46803
46806
46808
46810
46811
46813
46814
46815
46817
46822
46823
46825
46826
46827
46828
46830
46831
46832
46833
46835
46836
46839
46840
46841
46842
46843
46845
46846
46847
46851
46852
46853
46855
46856
46860
46861
46862
46863
46865
46867
46869
46871
46872
46876
46879
46880
46883
46884
46885
46887
46888
46889
46891
46892
46893
46894
46895
46896
46898
46901
46902
46904
46905
46906
46907
46909
46912
46913
46914
46915
46916
46917
46918
46919
46921
46922
46926
46927
46929
46930
46931
46935
46936
46937
46938
46939
46940
46941
46942
46943
46946
46947
46949
46950
46951
46952
46953
46955
46956
46959
46962
46963
46964
46965
46966
46967
46968
46969
46970
46971
46972
46973
46974
46976
46980
46982
46984
46985
46986
46989
46991
46993
46994
46995
46996
46998
47006
47007
47008
47009
47012
47013
47015
47016
47019
47025
47027
47029
47031
47032
47033
47035
47036
47038
47039
47040
47042
47043
47044
47045
47047
47048
47049
47050
47051
47053
47054
47055
47057
47059
47060
47062
47063
47064
47067
47070
47072
47075
47076
47077
47080
47081
47082
47085
47086
47087
47089
47091
47094
47095
47097
47100
47101
47103
47104
47108
47109
47110
47111
47112
47115
47117
47118
47120
47124
47125
47126
47128
47129
47131
47132
47133
47134
47138
47140
47142
47143
47147
47149
47151
47152
47154
47155
47157
47158
47159
47160
47161
47162
47164
47165
47169
47170
47171
47172
47174
47175
47176
47177
47178
47182
47183
47184
47186
47187
47192
47193
47195
47196
47198
47200
47201
47202
47203
47206
47208
47209
47210
47211
47212
47213
47214
47218
47220
47221
47224
47226
47227
47228
47230
47231
47232
47233
47235
47237
47238
47241
47245
47250
47252
47253
47254
47255
47256
47257
47258
47260
47264
47265
47267
47268
47270
47271
47273
47274
47275
47277
47278
47279
47281
47282
47284
47287
47288
47289
47290
47293
47294
47297
47300
47302
47303
47304
47305
47306
47307
47308
47310
47312
47313
47314
47316
47317
47318
47319
47320
47321
47324
47325
47326
47328
47329
47330
47331
47333
47334
47335
47336
47339
47340
47344
47348
47349
47351
47353
47354
47355
47357
47358
47359
47361
47362
47363
47364
47367
47370
47374
47375
47377
47379
47381
47384
47388
47389
47390
47391
47393
47394
47398
47399
47400
47401
47403
47404
47405
47407
47408
47409
47411
47412
47413
47415
47418
47420
47421
47423
47424
47425
47426
47428
47429
47431
47436
47437
47438
47440
47441
47442
47444
47445
47446
47448
47450
47451
47453
47454
47456
47457
47459
47460
47461
47463
47464
47466
47472
47473
47474
47475
47477
47479
47482
47483
47484
47488
47489
47490
47491
47492
47494
47495
47498
47499
47500
47501
47502
47503
47505
47507
47508
47509
47510
47511
47512
47513
47515
47517
47520
47522
47526
47529
47530
47532
47533
47539
47540
47541
47546
47548
47549
47550
47551
47552
47553
47555
47558
47559
47563
47565
47566
47567
47568
47569
47572
47576
47577
47578
47580
47582
47584
47586
47587
47588
47590
47591
47592
47593
47596
47600
47601
47602
47603
47604
47605
47606
47607
47608
47610
47611
47615
47616
47617
47622
47624
47625
47626
47627
47629
47630
47631
47632
47634
47636
47637
47639
47640
47642
47643
47644
47649
47651
47652
47653
47655
47656
47658
47660
47661
47662
47663
47664
47665
47666
47668
47669
47670
47671
47672
47673
47674
47675
47676
47677
47683
47685
47686
47688
47690
47695
47696
47699
47700
47702
47705
47706
47707
47709
47710
47711
47714
47715
47717
47718
47719
47720
47721
47723
47725
47726
47727
47728
47733
47734
47735
47736
47740
47742
47743
47745
47747
47748
47749
47753
47757
47761
47763
47764
47765
47766
47768
47769
47770
47773
47774
47775
47776
47777
47779
47780
47783
47785
47786
47787
47791
47794
47795
47797
47798
47799
47801
47803
47804
47806
47807
47808
47809
47815
47817
47818
47819
47820
47824
47825
47827
47828
47829
47830
47831
47832
47833
47835
47836
47838
47839
47843
47844
47846
47847
47848
47849
47850
47851
47854
47857
47859
47860
47861
47862
47863
47865
47870
47875
47876
47878
47880
47881
47882
47884
47885
47886
47888
47891
47892
47893
47894
47896
47899
47900
47901
47902
47903
47904
47909
47910
47911
47912
47915
47917
47919
47920
47925
47926
47929
47930
47931
47932
47933
47935
47941
47942
47945
47947
47948
47949
47953
47954
47955
47956
47957
47958
47960
47961
47963
47965
47968
47970
47972
47973
47974
47976
47977
47978
47979
47980
47981
47983
47984
47985
47986
47987
47989
47990
47991
47992
47994
47995
47996
47998
47999
48000
48002
48004
48005
48007
48008
48010
48011
48012
48013
48014
48015
48016
48017
48021
48022
48025
48026
48027
48029
48031
48032
48033
48035
48037
48038
48040
48042
48043
48044
48045
48046
48047
48049
48051
48054
48055
48056
48057
48059
48060
48061
48065
48066
48070
48071
48072
48075
48077
48079
48080
48081
48082
48083
48085
48087
48088
48090
48091
48092
48094
48096
48098
48099
48100
48101
48104
48106
48110
48112
48113
48114
48117
48118
48120
48123
48124
48125
48127
48129
48131
48132
48133
48137
48138
48140
48141
48142
48143
48144
48145
48146
48148
48149
48150
48151
48152
48153
48156
48157
48159
48160
48163
48164
48165
48167
48168
48170
48171
48173
48174
48175
48176
48178
48179
48180
48183
48186
48187
48188
48189
48190
48192
48194
48195
48198
48199
48201
48204
48206
48207
48209
48211
48214
48215
48219
48220
48221
48228
48230
48235
48236
48239
48240
48242
48245
48250
48252
48253
48255
48257
48260
48261
48265
48267
48268
48270
48271
48272
48273
48274
48276
48278
48279
48280
48281
48282
48283
48284
48286
48288
48290
48293
48294
48296
48297
48298
48299
48302
48303
48304
48306
48307
48308
48309
48310
48311
48312
48313
48315
48316
48317
48318
48321
48323
48324
48325
48326
48327
48328
48329
48330
48332
48338
48339
48342
48343
48345
48346
48348
48349
48353
48354
48356
48357
48358
48359
48365
48367
48368
48369
48371
48373
48375
48377
48378
48380
48381
48383
48384
48386
48387
48389
48391
48394
48395
48396
48397
48399
48400
48402
48403
48405
48406
48407
48408
48409
48410
48413
48415
48419
48421
48422
48425
48426
48434
48436
48438
48439
48440
48442
48443
48445
48446
48447
48449
48450
48451
48452
48453
48454
48455
48459
48460
48462
48463
48467
48468
48469
48470
48472
48473
48474
48475
48476
48479
48481
48482
48484
48487
48489
48490
48491
48493
48494
48498
48499
48503
48509
48510
48511
48512
48513
48514
48517
48518
48520
48525
48528
48529
48531
48534
48536
48538
48539
48542
48545
48547
48550
48551
48553
48554
48556
48557
48558
48559
48560
48563
48564
48565
48566
48567
48569
48570
48573
48575
48576
48577
48578
48580
48581
48583
48585
48586
48590
48592
48593
48595
48597
48598
48599
48600
48602
48603
48605
48608
48609
48610
48612
48613
48614
48615
48616
48618
48621
48622
48623
48624
48628
48631
48632
48633
48634
48635
48636
48638
48639
48642
48643
48644
48647
48648
48650
48652
48653
48657
48658
48659
48660
48666
48668
48669
48672
48674
48675
48676
48677
48680
48682
48685
48686
48689
48692
48693
48694
48696
48698
48701
48702
48704
48705
48706
48707
48708
48709
48710
48711
48712
48714
48715
48716
48717
48719
48720
48722
48723
48724
48727
48730
48731
48732
48733
48734
48735
48737
48740
48741
48742
48743
48744
48745
48747
48748
48749
48752
48753
48754
48755
48756
48759
48760
48761
48762
48763
48764
48765
48766
48767
48770
48771
48773
48774
48776
48778
48780
48781
48782
48784
48786
48788
48792
48795
48796
48797
48798
48799
48800
48801
48802
48804
48805
48811
48812
48814
48815
48816
48818
48820
48821
48822
48823
48824
48825
48826
48829
48830
48832
48833
48834
48835
48836
48837
48838
48839
48840
48841
48843
48844
48846
48850
48852
48854
48856
48857
48858
48859
48860
48861
48862
48863
48864
48866
48867
48868
48872
48873
48875
48876
48879
48880
48881
48884
48885
48887
48888
48889
48890
48891
48893
48894
48895
48896
48898
48899
48903
48904
48905
48907
48908
48912
48914
48916
48917
48920
48921
48926
48929
48931
48932
48934
48935
48936
48938
48939
48940
48941
48942
48943
48944
48945
48946
48947
48948
48949
48950
48952
48953
48955
48957
48958
48959
48962
48964
48965
48967
48968
48969
48970
48972
48973
48974
48975
48976
48977
48978
48979
48980
48981
48982
48984
48986
48987
48988
48991
48992
48993
48994
48996
48997
48998
49001
49004
49005
49007
49008
49009
49010
49011
49015
49016
49017
49018
49019
49020
49021
49022
49026
49027
49029
49031
49033
49034
49036
49039
49040
49043
49044
49047
49048
49051
49052
49055
49058
49059
49060
49062
49063
49066
49067
49068
49069
49070
49074
49076
49077
49081
49082
49083
49084
49085
49089
49090
49091
49092
49096
49097
49098
49099
49101
49102
49105
49110
49111
49112
49113
49114
49115
49116
49120
49121
49123
49124
49125
49126
49130
49131
49132
49133
49134
49135
49137
49139
49140
49141
49146
49147
49149
49151
49158
49159
49160
49162
49164
49167
49168
49172
49173
49174
49175
49176
49177
49178
49179
49182
49185
49186
49187
49189
49196
49199
49200
49202
49205
49207
49208
49213
49214
49216
49219
49222
49224
49225
49226
49228
49229
49230
49231
49233
49234
49235
49239
49241
49243
49244
49246
49248
49249
49253
49254
49256
49257
49258
49259
49262
49263
49266
49270
49271
49273
49276
49277
49278
49280
49281
49282
49283
49284
49285
49286
49289
49290
49291
49292
49294
49296
49299
49305
49306
49309
49310
49311
49314
49315
49316
49317
49318
49321
49322
49323
49324
49325
49326
49328
49331
49332
49334
49335
49336
49337
49338
49340
49341
49342
49344
49348
49349
49350
49351
49353
49355
49356
49357
49358
49360
49361
49363
49365
49367
49368
49373
49374
49378
49379
49382
49386
49388
49389
49390
49394
49395
49396
49398
49400
49401
49402
49405
49406
49408
49410
49413
49414
49415
49417
49418
49419
49422
49425
49426
49427
49428
49431
49432
49433
49436
49438
49439
49440
49441
49445
49448
49450
49452
49454
49456
49457
49458
49459
49460
49461
49462
49464
49465
49467
49468
49470
49471
49473
49474
49475
49476
49477
49478
49480
49483
49485
49488
49489
49490
49492
49493
49494
49496
49498
49502
49504
49505
49508
49509
49510
49511
49512
49513
49514
49515
49516
49517
49518
49519
49521
49522
49523
49525
49526
49527
49528
49531
49533
49534
49538
49539
49540
49541
49542
49543
49544
49545
49547
49548
49549
49551
49553
49554
49555
49556
49557
49558
49561
49563
49565
49567
49568
49569
49570
49571
49572
49573
49577
49578
49579
49580
49581
49582
49583
49584
49587
49588
49589
49595
49596
49599
49600
49601
49605
49606
49607
49608
49610
49611
49612
49614
49616
49617
49619
49623
49624
49626
49627
49628
49631
49632
49633
49635
49636
49637
49638
49639
49641
49642
49643
49644
49648
49651
49652
49653
49657
49658
49662
49663
49664
49668
49669
49671
49672
49674
49676
49677
49679
49681
49682
49683
49684
49685
49686
49688
49690
49691
49692
49695
49696
49698
49699
49702
49703
49704
49710
49711
49713
49715
49718
49719
49720
49721
49722
49725
49727
49729
49730
49731
49732
49735
49736
49738
49742
49744
49745
49746
49747
49748
49750
49751
49758
49759
49760
49761
49763
49764
49765
49766
49767
49768
49769
49770
49771
49772
49773
49774
49777
49778
49779
49781
49785
49786
49787
49788
49789
49790
49792
49793
49794
49797
49802
49806
49807
49808
49809
49811
49818
49819
49821
49823
49824
49826
49827
49829
49830
49831
49832
49834
49835
49836
49837
49839
49840
49841
49842
49843
49844
49845
49846
49847
49848
49849
49852
49853
49854
49857
49858
49859
49860
49862
49863
49864
49865
49869
49871
49872
49873
49875
49876
49879
49880
49881
49882
49884
49886
49889
49891
49894
49896
49899
49901
49904
49905
49906
49908
49910
49911
49914
49915
49916
49917
49918
49919
49922
49925
49926
49927
49931
49932
49933
49935
49936
49939
49940
49941
49943
49944
49945
49946
49953
49955
49959
49963
49965
49966
49969
49970
49972
49976
49978
49979
49980
49981
49983
49984
49985
49986
49987
49988
49991
49993
49995
49996
49998
49999
50002
50004
50005
50006
50007
50008
50009
50011
50012
50013
50015
50016
50017
50018
50019
50021
50022
50023
50030
50032
50033
50034
50035
50037
50038
50039
50041
50043
50044
50045
50048
50049
50050
50052
50053
50054
50055
50056
50059
50063
50065
50067
50069
50070
50071
50073
50074
50075
50076
50078
50080
50081
50082
50085
50086
50088
50090
50091
50092
50095
50097
50098
50102
50103
50104
50105
50106
50107
50108
50110
50112
50113
50114
50115
50116
50117
50123
50126
50127
50128
50129
50130
50131
50135
50136
50137
50138
50139
50140
50143
50144
50147
50148
50149
50150
50152
50153
50154
50156
50157
50158
50159
50162
50163
50164
50166
50168
50171
50172
50174
50175
50176
50177
50178
50182
50183
50186
50187
50189
50190
50191
50194
50195
50196
50197
50199
50200
50203
50204
50206
50207
50209
50211
50214
50215
50216
50217
50219
50220
50221
50225
50226
50227
50228
50231
50233
50234
50235
50236
50237
50240
50242
50243
50245
50246
50248
50249
50251
50253
50254
50255
50257
50258
50261
50263
50265
50266
50267
50268
50269
50270
50273
50274
50276
50279
50284
50285
50287
50288
50290
50291
50293
50298
50299
50305
50306
50308
50309
50310
50312
50313
50314
50316
50318
50319
50320
50321
50322
50323
50324
50325
50326
50328
50330
50331
50334
50336
50338
50340
50341
50345
50346
50347
50349
50350
50351
50357
50358
50360
50363
50367
50369
50370
50371
50372
50373
50374
50375
50376
50377
50378
50383
50385
50389
50393
50395
50396
50397
50400
50402
50403
50407
50408
50412
50415
50416
50417
50418
50419
50421
50422
50423
50425
50426
50427
50429
50431
50433
50434
50435
50436
50438
50439
50440
50441
50442
50443
50445
50446
50447
50450
50451
50452
50453
50458
50460
50461
50462
50464
50465
50466
50467
50468
50471
50474
50475
50476
50477
50478
50483
50484
50485
50487
50488
50489
50490
50493
50494
50496
50497
50498
50500
50502
50503
50504
50506
50507
50517
50518
50521
50522
50523
50525
50526
50528
50530
50531
50533
50534
50540
50541
50542
50543
50544
50546
50547
50548
50551
50553
50554
50555
50556
50557
50561
50562
50563
50564
50565
50567
50569
50570
50572
50573
50574
50575
50576
50578
50579
50580
50581
50583
50587
50588
50589
50590
50591
50594
50598
50599
50600
50605
50606
50607
50608
50609
50610
50612
50613
50615
50616
50617
50618
50619
50620
50621
50622
50623
50624
50627
50629
50630
50631
50632
50634
50636
50637
50638
50639
50640
50641
50643
50644
50645
50647
50651
50654
50655
50656
50658
50661
50662
50663
50664
50666
50667
50668
50669
50671
50672
50673
50675
50676
50678
50679
50680
50681
50684
50686
50687
50688
50689
50690
50692
50693
50695
50696
50700
50702
50703
50704
50705
50707
50709
50711
50712
50713
50714
50715
50716
50717
50718
50719
50720
50721
50722
50724
50725
50727
50728
50729
50730
50731
50732
50733
50735
50736
50737
50739
50740
50741
50742
50743
50744
50747
50748
50749
50751
50752
50755
50757
50759
50760
50763
50767
50768
50770
50773
50775
50777
50778
50780
50783
50785
50786
50788
50790
50791
50795
50797
50798
50799
50800
50801
50802
50805
50806
50808
50809
50811
50813
50814
50815
50816
50819
50821
50822
50827
50829
50830
50831
50832
50834
50835
50836
50837
50839
50840
50841
50842
50843
50844
50845
50847
50848
50850
50852
50853
50854
50856
50859
50860
50861
50863
50865
50866
50868
50871
50874
50877
50881
50882
50883
50884
50886
50889
50890
50892
50893
50894
50897
50899
50900
50902
50907
50908
50910
50911
50912
50914
50917
50918
50920
50921
50922
50923
50924
50925
50926
50927
50930
50931
50932
50933
50940
50941
50943
50945
50946
50948
50950
50952
50953
50954
50955
50956
50958
50960
50961
50964
50967
50968
50970
50971
50972
50973
50975
50977
50978
50982
50985
50986
50988
50990
50994
50995
50996
50997
51001
51002
51003
51004
51006
51007
51008
51009
51010
51011
51013
51014
51015
51018
51019
51020
51023
51024
51027
51028
51030
51031
51032
51033
51036
51037
51038
51039
51041
51043
51045
51046
51048
51052
51053
51054
51055
51056
51057
51058
51060
51061
51065
51069
51073
51074
51076
51078
51080
51081
51082
51083
51086
51093
51094
51096
51097
51098
51099
51103
51104
51105
51106
51107
51109
51113
51115
51118
51119
51120
51121
51122
51125
51127
51128
51129
51131
51132
51133
51136
51138
51139
51140
51141
51145
51147
51148
51149
51150
51151
51154
51155
51158
51159
51160
51161
51162
51164
51165
51166
51167
51168
51169
51170
51172
51176
51177
51178
51180
51181
51182
51183
51184
51185
51186
51187
51188
51189
51190
51192
51193
51195
51196
51197
51200
51201
51202
51203
51206
51207
51209
51211
51212
51213
51214
51215
51216
51218
51219
51221
51222
51223
51224
51226
51227
51229
51230
51233
51236
51237
51238
51239
51241
51244
51246
51247
51250
51252
51254
51255
51257
51258
51260
51261
51263
51264
51266
51269
51270
51273
51274
51276
51278
51281
51282
51284
51286
51287
51289
51292
51293
51294
51295
51298
51300
51302
51303
51304
51307
51308
51309
51310
51311
51313
51317
51318
51319
51320
51321
51322
51323
51324
51326
51328
51329
51330
51331
51332
51333
51335
51336
51337
51338
51340
51341
51342
51343
51345
51346
51348
51352
51353
51354
51355
51357
51358
51359
51360
51361
51362
51363
51365
51366
51368
51370
51372
51376
51377
51379
51381
51382
51388
51389
51390
51392
51393
51396
51397
51401
51403
51406
51407
51410
51412
51414
51416
51418
51419
51420
51422
51426
51427
51428
51429
51430
51438
51439
51440
51442
51443
51445
51446
51447
51448
51449
51450
51451
51452
51455
51456
51459
51460
51462
51464
51465
51466
51467
51470
51472
51474
51475
51476
51477
51480
51481
51482
51483
51484
51485
51486
51487
51490
51492
51493
51494
51497
51501
51503
51505
51508
51509
51510
51514
51516
51517
51518
51519
51523
51524
51525
51526
51527
51528
51529
51531
51532
51533
51534
51535
51536
51538
51539
51540
51541
51542
51543
51545
51548
51549
51552
51556
51558
51561
51562
51563
51565
51567
51569
51571
51572
51573
51575
51577
51579
51580
51581
51582
51583
51586
51588
51590
51591
51592
51593
51594
51595
51596
51597
51598
51600
51601
51602
51608
51611
51613
51614
51615
51616
51617
51619
51620
51621
51622
51624
51625
51626
51627
51628
51629
51630
51633
51635
51636
51637
51638
51640
51641
51642
51645
51646
51647
51649
51652
51653
51654
51655
51656
51658
51659
51660
51661
51663
51664
51665
51666
51667
51669
51671
51675
51677
51679
51681
51683
51684
51686
51687
51688
51690
51691
51693
51694
51695
51696
51698
51699
51704
51705
51706
51707
51709
51710
51712
51713
51714
51715
51716
51717
51719
51720
51722
51723
51724
51725
51727
51729
51731
51733
51734
51736
51738
51740
51741
51743
51744
51745
51746
51747
51749
51751
51752
51753
51754
51755
51756
51759
51760
51762
51763
51764
51765
51767
51769
51771
51774
51775
51776
51779
51781
51782
51783
51784
51785
51786
51787
51788
51790
51791
51793
51794
51795
51796
51797
51798
51802
51806
51808
51809
51811
51813
51814
51815
51817
51818
51823
51825
51827
51828
51830
51831
51832
51834
51835
51836
51838
51842
51844
51845
51846
51847
51848
51849
51850
51853
51854
51855
51856
51859
51860
51861
51863
51864
51865
51867
51868
51869
51873
51874
51876
51877
51884
51887
51888
51889
51891
51892
51896
51898
51901
51902
51904
51907
51908
51909
51913
51914
51917
51919
51921
51923
51924
51928
51929
51932
51933
51935
51936
51938
51940
51941
51944
51945
51946
51947
51949
51950
51951
51954
51956
51957
51958
51959
51963
51966
51967
51968
51969
51971
51972
51973
51974
51975
51976
51981
51982
51984
51987
51988
51989
51991
51992
51993
51995
51996
51997
51998
51999
52001
52003
52004
52006
52009
52011
52014
52015
52016
52017
52018
52019
52022
52023
52024
52025
52026
52027
52028
52030
52031
52033
52034
52036
52037
52038
52039
52040
52041
52043
52044
52045
52046
52048
52050
52052
52053
52055
52057
52058
52059
52060
52062
52064
52066
52067
52069
52071
52072
52073
52074
52075
52079
52080
52082
52085
52086
52088
52089
52090
52092
52093
52094
52095
52096
52097
52098
52099
52100
52101
52103
52104
52105
52106
52107
52108
52109
52111
52112
52113
52114
52116
52120
52121
52123
52124
52125
52127
52128
52129
52130
52131
52132
52134
52135
52136
52137
52138
52139
52140
52141
52143
52144
52146
52149
52151
52152
52156
52157
52158
52159
52160
52161
52162
52163
52165
52166
52167
52169
52170
52172
52173
52175
52177
52178
52179
52180
52183
52187
52188
52190
52194
52195
52196
52197
52198
52199
52202
52206
52207
52208
52209
52211
52212
52213
52214
52217
52222
52224
52225
52226
52228
52230
52236
52237
52238
52240
52241
52242
52244
52245
52246
52247
52248
52249
52254
52261
52262
52264
52265
52267
52268
52269
52270
52271
52272
52273
52275
52276
52277
52278
52279
52280
52283
52284
52287
52288
52289
52290
52293
52294
52300
52301
52302
52304
52305
52306
52307
52309
52311
52318
52319
52320
52321
52323
52324
52325
52326
52327
52332
52333
52334
52336
52340
52342
52344
52345
52346
52347
52349
52352
52354
52355
52356
52357
52360
52361
52363
52366
52367
52368
52370
52371
52372
52373
52374
52376
52378
52380
52382
52383
52384
52389
52390
52391
52392
52394
52395
52396
52398
52399
52400
52401
52404
52405
52406
52407
52408
52410
52411
52412
52414
52418
52419
52421
52422
52423
52424
52428
52429
52430
52431
52432
52433
52434
52437
52438
52439
52440
52442
52443
52446
52451
52455
52457
52460
52463
52465
52466
52472
52473
52476
52479
52480
52483
52490
52491
52494
52496
52498
52499
52501
52502
52503
52504
52505
52508
52509
52512
52513
52514
52515
52516
52518
52520
52522
52525
52526
52527
52528
52529
52530
52531
52532
52534
52535
52538
52539
52540
52541
52542
52545
52551
52552
52554
52556
52557
52558
52561
52563
52565
52566
52568
52570
52572
52574
52575
52579
52580
52581
52582
52583
52584
52585
52588
52590
52591
52592
52593
52594
52595
52598
52599
52600
52603
52604
52605
52606
52607
52608
52613
52614
52616
52617
52618
52619
52620
52621
52623
52624
52627
52629
52630
52631
52633
52635
52636
52637
52642
52644
52647
52648
52653
52654
52655
52657
52658
52659
52661
52665
52666
52667
52669
52670
52671
52672
52676
52678
52679
52680
52682
52692
52693
52694
52696
52697
52698
52699
52700
52702
52704
52705
52707
52709
52711
52712
52713
52719
52720
52722
52723
52726
52727
52729
52730
52731
52732
52733
52734
52735
52736
52738
52739
52742
52743
52746
52749
52751
52752
52754
52755
52758
52759
52760
52761
52763
52765
52766
52769
52770
52771
52772
52773
52774
52776
52777
52778
52780
52781
52783
52784
52786
52787
52788
52789
52790
52791
52793
52794
52796
52797
52798
52799
52801
52802
52804
52807
52809
52810
52813
52814
52815
52816
52818
52820
52821
52824
52825
52827
52828
52832
52836
52837
52839
52840
52842
52843
52844
52847
52850
52853
52854
52855
52856
52858
52859
52860
52862
52863
52864
52865
52867
52873
52877
52878
52881
52883
52884
52888
52891
52894
52895
52898
52902
52906
52907
52909
52910
52911
52913
52914
52915
52916
52917
52921
52922
52923
52924
52926
52927
52928
52931
52932
52934
52936
52937
52941
52942
52945
52947
52950
52951
52956
52957
52959
52960
52962
52963
52964
52966
52968
52969
52970
52971
52972
52973
52977
52978
52982
52984
52986
52988
52990
52992
52994
52995
52997
52998
52999
53000
53001
53005
53006
53008
53009
53010
53013
53020
53021
53022
53025
53026
53028
53029
53030
53031
53032
53035
53036
53037
53038
53039
53040
53041
53042
53045
53047
53048
53049
53051
53053
53054
53055
53056
53057
53059
53061
53062
53063
53064
53065
53066
53067
53069
53071
53075
53076
53081
53082
53083
53085
53086
53088
53090
53091
53092
53095
53097
53098
53099
53100
53101
53102
53104
53107
53108
53118
53119
53121
53122
53123
53124
53125
53126
53127
53128
53129
53130
53132
53133
53134
53137
53139
53140
53142
53143
53145
53148
53149
53150
53151
53152
53154
53155
53156
53158
53159
53163
53165
53166
53168
53169
53173
53175
53177
53178
53182
53183
53185
53186
53188
53189
53191
53193
53194
53196
53197
53198
53199
53200
53201
53207
53209
53210
53211
53212
53213
53215
53216
53217
53218
53219
53221
53222
53224
53225
53226
53227
53228
53231
53232
53234
53235
53236
53237
53238
53241
53242
53243
53244
53245
53248
53249
53250
53251
53252
53253
53254
53257
53258
53260
53261
53263
53264
53265
53266
53267
53268
53269
53274
53275
53278
53279
53280
53283
53284
53286
53287
53288
53290
53291
53292
53294
53295
53297
53299
53300
53304
53305
53308
53309
53310
53311
53314
53315
53316
53318
53319
53320
53321
53322
53323
53324
53325
53327
53328
53329
53335
53337
53338
53340
53341
53342
53344
53346
53347
53348
53350
53351
53353
53361
53368
53369
53370
53372
53373
53377
53378
53381
53383
53384
53385
53386
53387
53389
53391
53392
53393
53394
53395
53397
53399
53401
53405
53406
53407
53410
53412
53415
53417
53418
53419
53421
53423
53426
53427
53428
53430
53432
53433
53436
53438
53440
53441
53442
53443
53444
53445
53446
53447
53448
53449
53450
53451
53452
53453
53454
53455
53460
53462
53465
53468
53470
53471
53473
53474
53475
53476
53477
53478
53480
53481
53483
53485
53486
53488
53490
53493
53494
53496
53497
53498
53499
53500
53501
53502
53506
53509
53511
53513
53515
53516
53517
53520
53521
53522
53523
53525
53526
53527
53529
53530
53531
53533
53534
53535
53537
53538
53539
53541
53543
53544
53547
53549
53550
53551
53552
53553
53554
53559
53560
53561
53562
53563
53564
53565
53567
53568
53569
53570
53571
53572
53574
53575
53576
53577
53581
53582
53584
53586
53587
53589
53590
53591
53592
53595
53596
53597
53598
53599
53601
53602
53604
53605
53607
53608
53610
53611
53612
53613
53615
53616
53618
53619
53620
53623
53628
53630
53631
53632
53633
53637
53639
53640
53641
53642
53644
53646
53648
53649
53650
53651
53652
53653
53656
53657
53660
53661
53666
53667
53668
53670
53671
53673
53675
53677
53679
53681
53683
53685
53686
53688
53689
53691
53693
53696
53698
53700
53701
53702
53704
53705
53707
53709
53710
53711
53712
53714
53716
53717
53719
53720
53721
53722
53723
53726
53727
53730
53731
53733
53734
53736
53740
53741
53742
53743
53747
53750
53751
53752
53755
53756
53757
53759
53761
53762
53765
53766
53767
53768
53770
53771
53772
53774
53776
53778
53779
53782
53783
53784
53785
53786
53787
53789
53790
53791
53792
53794
53796
53797
53798
53799
53804
53805
53808
53811
53813
53816
53817
53818
53819
53821
53822
53825
53826
53828
53829
53830
53831
53833
53834
53835
53836
53837
53838
53839
53840
53843
53844
53848
53850
53853
53854
53858
53859
53860
53861
53862
53863
53864
53866
53867
53870
53871
53872
53873
53880
53881
53882
53887
53888
53889
53890
53891
53892
53893
53894
53895
53898
53902
53907
53910
53912
53913
53914
53915
53918
53919
53921
53922
53923
53924
53926
53928
53929
53932
53934
53935
53937
53938
53940
53941
53943
53944
53946
53948
53950
53952
53954
53955
53959
53960
53961
53963
53966
53967
53968
53969
53972
53974
53975
53976
53979
53980
53984
53985
53986
53987
53988
53989
53991
53992
53993
53994
53995
53997
54000
54001
54003
54004
54007
54009
54011
54012
54017
54018
54022
54026
54027
54028
54029
54030
54038
54039
54040
54042
54043
54044
54046
54047
54048
54049
54050
54052
54054
54055
54057
54058
54060
54062
54065
54068
54070
54071
54072
54073
54074
54075
54077
54078
54079
54080
54083
54084
54085
54087
54088
54089
54092
54093
54095
54096
54097
54098
54100
54101
54103
54109
54111
54113
54115
54116
54118
54121
54122
54123
54124
54125
54126
54127
54128
54129
54133
54134
54138
54139
54141
54142
54144
54146
54148
54149
54150
54152
54154
54155
54156
54157
54162
54164
54165
54166
54167
54170
54172
54174
54175
54178
54180
54181
54182
54183
54184
54186
54187
54188
54189
54190
54191
54195
54196
54198
54199
54201
54202
54203
54204
54209
54210
54212
54214
54216
54218
54219
54220
54221
54222
54223
54224
54226
54227
54228
54231
54234
54235
54237
54239
54240
54241
54244
54245
54246
54248
54250
54251
54252
54256
54258
54261
54264
54266
54267
54268
54269
54270
54272
54276
54277
54279
54280
54282
54283
54284
54285
54287
54289
54291
54292
54293
54294
54297
54298
54300
54301
54302
54303
54304
54306
54307
54311
54316
54317
54318
54320
54321
54322
54323
54324
54325
54326
54327
54330
54331
54333
54335
54337
54338
54339
54341
54342
54344
54345
54346
54347
54348
54350
54352
54353
54354
54356
54360
54362
54364
54370
54371
54373
54374
54375
54376
54377
54380
54381
54382
54383
54384
54387
54388
54389
54390
54392
54393
54394
54395
54397
54398
54399
54400
54401
54403
54404
54405
54406
54409
54410
54413
54415
54417
54420
54423
54424
54425
54426
54428
54431
54433
54434
54436
54437
54439
54441
54443
54444
54447
54449
54450
54452
54453
54457
54461
54462
54463
54465
54470
54473
54474
54475
54476
54477
54478
54481
54482
54488
54489
54490
54492
54494
54495
54496
54499
54501
54502
54505
54506
54507
54508
54509
54511
54513
54514
54517
54520
54523
54524
54525
54526
54528
54530
54531
54532
54537
54538
54540
54544
54546
54547
54548
54550
54551
54552
54554
54555
54556
54559
54565
54566
54567
54568
54569
54570
54571
54572
54573
54575
54576
54577
54579
54580
54581
54582
54585
54587
54588
54589
54592
54593
54594
54597
54598
54599
54600
54601
54602
54603
54605
54606
54607
54608
54612
54614
54615
54617
54619
54620
54621
54622
54625
54626
54627
54628
54631
54632
54633
54635
54637
54638
54639
54640
54641
54643
54644
54645
54647
54649
54651
54655
54657
54658
54663
54664
54665
54666
54667
54669
54672
54673
54674
54675
54677
54679
54680
54681
54683
54684
54685
54686
54687
54692
54693
54694
54696
54697
54698
54699
54700
54702
54703
54705
54706
54708
54709
54711
54714
54715
54718
54720
54721
54722
54723
54725
54726
54727
54728
54729
54730
54733
54734
54735
54736
54737
54738
54740
54741
54742
54743
54746
54747
54748
54750
54751
54752
54753
54755
54756
54757
54758
54762
54765
54767
54769
54771
54772
54773
54774
54775
54776
54777
54781
54782
54783
54785
54788
54789
54791
54792
54794
54796
54797
54798
54799
54800
54801
54802
54803
54806
54811
54813
54814
54816
54817
54818
54819
54820
54822
54823
54824
54825
54826
54827
54828
54829
54830
54831
54832
54834
54835
54837
54839
54840
54843
54844
54845
54846
54847
54854
54857
54859
54863
54864
54866
54867
54868
54874
54879
54882
54884
54885
54887
54888
54891
54892
54893
54894
54896
54898
54900
54901
54902
54903
54904
54905
54907
54908
54909
54910
54912
54914
54915
54917
54918
54919
54921
54923
54925
54930
54931
54933
54936
54937
54939
54942
54943
54944
54945
54946
54947
54949
54950
54952
54953
54954
54955
54956
54957
54961
54962
54963
54964
54965
54969
54971
54972
54974
54975
54977
54978
54979
54980
54981
54983
54984
54985
54988
54992
54993
54994
54995
54997
54998
55001
55003
55004
55005
55006
55007
55008
55009
55010
55011
55012
55013
55014
55015
55016
55017
55018
55023
55025
55028
55030
55033
55034
55038
55039
55042
55043
55044
55045
55046
55048
55050
55051
55052
55053
55054
55055
55056
55058
55059
55060
55061
55062
55063
55064
55065
55068
55069
55072
55073
55075
55077
55078
55081
55082
55083
55084
55089
55090
55091
55093
55094
55095
55097
55098
55099
55100
55101
55102
55104
55105
55107
55108
55111
55112
55113
55115
55116
55117
55118
55122
55124
55126
55128
55131
55133
55135
55136
55139
55141
55142
55143
55144
55146
55147
55148
55151
55152
55153
55155
55157
55158
55160
55162
55163
55166
55167
55169
55172
55175
55178
55180
55182
55186
55188
55189
55191
55192
55193
55194
55195
55196
55197
55198
55200
55204
55205
55207
55208
55211
55213
55216
55221
55222
55223
55225
55228
55229
55230
55232
55238
55239
55240
55242
55243
55245
55248
55252
55253
55255
55256
55258
55260
55262
55264
55266
55267
55268
55271
55272
55273
55274
55275
55276
55277
55278
55279
55280
55283
55284
55286
55287
55289
55291
55292
55293
55294
55298
55300
55301
55302
55304
55307
55308
55309
55311
55312
55313
55314
55315
55317
55319
55320
55321
55322
55326
55327
55330
55332
55333
55334
55337
55338
55343
55346
55347
55356
55359
55361
55362
55363
55368
55369
55370
55371
55373
55374
55375
55377
55378
55381
55382
55385
55388
55390
55392
55393
55396
55397
55398
55399
55400
55402
55404
55405
55406
55407
55408
55409
55413
55416
55418
55423
55424
55426
55427
55428
55429
55430
55431
55432
55433
55435
55436
55437
55438
55439
55442
55444
55447
55449
55452
55454
55455
55459
55460
55461
55462
55464
55465
55466
55467
55468
55469
55471
55472
55477
55478
55479
55480
55483
55485
55486
55488
55491
55492
55493
55495
55499
55501
55502
55503
55504
55506
55509
55510
55511
55513
55514
55520
55523
55524
55525
55526
55527
55528
55529
55532
55533
55534
55535
55537
55539
55540
55544
55545
55546
55547
55548
55549
55550
55552
55553
55554
55559
55560
55561
55564
55565
55566
55567
55568
55569
55570
55571
55573
55576
55577
55578
55579
55582
55583
55584
55585
55588
55589
55590
55592
55593
55594
55597
55601
55603
55604
55606
55607
55608
55615
55617
55618
55619
55620
55621
55622
55623
55625
55629
55630
55631
55633
55636
55638
55639
55642
55643
55646
55648
55651
55654
55656
55657
55658
55659
55663
55664
55666
55667
55668
55669
55670
55674
55675
55676
55677
55678
55682
55685
55686
55687
55688
55689
55690
55691
55696
55697
55699
55702
55703
55704
55705
55706
55708
55709
55710
55711
55712
55713
55716
55717
55718
55719
55721
55723
55724
55725
55726
55727
55728
55729
55730
55731
55734
55735
55736
55739
55740
55741
55748
55749
55750
55751
55752
55758
55759
55761
55762
55763
55765
55766
55767
55768
55769
55774
55776
55777
55778
55779
55780
55785
55786
55788
55789
55791
55792
55795
55798
55801
55802
55803
55805
55806
55811
55812
55813
55814
55819
55820
55821
55823
55824
55825
55829
55830
55832
55833
55834
55835
55836
55841
55842
55843
55844
55846
55847
55850
55852
55853
55855
55857
55858
55859
55862
55865
55866
55868
55869
55870
55872
55873
55874
55879
55881
55882
55883
55886
55887
55888
55889
55890
55891
55894
55896
55897
55901
55903
55904
55905
55907
55908
55909
55913
55915
55918
55919
55921
55922
55926
55928
55930
55931
55932
55933
55936
55937
55938
55941
55942
55943
55946
55947
55949
55950
55951
55953
55955
55956
55957
55958
55960
55961
55962
55965
55967
55970
55971
55972
55977
55978
55979
55980
55981
55982
55984
55985
55986
55988
55989
55991
55992
55993
55994
55996
55998
55999
56000
56001
56004
56006
56008
56009
56011
56012
56013
56014
56016
56017
56023
56024
56025
56028
56030
56031
56033
56034
56035
56038
56039
56040
56041
56042
56043
56045
56047
56049
56050
56053
56060
56061
56062
56064
56065
56066
56067
56068
56069
56070
56072
56073
56074
56075
56077
56078
56079
56080
56081
56082
56083
56084
56085
56086
56089
56092
56094
56096
56097
56098
56101
56102
56103
56104
56105
56106
56107
56108
56110
56111
56114
56117
56120
56121
56122
56124
56125
56129
56130
56132
56133
56134
56136
56137
56138
56141
56142
56143
56145
56146
56149
56150
56151
56152
56155
56156
56161
56164
56166
56167
56169
56173
56174
56175
56176
56177
56180
56181
56182
56183
56184
56185
56186
56188
56189
56190
56191
56193
56197
56202
56203
56205
56207
56208
56210
56213
56215
56216
56218
56219
56220
56221
56222
56225
56226
56227
56228
56229
56231
56232
56233
56236
56239
56240
56242
56243
56244
56245
56248
56249
56250
56255
56256
56257
56261
56263
56264
56266
56269
56270
56272
56274
56276
56278
56279
56280
56281
56282
56283
56286
56288
56292
56293
56295
56297
56298
56299
56300
56301
56302
56304
56305
56306
56307
56308
56309
56312
56313
56316
56318
56320
56321
56322
56323
56325
56328
56329
56330
56331
56332
56333
56336
56338
56340
56341
56343
56344
56346
56347
56348
56351
56353
56354
56358
56359
56361
56363
56364
56365
56369
56370
56371
56372
56376
56377
56378
56380
56381
56383
56387
56388
56390
56391
56392
56393
56394
56395
56396
56397
56398
56399
56402
56403
56405
56406
56408
56409
56410
56411
56412
56413
56414
56415
56417
56418
56419
56421
56422
56423
56424
56425
56426
56427
56428
56429
56430
56431
56432
56434
56435
56436
56437
56438
56439
56442
56443
56445
56447
56449
56450
56452
56453
56454
56455
56456
56460
56462
56464
56469
56473
56474
56476
56477
56478
56479
56481
56482
56483
56484
56485
56487
56488
56492
56493
56494
56496
56497
56498
56499
56500
56502
56504
56506
56507
56509
56510
56513
56515
56517
56518
56519
56520
56521
56522
56524
56530
56531
56532
56533
56537
56538
56542
56543
56545
56546
56547
56548
56553
56554
56556
56558
56560
56561
56562
56564
56566
56568
56570
56574
56576
56577
56578
56579
56583
56585
56586
56587
56588
56589
56591
56592
56593
56594
56597
56598
56600
56601
56602
56605
56607
56608
56609
56610
56614
56616
56617
56620
56623
56625
56628
56629
56630
56633
56634
56635
56636
56637
56638
56640
56642
56644
56647
56650
56651
56653
56654
56655
56656
56657
56658
56663
56664
56665
56667
56670
56671
56674
56677
56678
56679
56680
56681
56682
56683
56685
56687
56689
56690
56691
56692
56693
56694
56697
56698
56699
56700
56701
56703
56704
56707
56709
56710
56711
56712
56713
56714
56715
56716
56718
56720
56721
56722
56723
56724
56725
56726
56728
56730
56732
56734
56735
56736
56738
56740
56742
56743
56744
56745
56746
56747
56748
56750
56755
56757
56759
56760
56761
56762
56765
56766
56767
56768
56770
56771
56773
56775
56778
56781
56784
56785
56786
56790
56792
56793
56796
56797
56798
56799
56800
56801
56802
56805
56806
56809
56811
56812
56814
56816
56817
56819
56822
56823
56825
56826
56827
56828
56830
56831
56834
56837
56838
56840
56841
56844
56845
56848
56850
56851
56852
56853
56854
56856
56857
56859
56863
56866
56867
56868
56869
56870
56873
56874
56875
56876
56877
56878
56883
56884
56887
56888
56889
56890
56892
56893
56894
56898
56899
56900
56901
56902
56905
56906
56907
56908
56915
56917
56918
56919
56921
56922
56923
56924
56925
56928
56929
56930
56933
56934
56936
56937
56938
56939
56940
56941
56942
56943
56944
56945
56947
56948
56950
56951
56952
56954
56955
56956
56957
56958
56959
56962
56964
56968
56969
56971
56972
56974
56976
56981
56982
56983
56985
56987
56988
56990
56991
56992
56993
56994
56995
56996
56997
56999
57000
57001
57003
57005
57007
57008
57010
57011
57012
57014
57015
57016
57018
57022
57023
57024
57026
57027
57028
57030
57032
57038
57041
57042
57043
57044
57045
57046
57047
57048
57052
57055
57057
57058
57059
57061
57062
57063
57064
57065
57066
57068
57070
57073
57079
57080
57081
57082
57083
57084
57085
57088
57092
57093
57098
57100
57104
57106
57107
57108
57109
57110
57111
57114
57116
57117
57118
57119
57120
57121
57123
57125
57129
57130
57132
57133
57134
57135
57136
57138
57140
57142
57143
57144
57146
57148
57149
57151
57152
57154
57155
57158
57159
57161
57162
57163
57167
57169
57170
57171
57172
57173
57174
57175
57177
57178
57179
57180
57181
57182
57183
57189
57190
57191
57193
57194
57197
57198
57199
57201
57203
57204
57205
57206
57207
57208
57209
57211
57212
57213
57216
57217
57218
57220
57221
57226
57227
57228
57231
57232
57233
57235
57236
57237
57241
57242
57243
57244
57246
57247
57251
57252
57253
57254
57258
57260
57261
57264
57265
57266
57267
57269
57272
57273
57274
57275
57276
57277
57278
57279
57280
57281
57282
57283
57284
57285
57286
57287
57290
57291
57294
57295
57297
57298
57299
57301
57302
57305
57308
57309
57311
57312
57314
57318
57321
57323
57325
57328
57329
57331
57332
57334
57335
57336
57338
57339
57343
57346
57347
57348
57349
57351
57352
57355
57356
57358
57359
57360
57364
57366
57367
57368
57369
57370
57371
57372
57373
57374
57375
57376
57377
57378
57379
57380
57382
57385
57386
57388
57389
57393
57394
57395
57396
57399
57404
57407
57408
57409
57411
57412
57416
57419
57423
57424
57426
57427
57429
57430
57432
57433
57434
57435
57437
57440
57441
57442
57444
57447
57448
57449
57453
57454
57456
57457
57458
57460
57461
57462
57463
57465
57466
57467
57468
57469
57470
57472
57473
57474
57478
57479
57480
57481
57483
57484
57485
57486
57487
57488
57490
57492
57493
57494
57499
57500
57501
57502
57503
57504
57505
57509
57511
57512
57515
57516
57517
57520
57522
57523
57524
57525
57528
57535
57536
57537
57538
57539
57540
57541
57543
57546
57548
57550
57551
57552
57554
57555
57556
57561
57562
57563
57564
57565
57567
57568
57569
57570
57571
57572
57573
57574
57575
57577
57578
57580
57581
57582
57583
57584
57585
57586
57587
57588
57589
57590
57591
57594
57595
57597
57598
57599
57602
57607
57609
57610
57611
57612
57613
57614
57616
57619
57621
57622
57624
57625
57626
57627
57628
57629
57630
57631
57632
57634
57635
57637
57638
57639
57641
57643
57646
57648
57650
57651
57652
57654
57655
57656
57658
57659
57662
57664
57665
57666
57670
57672
57674
57677
57678
57679
57681
57682
57683
57686
57687
57688
57689
57690
57692
57693
57694
57696
57697
57699
57700
57701
57702
57704
57706
57707
57714
57715
57716
57720
57721
57722
57725
57728
57729
57730
57732
57734
57737
57738
57741
57743
57744
57745
57746
57747
57748
57750
57751
57752
57754
57756
57757
57758
57759
57760
57761
57762
57764
57766
57768
57769
57770
57771
57772
57773
57774
57775
57778
57781
57782
57784
57786
57789
57790
57791
57792
57793
57794
57795
57796
57797
57798
57799
57800
57801
57802
57803
57805
57806
57807
57808
57809
57813
57814
57815
57816
57817
57818
57819
57820
57821
57822
57824
57827
57828
57832
57833
57834
57835
57836
57838
57840
57844
57845
57846
57847
57850
57852
57853
57854
57859
57860
57861
57862
57863
57867
57870
57871
57873
57879
57880
57881
57882
57883
57884
57885
57886
57887
57888
57893
57894
57896
57899
57900
57901
57902
57903
57904
57905
57906
57909
57910
57911
57912
57915
57917
57918
57919
57920
57921
57922
57923
57924
57929
57930
57931
57932
57935
57941
57942
57944
57946
57947
57948
57951
57952
57953
57954
57955
57956
57957
57958
57959
57960
57962
57964
57966
57969
57970
57971
57972
57973
57974
57976
57977
57979
57980
57982
57983
57985
57988
57990
57992
57993
57994
57999
58001
58003
58004
58006
58007
58011
58012
58013
58014
58015
58017
58022
58023
58024
58025
58026
58028
58029
58031
58033
58034
58035
58037
58038
58040
58043
58045
58046
58047
58048
58049
58050
58051
58053
58054
58056
58058
58060
58061
58062
58065
58066
58067
58068
58069
58071
58072
58075
58076
58077
58079
58080
58081
58082
58083
58085
58086
58087
58089
58090
58093
58095
58100
58101
58103
58104
58105
58106
58109
58110
58111
58112
58114
58115
58116
58118
58119
58120
58122
58123
58124
58125
58127
58128
58129
58131
58133
58134
58136
58139
58141
58143
58144
58145
58146
58147
58148
58150
58151
58154
58159
58160
58167
58168
58169
58170
58172
58174
58175
58177
58179
58180
58181
58185
58186
58187
58190
58191
58192
58195
58196
58197
58201
58202
58203
58205
58206
58207
58212
58213
58214
58215
58216
58217
58218
58221
58225
58226
58232
58233
58234
58236
58239
58240
58246
58247
58248
58249
58250
58252
58253
58254
58255
58256
58257
58258
58261
58262
58263
58265
58268
58271
58273
58275
58277
58279
58281
58282
58284
58285
58288
58291
58293
58295
58296
58298
58299
58300
58302
58304
58307
58309
58310
58313
58314
58316
58319
58321
58322
58326
58327
58329
58332
58334
58335
58337
58341
58342
58345
58348
58349
58351
58354
58355
58356
58357
58358
58360
58361
58362
58364
58366
58369
58371
58377
58378
58379
58380
58381
58382
58384
58386
58387
58389
58391
58393
58396
58397
58398
58399
58401
58403
58404
58409
58411
58412
58413
58414
58415
58416
58418
58419
58421
58423
58424
58425
58426
58427
58428
58429
58431
58432
58433
58437
58438
58439
58440
58441
58442
58443
58444
58449
58450
58452
58453
58454
58455
58456
58457
58458
58459
58461
58463
58464
58465
58467
58469
58471
58472
58475
58478
58479
58480
58482
58483
58486
58487
58488
58489
58490
58491
58493
58494
58495
58496
58497
58499
58502
58503
58504
58508
58510
58511
58512
58513
58515
58516
58517
58519
58522
58525
58526
58527
58529
58530
58531
58533
58534
58535
58538
58541
58543
58544
58545
58549
58550
58551
58554
58556
58557
58558
58560
58563
58564
58567
58570
58572
58573
58574
58575
58576
58577
58578
58579
58580
58582
58584
58585
58586
58587
58588
58589
58592
58594
58595
58597
58598
58602
58603
58606
58607
58609
58610
58611
58612
58613
58614
58615
58616
58617
58618
58619
58620
58621
58622
58623
58625
58627
58628
58629
58630
58633
58634
58635
58636
58638
58639
58641
58642
58643
58645
58646
58649
58650
58652
58653
58654
58656
58661
58662
58663
58664
58665
58667
58668
58670
58671
58672
58673
58674
58677
58679
58681
58683
58684
58685
58687
58688
58689
58690
58691
58692
58693
58696
58697
58699
58700
58701
58703
58705
58706
58707
58710
58711
58712
58713
58714
58716
58717
58718
58719
58720
58722
58724
58725
58726
58727
58729
58732
58733
58734
58735
58736
58737
58739
58741
58743
58744
58745
58747
58748
58753
58754
58756
58757
58758
58761
58764
58765
58766
58769
58773
58774
58775
58776
58778
58779
58783
58792
58793
58794
58795
58796
58797
58802
58803
58804
58805
58806
58809
58810
58812
58814
58816
58818
58821
58825
58826
58827
58828
58830
58831
58833
58834
58837
58839
58841
58842
58844
58845
58847
58849
58850
58854
58855
58856
58857
58860
58863
58864
58866
58867
58869
58871
58873
58877
58878
58881
58884
58890
58891
58893
58894
58895
58896
58898
58899
58900
58901
58902
58904
58905
58906
58907
58909
58911
58912
58913
58914
58915
58918
58919
58923
58924
58925
58926
58929
58935
58936
58938
58939
58941
58944
58945
58946
58947
58948
58951
58952
58954
58957
58962
58963
58968
58969
58971
58972
58973
58975
58976
58977
58978
58979
58980
58984
58987
58988
58989
58992
58994
58995
58996
58997
58998
59000
59003
59004
59005
59006
59008
59009
59010
59011
59013
59014
59015
59020
59021
59022
59025
59028
59033
59034
59037
59040
59041
59044
59045
59046
59048
59049
59050
59051
59052
59054
59055
59056
59057
59060
59062
59064
59065
59067
59068
59069
59070
59071
59072
59073
59074
59075
59076
59078
59080
59082
59085
59086
59087
59088
59094
59095
59096
59097
59098
59099
59101
59102
59103
59104
59106
59107
59111
59114
59116
59118
59119
59122
59125
59127
59129
59130
59131
59132
59133
59135
59136
59141
59143
59144
59146
59147
59148
59149
59150
59151
59152
59153
59156
59157
59158
59159
59161
59162
59163
59165
59167
59169
59171
59172
59174
59175
59176
59177
59178
59179
59183
59184
59187
59188
59189
59190
59191
59192
59193
59195
59196
59197
59199
59201
59203
59204
59206
59207
59209
59210
59212
59213
59214
59215
59217
59218
59219
59220
59224
59226
59227
59229
59230
59231
59232
59233
59234
59235
59236
59238
59239
59241
59242
59243
59250
59251
59253
59254
59256
59258
59260
59262
59265
59268
59270
59271
59274
59275
59276
59277
59278
59281
59282
59283
59285
59288
59290
59293
59298
59299
59300
59301
59302
59304
59306
59307
59308
59309
59311
59312
59315
59317
59318
59319
59320
59324
59325
59326
59331
59333
59336
59341
59342
59343
59344
59346
59348
59349
59353
59355
59357
59358
59361
59364
59366
59367
59368
59370
59371
59373
59375
59376
59377
59379
59383
59385
59386
59389
59390
59391
59393
59394
59395
59396
59397
59401
59402
59403
59404
59406
59408
59411
59412
59413
59414
59415
59416
59420
59422
59425
59427
59428
59430
59432
59433
59434
59435
59436
59437
59438
59439
59440
59442
59443
59445
59448
59450
59451
59453
59454
59455
59456
59457
59458
59459
59460
59461
59462
59463
59464
59465
59466
59467
59468
59469
59470
59471
59472
59473
59474
59475
59476
59478
59479
59480
59481
59484
59485
59486
59487
59488
59492
59493
59494
59495
59496
59497
59498
59499
59500
59501
59503
59505
59506
59507
59512
59517
59519
59520
59521
59524
59528
59529
59531
59532
59533
59534
59535
59537
59538
59539
59540
59542
59543
59545
59546
59548
59549
59550
59553
59555
59557
59559
59560
59561
59562
59563
59567
59570
59571
59572
59573
59574
59575
59576
59578
59579
59581
59582
59583
59584
59586
59590
59592
59595
59596
59598
59603
59604
59606
59609
59610
59612
59615
59617
59621
59622
59623
59624
59625
59626
59627
59629
59630
59631
59634
59635
59636
59637
59638
59640
59641
59642
59643
59645
59646
59647
59648
59649
59652
59653
59655
59656
59657
59659
59660
59661
59664
59666
59668
59669
59670
59671
59672
59673
59676
59677
59678
59679
59680
59681
59682
59683
59686
59687
59688
59690
59691
59692
59693
59694
59697
59698
59699
59701
59702
59704
59706
59708
59709
59710
59712
59713
59714
59715
59719
59721
59722
59723
59724
59726
59727
59728
59729
59731
59733
59734
59735
59737
59738
59739
59740
59741
59744
59746
59747
59748
59749
59751
59752
59753
59756
59758
59759
59760
59761
59765
59766
59769
59770
59772
59774
59776
59779
59781
59783
59786
59790
59791
59792
59798
59800
59805
59806
59808
59809
59811
59812
59813
59817
59818
59819
59820
59821
59823
59824
59825
59829
59830
59831
59833
59834
59835
59836
59837
59838
59840
59841
59842
59844
59848
59850
59853
59854
59855
59857
59858
59861
59862
59863
59864
59865
59866
59867
59868
59870
59873
59874
59875
59877
59880
59883
59886
59887
59888
59890
59891
59893
59894
59895
59897
59899
59903
59905
59910
59911
59912
59913
59914
59916
59917
59919
59920
59922
59923
59924
59925
59926
59927
59928
59929
59931
59933
59935
59936
59937
59938
59939
59943
59944
59947
59948
59949
59952
59953
59954
59955
59957
59961
59965
59966
59967
59973
59974
59976
59980
59984
59990
59993
59997
59998
59999
60001
60002
60004
60005
60006
60007
60011
60012
60013
60014
60015
60017
60019
60020
60021
60022
60024
60025
60028
60030
60031
60039
60040
60042
60044
60045
60048
60049
60050
60053
60059
60060
60061
60062
60065
60066
60067
60068
60069
60071
60073
60074
60077
60078
60082
60083
60084
60085
60087
60090
60092
60093
60094
60098
60099
60100
60101
60107
60108
60109
60111
60112
60114
60115
60116
60118
60121
60122
60123
60125
60127
60131
60132
60134
60135
60136
60137
60138
60139
60142
60143
60144
60146
60147
60148
60149
60150
60151
60152
60153
60154
60155
60156
60158
60159
60160
60161
60162
60164
60165
60166
60167
60169
60170
60172
60173
60175
60177
60179
60180
60181
60182
60184
60187
60189
60190
60191
60195
60196
60197
60200
60201
60203
60204
60205
60206
60208
60209
60211
60215
60217
60218
60220
60221
60222
60224
60225
60226
60228
60229
60231
60233
60235
60236
60237
60244
60245
60249
60250
60251
60253
60255
60256
60257
60258
60259
60261
60262
60263
60265
60270
60271
60272
60274
60275
60276
60281
60282
60284
60286
60287
60288
60289
60290
60291
60293
60294
60295
60296
60297
60298
60299
60302
60303
60305
60307
60308
60309
60312
60313
60314
60316
60317
60318
60319
60321
60326
60327
60329
60332
60333
60334
60336
60337
60341
60343
60344
60345
60346
60348
60350
60351
60354
60355
60356
60357
60362
60366
60369
60370
60371
60372
60373
60376
60378
60380
60383
60385
60388
60389
60390
60394
60396
60397
60399
60400
60401
60403
60404
60405
60406
60409
60410
60412
60414
60416
60418
60420
60421
60422
60423
60424
60425
60428
60431
60433
60437
60440
60442
60443
60444
60446
60447
60451
60452
60453
60455
60457
60458
60459
60460
60462
60465
60466
60467
60468
60471
60473
60474
60476
60477
60478
60479
60482
60484
60485
60486
60487
60488
60492
60493
60494
60496
60497
60498
60499
60500
60501
60502
60503
60504
60505
60507
60509
60512
60515
60516
60517
60519
60521
60524
60525
60528
60530
60533
60535
60536
60537
60538
60539
60540
60541
60542
60544
60545
60546
60547
60548
60550
60551
60554
60555
60557
60559
60560
60562
60564
60568
60569
60570
60571
60573
60575
60576
60578
60579
60582
60583
60584
60587
60590
60594
60596
60597
60598
60606
60607
60608
60609
60612
60613
60614
60616
60618
60620
60621
60622
60623
60625
60627
60628
60633
60634
60637
60638
60641
60642
60643
60644
60645
60646
60647
60648
60650
60653
60656
60657
60660
60661
60662
60663
60669
60671
60672
60673
60675
60677
60678
60679
60680
60682
60684
60686
60687
60690
60691
60692
60694
60697
60698
60699
60700
60702
60705
60706
60707
60708
60709
60712
60713
60714
60715
60717
60718
60719
60720
60721
60722
60724
60726
60729
60730
60731
60732
60734
60736
60737
60738
60739
60741
60742
60744
60745
60746
60747
60749
60750
60751
60752
60753
60754
60755
60756
60758
60759
60760
60763
60764
60766
60768
60772
60774
60776
60778
60779
60781
60783
60785
60786
60787
60788
60789
60790
60791
60792
60794
60796
60797
60798
60799
60800
60802
60803
60804
60805
60806
60807
60808
60810
60811
60812
60813
60815
60817
60818
60822
60826
60828
60831
60833
60834
60835
60838
60839
60840
60841
60842
60843
60844
60845
60846
60847
60849
60851
60852
60853
60854
60855
60856
60858
60859
60860
60862
60863
60864
60865
60866
60869
60872
60873
60874
60875
60876
60877
60878
60879
60880
60881
60882
60883
60885
60886
60887
60888
60889
60891
60894
60895
60896
60897
60899
60900
60901
60904
60906
60907
60909
60910
60913
60914
60916
60917
60918
60919
60920
60922
60926
60927
60929
60930
60931
60932
60933
60936
60937
60938
60940
60941
60943
60944
60948
60950
60951
60953
60954
60958
60959
60961
60962
60963
60968
60969
60970
60972
60973
60974
60978
60979
60980
60982
60983
60984
60985
60989
60990
60991
60992
60993
60995
60997
60999
61000
61001
61002
61003
61006
61008
61009
61010
61011
61013
61015
61016
61017
61018
61020
61021
61022
61023
61024
61025
61026
61029
61030
61031
61033
61036
61038
61039
61041
61043
61044
61050
61052
61054
61055
61058
61059
61062
61063
61064
61066
61067
61068
61069
61071
61073
61074
61077
61079
61080
61083
61084
61086
61087
61089
61090
61092
61093
61094
61095
61096
61097
61098
61101
61102
61103
61108
61110
61112
61114
61115
61116
61121
61123
61125
61126
61127
61128
61130
61132
61133
61135
61136
61138
61140
61141
61142
61144
61145
61146
61147
61149
61150
61154
61155
61157
61159
61160
61165
61166
61167
61170
61171
61173
61176
61177
61178
61179
61180
61182
61190
61191
61194
61196
61198
61199
61201
61205
61206
61209
61210
61211
61213
61214
61215
61217
61218
61219
61220
61222
61223
61224
61226
61227
61228
61229
61230
61231
61232
61234
61235
61236
61237
61238
61239
61240
61242
61244
61246
61250
61251
61252
61253
61258
61259
61263
61264
61267
61268
61269
61270
61271
61274
61275
61277
61278
61279
61283
61284
61286
61287
61288
61290
61291
61294
61295
61296
61298
61299
61301
61302
61303
61304
61305
61306
61307
61309
61310
61312
61316
61318
61322
61323
61325
61328
61329
61331
61332
61334
61335
61336
61338
61339
61340
61341
61343
61344
61346
61347
61348
61349
61350
61351
61352
61355
61356
61358
61360
61362
61363
61365
61366
61368
61370
61373
61374
61377
61379
61380
61381
61383
61384
61386
61387
61388
61389
61391
61393
61394
61396
61399
61400
61404
61405
61406
61407
61408
61409
61413
61414
61415
61417
61420
61425
61426
61430
61431
61432
61434
61435
61437
61439
61440
61441
61442
61443
61444
61446
61447
61448
61449
61450
61451
61452
61453
61455
61456
61457
61458
61459
61461
61463
61466
61467
61468
61471
61475
61477
61478
61479
61483
61484
61485
61487
61488
61490
61492
61493
61494
61495
61497
61498
61499
61500
61501
61503
61504
61505
61506
61507
61508
61511
61512
61515
61517
61519
61520
61522
61523
61527
61528
61530
61532
61533
61534
61539
61541
61542
61545
61546
61550
61552
61553
61559
61560
61563
61564
61566
61567
61571
61573
61574
61575
61576
61577
61578
61579
61582
61584
61585
61586
61588
61589
61590
61591
61593
61595
61596
61598
61604
61606
61607
61611
61612
61613
61614
61616
61618
61619
61621
61624
61625
61627
61629
61630
61633
61635
61636
61639
61641
61642
61644
61645
61647
61648
61649
61650
61651
61653
61655
61657
61658
61659
61660
61661
61662
61663
61664
61666
61667
61669
61670
61671
61674
61675
61677
61678
61679
61680
61682
61683
61684
61686
61687
61690
61691
61693
61701
61702
61703
61704
61705
61706
61711
61712
61714
61715
61716
61719
61722
61723
61724
61727
61728
61730
61731
61732
61735
61736
61738
61739
61740
61743
61744
61745
61748
61751
61753
61754
61755
61757
61758
61759
61760
61763
61764
61765
61767
61768
61770
61771
61772
61773
61774
61775
61776
61781
61783
61787
61788
61791
61792
61794
61796
61797
61799
61800
61802
61803
61804
61808
61810
61812
61816
61817
61819
61823
61824
61825
61827
61830
61831
61833
61834
61835
61837
61838
61839
61841
61843
61845
61846
61849
61850
61851
61852
61853
61855
61856
61857
61858
61864
61866
61868
61869
61870
61871
61872
61873
61874
61875
61876
61882
61883
61884
61885
61886
61888
61890
61893
61894
61895
61896
61897
61899
61904
61905
61906
61908
61912
61913
61914
61915
61916
61918
61919
61922
61923
61924
61925
61926
61927
61929
61930
61931
61932
61933
61937
61938
61941
61942
61944
61945
61947
61949
61950
61951
61952
61953
61955
61956
61957
61959
61961
61962
61963
61964
61965
61966
61967
61968
61972
61974
61976
61977
61978
61979
61983
61987
61988
61992
61993
61994
61996
61997
61998
62000
62001
62002
62003
62004
62005
62007
62010
62011
62012
62014
62015
62016
62017
62018
62021
62022
62025
62026
62027
62030
62031
62032
62034
62037
62038
62039
62042
62044
62045
62046
62048
62049
62051
62052
62054
62056
62057
62061
62063
62066
62067
62068
62071
62072
62073
62075
62076
62079
62081
62083
62084
62085
62087
62088
62089
62090
62092
62093
62094
62095
62098
62102
62103
62104
62105
62107
62108
62109
62110
62111
62112
62116
62118
62119
62122
62124
62125
62130
62132
62133
62134
62135
62142
62145
62146
62147
62149
62150
62152
62153
62154
62156
62162
62163
62164
62165
62166
62167
62168
62169
62170
62175
62178
62181
62184
62186
62187
62188
62190
62191
62193
62194
62197
62199
62204
62206
62209
62210
62211
62212
62214
62215
62216
62218
62220
62222
62223
62224
62225
62228
62229
62230
62231
62232
62233
62235
62239
62241
62242
62244
62246
62248
62252
62253
62255
62257
62258
62259
62260
62261
62262
62265
62266
62267
62268
62271
62272
62273
62274
62275
62276
62277
62278
62279
62280
62281
62282
62286
62287
62289
62290
62291
62292
62293
62294
62295
62296
62297
62298
62301
62302
62303
62304
62306
62307
62308
62309
62311
62312
62313
62314
62317
62320
62322
62323
62325
62328
62330
62331
62332
62333
62335
62337
62340
62341
62342
62343
62346
62347
62348
62349
62350
62351
62352
62353
62354
62356
62359
62361
62362
62363
62364
62365
62367
62368
62370
62372
62373
62378
62379
62380
62381
62382
62383
62385
62387
62388
62389
62390
62391
62392
62393
62394
62395
62396
62397
62398
62401
62402
62405
62407
62409
62411
62412
62414
62415
62417
62420
62421
62423
62424
62426
62427
62428
62429
62434
62437
62438
62440
62441
62443
62445
62446
62449
62450
62451
62453
62454
62455
62456
62459
62461
62462
62463
62464
62465
62469
62472
62473
62474
62476
62478
62480
62481
62482
62483
62484
62486
62489
62490
62493
62500
62501
62503
62504
62505
62506
62508
62509
62512
62513
62514
62515
62516
62517
62518
62521
62523
62525
62527
62531
62534
62535
62536
62537
62538
62539
62541
62542
62543
62545
62547
62548
62549
62550
62551
62552
62555
62556
62557
62558
62559
62562
62563
62566
62567
62568
62569
62570
62571
62572
62573
62574
62576
62577
62579
62583
62591
62592
62593
62594
62596
62597
62599
62602
62603
62604
62605
62606
62607
62609
62610
62611
62612
62613
62615
62616
62617
62618
62620
62621
62623
62626
62627
62630
62631
62632
62635
62637
62638
62639
62640
62642
62644
62647
62648
62649
62650
62651
62652
62653
62655
62656
62657
62658
62660
62661
62662
62663
62664
62665
62666
62667
62668
62670
62671
62672
62673
62677
62679
62680
62681
62682
62683
62684
62685
62688
62690
62691
62692
62693
62696
62697
62699
62700
62702
62703
62705
62706
62709
62711
62713
62715
62717
62719
62722
62725
62726
62727
62729
62730
62733
62734
62735
62737
62738
62742
62743
62744
62746
62747
62749
62752
62753
62754
62755
62759
62760
62761
62762
62763
62764
62766
62769
62772
62774
62775
62776
62779
62780
62781
62784
62789
62790
62792
62794
62795
62796
62797
62798
62801
62802
62803
62804
62806
62807
62808
62809
62811
62812
62813
62815
62816
62817
62818
62819
62821
62823
62824
62826
62827
62829
62831
62833
62834
62835
62836
62838
62839
62840
62843
62849
62850
62851
62854
62856
62858
62860
62861
62862
62863
62864
62869
62870
62871
62874
62877
62878
62880
62881
62882
62883
62887
62888
62889
62890
62891
62892
62893
62894
62895
62896
62898
62899
62900
62901
62903
62904
62905
62908
62910
62911
62914
62916
62917
62920
62921
62923
62924
62927
62930
62931
62933
62934
62936
62937
62940
62941
62942
62943
62944
62945
62946
62947
62948
62949
62952
62953
62954
62955
62956
62957
62958
62959
62961
62962
62963
62965
62966
62967
62969
62970
62974
62975
62976
62977
62978
62979
62980
62981
62983
62985
62986
62989
62990
62992
62993
62995
62997
62998
63001
63002
63004
63005
63007
63012
63017
63018
63019
63024
63025
63027
63028
63032
63033
63034
63035
63037
63038
63041
63044
63046
63048
63049
63050
63052
63053
63054
63055
63056
63058
63059
63060
63062
63063
63065
63068
63069
63071
63073
63079
63080
63081
63083
63084
63087
63089
63090
63091
63094
63095
63097
63098
63100
63101
63102
63106
63107
63109
63112
63113
63114
63116
63117
63118
63121
63122
63124
63125
63126
63127
63128
63129
63130
63132
63135
63139
63140
63141
63142
63143
63148
63152
63154
63156
63164
63165
63166
63170
63171
63174
63175
63176
63177
63180
63181
63183
63184
63186
63187
63189
63190
63191
63192
63193
63194
63195
63201
63202
63203
63207
63209
63210
63213
63216
63218
63224
63226
63231
63232
63233
63234
63235
63236
63237
63240
63241
63242
63243
63244
63245
63247
63249
63251
63254
63255
63256
63257
63261
63264
63269
63271
63274
63275
63276
63280
63281
63284
63285
63286
63287
63288
63289
63290
63291
63292
63295
63296
63297
63298
63299
63300
63301
63302
63304
63305
63306
63307
63308
63311
63313
63315
63316
63318
63322
63323
63324
63325
63326
63328
63330
63331
63332
63333
63336
63338
63341
63343
63346
63348
63349
63350
63351
63352
63353
63355
63356
63357
63358
63359
63361
63362
63363
63364
63365
63366
63368
63369
63370
63373
63374
63375
63376
63377
63378
63379
63382
63383
63385
63386
63389
63391
63392
63393
63395
63397
63398
63402
63403
63404
63405
63406
63408
63410
63413
63416
63417
63420
63422
63423
63424
63425
63426
63427
63430
63432
63433
63434
63437
63440
63441
63442
63443
63444
63445
63447
63448
63449
63450
63451
63452
63454
63455
63458
63459
63460
63461
63463
63464
63470
63471
63473
63474
63476
63477
63478
63481
63483
63484
63485
63491
63492
63493
63497
63501
63503
63504
63507
63508
63509
63510
63512
63513
63514
63515
63516
63517
63518
63520
63521
63523
63525
63528
63529
63530
63532
63536
63537
63539
63540
63541
63543
63545
63546
63548
63549
63550
63551
63554
63555
63556
63557
63560
63565
63566
63568
63569
63570
63571
63573
63574
63575
63577
63582
63583
63585
63586
63587
63588
63589
63590
63591
63592
63593
63597
63598
63599
63600
63603
63604
63606
63607
63608
63610
63611
63612
63615
63616
63618
63619
63620
63621
63622
63623
63624
63625
63626
63627
63628
63629
63630
63631
63633
63634
63638
63639
63643
63646
63647
63648
63649
63651
63652
63653
63655
63657
63659
63660
63661
63663
63665
63666
63668
63672
63674
63677
63678
63679
63680
63681
63682
63683
63685
63686
63688
63689
63692
63693
63694
63696
63697
63699
63700
63701
63702
63703
63704
63705
63706
63707
63708
63709
63715
63717
63718
63721
63722
63723
63724
63726
63727
63729
63730
63733
63735
63740
63742
63744
63745
63746
63747
63752
63753
63754
63755
63756
63760
63761
63762
63765
63766
63767
63768
63769
63770
63771
63772
63775
63776
63778
63782
63785
63787
63790
63792
63793
63794
63797
63800
63801
63802
63803
63806
63807
63809
63811
63812
63814
63817
63818
63825
63826
63830
63831
63834
63835
63836
63837
63838
63841
63842
63843
63844
63845
63847
63848
63850
63851
63852
63853
63854
63857
63859
63860
63865
63866
63870
63873
63875
63879
63880
63882
63883
63887
63888
63889
63890
63891
63893
63896
63897
63898
63899
63901
63902
63903
63904
63905
63906
63909
63912
63913
63915
63917
63918
63919
63920
63921
63923
63924
63926
63928
63931
63934
63935
63936
63937
63939
63940
63941
63943
63945
63949
63951
63952
63953
63954
63956
63957
63958
63959
63960
63962
63963
63965
63967
63968
63969
63970
63971
63972
63976
63977
63980
63981
63982
63983
63984
63986
63989
63990
63991
63993
63994
63996
63999
64000
64001
64002
64003
64004
64006
64007
64008
64010
64012
64014
64015
64017
64018
64019
64020
64021
64022
64024
64026
64028
64029
64031
64032
64034
64035
64037
64039
64042
64043
64050
64055
64058
64060
64062
64063
64064
64065
64066
64067
64068
64069
64070
64071
64072
64073
64074
64075
64076
64079
64082
64084
64088
64090
64091
64092
64096
64099
64100
64101
64103
64104
64106
64110
64111
64113
64114
64116
64118
64121
64124
64126
64129
64130
64131
64132
64133
64135
64137
64138
64139
64140
64142
64143
64144
64145
64146
64147
64149
64150
64153
64155
64156
64157
64158
64159
64160
64161
64162
64163
64164
64166
64167
64168
64169
64170
64172
64173
64174
64177
64178
64179
64180
64181
64183
64184
64186
64187
64189
64190
64193
64195
64196
64197
64198
64200
64201
64204
64205
64206
64207
64208
64209
64210
64212
64214
64215
64217
64220
64221
64222
64223
64224
64225
64226
64229
64230
64231
64233
64235
64236
64237
64238
64239
64240
64242
64243
64244
64246
64247
64248
64249
64250
64252
64253
64254
64255
64257
64258
64260
64264
64269
64271
64274
64277
64278
64279
64280
64282
64283
64284
64285
64286
64290
64291
64292
64294
64295
64298
64299
64300
64301
64303
64305
64306
64307
64308
64310
64311
64312
64313
64314
64316
64317
64318
64319
64321
64322
64324
64325
64326
64328
64332
64333
64336
64337
64338
64339
64340
64341
64343
64351
64352
64353
64354
64355
64356
64357
64362
64363
64365
64366
64367
64368
64369
64370
64371
64373
64374
64379
64380
64381
64384
64388
64390
64391
64393
64395
64396
64399
64400
64401
64402
64403
64404
64405
64406
64407
64409
64410
64412
64413
64418
64419
64421
64423
64424
64426
64427
64428
64430
64431
64433
64435
64438
64440
64442
64443
64447
64448
64449
64450
64453
64454
64456
64457
64459
64460
64461
64462
64464
64465
64466
64468
64470
64471
64472
64474
64475
64478
64482
64483
64484
64485
64490
64491
64493
64496
64497
64498
64499
64500
64501
64502
64503
64505
64506
64507
64511
64514
64515
64516
64517
64519
64520
64522
64523
64524
64526
64527
64528
64529
64532
64533
64534
64535
64536
64538
64540
64543
64545
64546
64552
64553
64554
64555
64556
64557
64561
64563
64565
64568
64571
64572
64573
64574
64575
64576
64577
64578
64581
64584
64585
64587
64588
64589
64590
64591
64593
64595
64596
64597
64599
64601
64602
64604
64605
64606
64607
64609
64610
64614
64615
64616
64619
64620
64623
64624
64625
64626
64627
64628
64629
64631
64632
64634
64635
64637
64638
64639
64640
64641
64645
64647
64648
64649
64650
64651
64653
64654
64657
64658
64659
64663
64665
64667
64669
64670
64671
64672
64673
64676
64677
64678
64681
64684
64685
64687
64689
64691
64693
64696
64697
64698
64699
64700
64701
64702
64704
64705
64709
64710
64711
64713
64714
64715
64716
64718
64720
64721
64723
64724
64725
64726
64727
64728
64729
64730
64731
64732
64734
64735
64736
64737
64739
64742
64743
64745
64746
64747
64748
64751
64752
64753
64754
64758
64759
64761
64762
64764
64766
64768
64769
64770
64771
64775
64776
64778
64787
64790
64791
64794
64796
64799
64800
64802
64806
64808
64809
64810
64814
64815
64816
64818
64819
64820
64821
64822
64826
64827
64828
64830
64832
64833
64834
64836
64842
64843
64844
64847
64849
64850
64851
64858
64859
64861
64862
64863
64864
64865
64866
64867
64869
64870
64873
64874
64875
64876
64877
64880
64882
64886
64887
64889
64893
64894
64895
64896
64897
64900
64904
64908
64909
64910
64911
64915
64916
64919
64920
64924
64925
64926
64930
64931
64935
64938
64939
64942
64944
64945
64946
64947
64949
64951
64952
64954
64955
64957
64958
64961
64962
64963
64964
64965
64968
64970
64971
64972
64973
64974
64975
64977
64978
64980
64981
64982
64983
64987
64989
64990
64991
64993
64994
64995
64996
64997
64998
65000
65001
65002
65003
65005
65008
65012
65017
65019
65020
65022
65023
65025
65026
65027
65028
65029
65033
65035
65036
65037
65038
65043
65044
65046
65047
65048
65049
65052
65054
65056
65057
65058
65059
65060
65061
65062
65063
65065
65068
65070
65073
65075
65076
65077
65078
65079
65080
65083
65084
65085
65086
65088
65089
65090
65091
65092
65093
65094
65095
65098
65099
65100
65102
65106
65107
65108
65109
65111
65114
65115
65116
65118
65120
65121
65122
65124
65125
65126
65128
65129
65130
65131
65132
65133
65138
65139
65140
65142
65143
65145
65147
65148
65150
65151
65153
65154
65156
65157
65158
65159
65160
65161
65166
65168
65172
65173
65175
65176
65177
65178
65179
65180
65181
65183
65184
65186
65187
65188
65189
65190
65191
65192
65193
65195
65196
65199
65200
65202
65205
65207
65208
65209
65210
65211
65212
65213
65215
65217
65218
65219
65220
65221
65222
65223
65224
65225
65227
65228
65231
65234
65235
65237
65238
65240
65241
65242
65243
65244
65245
65246
65247
65248
65249
65250
65251
65252
65253
65254
65256
65257
65258
65259
65260
65261
65262
65264
65266
65268
65269
65270
65272
65276
65277
65279
65281
65282
65285
65287
65288
65289
65290
65291
65292
65294
65295
65296
65299
65301
65303
65304
65305
65307
65308
65309
65310
65311
65313
65315
65318
65319
65321
65322
65323
65325
65327
65330
65332
65335
65336
65337
65339
65340
65341
65344
65348
65349
65351
65355
65356
65358
65359
65360
65361
65362
65363
65364
65367
65368
65370
65373
65374
65375
65376
65377
65380
65381
65382
65383
65384
65389
65390
65391
65393
65394
65395
65396
65398
65399
65400
65401
65402
65403
65404
65406
65407
65408
65409
65410
65412
65413
65414
65415
65416
65418
65419
65420
65422
65428
65429
65431
65432
65433
65434
65435
65436
65437
65438
65440
65443
65446
65447
65449
65451
65452
65453
65456
65457
65459
65460
65463
65467
65468
65469
65470
65471
65474
65475
65476
65478
65482
65483
65487
65488
65491
65492
65493
65495
65496
65497
65498
65499
65500
65502
65508
65509
65511
65512
65513
65514
65515
65516
65518
65519
65520
65521
65527
65528
65529
65531
65535
65537
65540
65542
65543
65546
65547
65548
65549
65550
65553
65555
65556
65558
65559
65560
65561
65562
65563
65564
65566
65567
65568
65569
65571
65572
65573
65574
65575
65577
65578
65579
65580
65582
65584
65590
65594
65596
65597
65598
65599
65600
65601
65603
65604
65606
65609
65612
65614
65615
65616
65617
65618
65619
65620
65622
65624
65625
65626
65629
65630
65633
65635
65637
65639
65641
65642
65643
65644
65645
65648
65649
65655
65659
65661
65662
65664
65665
65666
65672
65674
65675
65676
65678
65680
65681
65683
65684
65686
65687
65688
65691
65692
65695
65696
65697
65700
65701
65702
65704
65705
65706
65707
65709
65713
65714
65716
65718
65720
65721
65724
65729
65731
65732
65734
65735
65736
65738
65740
65741
65743
65744
65746
65747
65748
65749
65751
65752
65753
65754
65755
65756
65757
65758
65760
65761
65762
65764
65765
65766
65767
65768
65769
65770
65771
65772
65773
65776
65777
65778
65780
65781
65784
65785
65788
65790
65793
65794
65796
65797
65798
65799
65803
65804
65809
65810
65812
65815
65816
65817
65819
65820
65822
65823
65824
65826
65827
65829
65830
65831
65832
65833
65836
65837
65838
65839
65840
65841
65844
65849
65850
65851
65853
65854
65855
65856
65857
65858
65860
65862
65863
65864
65866
65869
65871
65872
65874
65876
65878
65881
65883
65884
65886
65888
65890
65891
65894
65899
65900
65901
65905
65907
65908
65910
65912
65917
65918
65921
65923
65927
65929
65930
65931
65932
65933
65934
65936
65937
65940
65941
65943
65944
65945
65946
65947
65949
65950
65955
65957
65960
65961
65962
65963
65964
65965
65967
65968
65969
65971
65972
65973
65974
65975
65976
65977
65980
65981
65983
65987
65990
65991
65994
65995
65997
65998
66004
66005
66006
66010
66013
66014
66017
66018
66019
66021
66022
66025
66026
66028
66029
66030
66032
66033
66034
66036
66037
66040
66041
66042
66043
66044
66045
66047
66051
66053
66054
66055
66058
66060
66063
66065
66066
66067
66068
66069
66070
66071
66072
66073
66074
66076
66077
66080
66082
66083
66085
66086
66088
66095
66098
66099
66100
66101
66102
66104
66105
66106
66110
66111
66112
66115
66117
66118
66119
66120
66122
66123
66124
66125
66126
66127
66128
66132
66133
66134
66136
66137
66140
66142
66144
66145
66146
66147
66148
66150
66151
66153
66154
66155
66156
66158
66159
66160
66161
66162
66165
66166
66167
66168
66171
66173
66177
66178
66179
66180
66181
66183
66185
66188
66189
66193
66194
66196
66197
66198
66199
66202
66205
66207
66208
66210
66211
66214
66215
66218
66220
66221
66222
66223
66225
66226
66229
66230
66231
66232
66233
66239
66240
66241
66242
66243
66244
66245
66246
66247
66249
66250
66255
66257
66261
66263
66265
66268
66269
66272
66275
66277
66278
66279
66284
66285
66287
66288
66289
66290
66291
66293
66295
66296
66299
66301
66303
66304
66306
66308
66309
66310
66312
66315
66316
66317
66318
66319
66320
66323
66324
66329
66333
66334
66336
66337
66338
66339
66340
66341
66343
66344
66345
66346
66347
66348
66349
66350
66351
66352
66353
66355
66357
66358
66359
66362
66363
66364
66365
66367
66368
66369
66370
66372
66373
66375
66376
66377
66379
66381
66383
66384
66386
66388
66389
66392
66393
66396
66397
66399
66400
66403
66404
66405
66406
66407
66409
66411
66412
66413
66414
66415
66416
66417
66422
66424
66428
66430
66431
66435
66436
66437
66440
66441
66442
66443
66444
66449
66452
66454
66455
66456
66457
66458
66459
66462
66463
66464
66466
66468
66470
66471
66472
66474
66475
66476
66479
66481
66483
66486
66488
66489
66491
66494
66496
66498
66499
66500
66501
66502
66503
66504
66505
66506
66510
66512
66514
66519
66521
66523
66524
66526
66527
66529
66531
66532
66534
66537
66538
66540
66541
66542
66544
66546
66548
66549
66550
66551
66552
66553
66557
66558
66559
66560
66561
66563
66564
66566
66567
66569
66571
66572
66573
66575
66579
66584
66585
66586
66588
66589
66590
66591
66594
66595
66596
66599
66601
66603
66604
66605
66607
66608
66609
66610
66612
66614
66615
66621
66623
66624
66626
66629
66631
66633
66635
66637
66639
66642
66643
66649
66650
66651
66652
66653
66654
66655
66659
66661
66662
66668
66670
66671
66674
66675
66676
66677
66678
66679
66680
66681
66682
66683
66684
66686
66687
66688
66689
66693
66699
66704
66706
66711
66713
66715
66716
66717
66719
66721
66722
66725
66726
66728
66729
66730
66731
66732
66733
66734
66735
66738
66739
66740
66741
66742
66745
66746
66748
66749
66751
66752
66754
66755
66756
66757
66759
66760
66765
66766
66767
66768
66769
66771
66773
66774
66777
66778
66779
66781
66785
66786
66787
66788
66789
66791
66794
66795
66796
66797
66798
66801
66806
66808
66809
66811
66812
66813
66814
66815
66816
66817
66818
66820
66821
66822
66823
66825
66827
66830
66831
66834
66836
66837
66838
66839
66840
66841
66843
66846
66847
66849
66851
66852
66854
66855
66856
66857
66858
66859
66860
66861
66862
66867
66868
66869
66871
66872
66873
66875
66877
66879
66880
66883
66884
66885
66886
66887
66889
66891
66892
66895
66897
66898
66899
66900
66901
66903
66904
66908
66909
66910
66911
66912
66913
66914
66915
66916
66917
66918
66919
66920
66921
66923
66924
66925
66926
66927
66928
66929
66930
66931
66933
66935
66937
66938
66940
66943
66944
66945
66947
66949
66950
66954
66955
66957
66958
66960
66961
66962
66969
66970
66973
66974
66975
66976
66977
66978
66979
66980
66983
66985
66986
66987
66989
66990
66992
66993
66994
66996
66997
66999
67000
67001
67002
67004
67005
67007
67012
67013
67014
67016
67018
67019
67020
67021
67024
67026
67027
67028
67029
67031
67033
67035
67037
67038
67039
67044
67047
67048
67051
67053
67054
67055
67056
67058
67059
67060
67061
67063
67066
67067
67068
67071
67072
67073
67074
67076
67078
67079
67081
67082
67083
67084
67085
67086
67087
67088
67089
67090
67091
67094
67096
67098
67099
67100
67101
67103
67106
67108
67111
67112
67113
67115
67116
67120
67121
67122
67123
67124
67125
67126
67127
67130
67131
67132
67134
67135
67136
67137
67138
67139
67140
67142
67143
67146
67148
67149
67150
67151
67153
67154
67155
67160
67161
67163
67164
67165
67166
67167
67168
67169
67170
67171
67172
67173
67174
67176
67178
67179
67181
67182
67185
67187
67189
67190
67191
67192
67194
67195
67196
67198
67200
67201
67202
67205
67206
67208
67209
67211
67212
67213
67214
67216
67218
67221
67222
67223
67224
67225
67227
67229
67231
67232
67233
67234
67235
67236
67237
67239
67240
67242
67243
67245
67246
67247
67250
67253
67254
67255
67257
67258
67260
67261
67262
67264
67266
67267
67270
67271
67272
67274
67275
67276
67277
67278
67281
67282
67283
67284
67285
67286
67291
67293
67296
67298
67300
67302
67303
67304
67307
67308
67309
67310
67312
67313
67314
67317
67319
67322
67323
67325
67328
67330
67331
67335
67337
67338
67339
67341
67342
67344
67345
67346
67347
67350
67355
67356
67357
67359
67365
67367
67368
67369
67370
67371
67373
67376
67378
67379
67380
67384
67385
67386
67388
67389
67391
67393
67395
67396
67397
67398
67400
67401
67405
67406
67407
67409
67410
67411
67413
67415
67417
67419
67422
67424
67425
67426
67427
67428
67430
67431
67435
67437
67438
67442
67443
67444
67446
67448
67449
67450
67451
67452
67454
67456
67457
67458
67459
67462
67463
67464
67465
67466
67470
67472
67473
67474
67475
67476
67478
67480
67482
67484
67486
67489
67491
67493
67495
67496
67499
67503
67506
67509
67510
67511
67515
67517
67518
67520
67521
67522
67523
67524
67526
67527
67528
67530
67531
67533
67534
67536
67537
67538
67541
67542
67544
67547
67548
67549
67551
67553
67554
67555
67558
67560
67561
67562
67563
67565
67566
67567
67570
67571
67572
67573
67575
67577
67579
67581
67582
67583
67584
67585
67587
67589
67590
67591
67592
67594
67595
67596
67599
67602
67604
67605
67607
67608
67610
67611
67612
67613
67614
67616
67617
67619
67623
67625
67626
67627
67628
67629
67630
67632
67633
67634
67635
67640
67642
67644
67646
67647
67648
67650
67651
67652
67653
67657
67659
67660
67661
67662
67664
67665
67666
67668
67669
67670
67672
67673
67674
67675
67676
67677
67678
67679
67680
67682
67683
67684
67686
67687
67688
67689
67690
67691
67694
67696
67697
67700
67702
67705
67706
67708
67710
67711
67712
67713
67715
67719
67723
67724
67725
67726
67727
67729
67731
67734
67735
67738
67739
67740
67742
67743
67744
67745
67749
67750
67753
67754
67755
67756
67757
67758
67761
67762
67767
67768
67769
67771
67773
67775
67777
67779
67781
67783
67784
67786
67787
67788
67790
67792
67793
67796
67797
67801
67802
67803
67804
67805
67806
67807
67808
67809
67813
67814
67815
67816
67818
67819
67820
67821
67822
67823
67824
67825
67826
67827
67828
67831
67832
67833
67834
67837
67840
67841
67842
67843
67844
67846
67848
67849
67850
67851
67852
67853
67854
67855
67858
67859
67860
67861
67863
67864
67865
67868
67869
67871
67872
67873
67874
67875
67876
67880
67881
67882
67885
67886
67887
67888
67891
67892
67896
67897
67898
67902
67905
67907
67908
67910
67911
67912
67915
67918
67919
67920
67921
67922
67923
67927
67928
67929
67930
67931
67932
67933
67935
67936
67937
67940
67941
67943
67944
67945
67947
67949
67950
67951
67952
67955
67956
67958
67959
67964
67965
67967
67968
67969
67971
67972
67977
67979
67981
67982
67984
67985
67987
67991
67993
67994
67995
67996
67999
68000
68001
68004
68005
68006
68008
68013
68014
68015
68016
68017
68018
68020
68022
68024
68025
68029
68030
68032
68033
68034
68035
68036
68039
68040
68041
68043
68044
68045
68047
68048
68049
68051
68053
68054
68055
68058
68059
68060
68061
68064
68065
68066
68068
68069
68071
68072
68073
68074
68075
68077
68078
68080
68083
68084
68085
68086
68088
68089
68091
68092
68095
68098
68099
68100
68102
68103
68107
68108
68111
68113
68117
68118
68120
68123
68124
68125
68127
68128
68131
68132
68135
68136
68137
68139
68140
68141
68143
68145
68148
68150
68151
68152
68153
68154
68155
68159
68160
68161
68162
68163
68164
68165
68166
68167
68168
68171
68172
68174
68175
68177
68178
68179
68180
68181
68183
68184
68188
68191
68192
68193
68195
68197
68198
68199
68200
68202
68206
68207
68208
68209
68210
68211
68212
68213
68214
68215
68218
68220
68221
68222
68224
68226
68227
68228
68230
68231
68233
68235
68238
68240
68241
68243
68245
68247
68248
68249
68251
68252
68253
68254
68255
68257
68258
68259
68260
68262
68263
68265
68267
68269
68272
68275
68277
68279
68283
68285
68286
68288
68291
68293
68294
68296
68297
68298
68299
68301
68303
68304
68306
68307
68308
68310
68312
68314
68315
68317
68318
68319
68321
68322
68323
68324
68325
68327
68328
68329
68330
68332
68333
68334
68335
68338
68339
68341
68343
68344
68346
68350
68353
68354
68358
68359
68360
68361
68362
68363
68364
68365
68367
68369
68380
68381
68382
68383
68384
68385
68386
68387
68389
68391
68392
68394
68395
68398
68399
68402
68404
68405
68406
68408
68409
68410
68411
68414
68415
68416
68418
68419
68422
68426
68427
68430
68431
68432
68433
68434
68437
68439
68440
68442
68445
68447
68448
68450
68454
68455
68457
68459
68460
68462
68463
68464
68468
68469
68474
68475
68481
68483
68485
68486
68488
68489
68490
68493
68494
68495
68497
68499
68502
68504
68506
68508
68509
68511
68513
68515
68516
68517
68521
68522
68524
68526
68529
68532
68533
68535
68538
68539
68542
68543
68544
68545
68546
68547
68548
68551
68552
68554
68556
68557
68558
68559
68560
68561
68563
68565
68567
68568
68571
68572
68575
68577
68578
68579
68580
68581
68584
68585
68586
68588
68589
68590
68593
68594
68595
68598
68599
68601
68602
68603
68604
68605
68607
68608
68609
68616
68618
68620
68621
68623
68625
68626
68627
68629
68630
68632
68633
68635
68636
68639
68643
68646
68648
68649
68652
68653
68654
68655
68657
68658
68660
68662
68663
68664
68666
68667
68668
68673
68680
68681
68684
68687
68688
68690
68691
68692
68693
68694
68695
68697
68698
68699
68700
68701
68702
68703
68705
68710
68711
68712
68714
68715
68717
68718
68719
68722
68724
68725
68726
68727
68728
68731
68733
68734
68736
68737
68738
68739
68740
68741
68742
68746
68749
68750
68753
68755
68757
68759
68761
68762
68764
68765
68766
68767
68768
68770
68773
68775
68778
68779
68780
68782
68783
68784
68785
68788
68789
68790
68792
68793
68794
68795
68797
68798
68799
68800
68803
68804
68805
68806
68807
68808
68809
68810
68811
68813
68814
68815
68817
68818
68823
68826
68827
68828
68829
68831
68833
68835
68836
68839
68843
68844
68845
68846
68848
68849
68851
68852
68855
68856
68858
68860
68862
68863
68865
68866
68869
68870
68871
68872
68873
68874
68875
68876
68878
68881
68882
68883
68886
68887
68888
68890
68891
68892
68895
68897
68898
68902
68904
68905
68906
68909
68912
68913
68915
68917
68921
68922
68923
68924
68926
68928
68929
68933
68934
68936
68937
68938
68939
68940
68941
68942
68945
68946
68948
68949
68951
68952
68954
68955
68957
68958
68959
68960
68961
68962
68963
68964
68965
68966
68968
68970
68972
68973
68974
68975
68977
68979
68980
68981
68982
68985
68986
68987
68989
68990
68991
68992
68993
68994
68996
68998
69002
69004
69005
69006
69008
69010
69011
69012
69014
69019
69020
69021
69024
69025
69027
69029
69031
69033
69036
69044
69047
69049
69051
69052
69054
69056
69057
69058
69060
69061
69063
69064
69065
69067
69068
69069
69073
69074
69075
69077
69078
69079
69087
69088
69089
69090
69091
69092
69093
69094
69095
69096
69097
69099
69101
69102
69103
69104
69105
69106
69107
69108
69110
69111
69114
69115
69117
69121
69122
69123
69124
69126
69130
69132
69135
69136
69141
69142
69143
69145
69147
69149
69151
69154
69155
69156
69159
69161
69162
69163
69165
69168
69171
69172
69173
69174
69176
69177
69178
69180
69181
69182
69183
69184
69185
69186
69188
69189
69190
69194
69197
69198
69199
69200
69201
69202
69203
69208
69212
69215
69216
69219
69220
69223
69224
69226
69227
69228
69229
69231
69232
69233
69236
69239
69240
69242
69243
69246
69250
69252
69254
69255
69256
69258
69259
69263
69265
69266
69268
69270
69271
69273
69274
69280
69281
69282
69286
69290
69295
69296
69298
69299
69300
69301
69302
69303
69304
69305
69307
69310
69311
69312
69313
69314
69316
69317
69319
69320
69321
69322
69324
69325
69326
69328
69330
69332
69333
69335
69336
69337
69338
69340
69341
69343
69346
69350
69351
69353
69354
69355
69356
69357
69359
69361
69362
69363
69367
69368
69370
69371
69373
69374
69375
69376
69378
69379
69380
69381
69382
69383
69385
69386
69387
69388
69389
69390
69391
69394
69396
69397
69398
69404
69405
69407
69409
69410
69413
69415
69421
69422
69425
69428
69429
69430
69436
69438
69440
69442
69443
69448
69449
69450
69452
69453
69455
69456
69457
69458
69459
69460
69461
69462
69466
69467
69469
69470
69471
69474
69475
69476
69477
69478
69479
69485
69487
69488
69494
69498
69499
69501
69505
69506
69507
69508
69509
69510
69511
69512
69513
69516
69519
69520
69522
69524
69525
69528
69529
69530
69531
69532
69533
69535
69537
69538
69539
69540
69542
69543
69544
69546
69547
69553
69555
69558
69559
69561
69563
69566
69567
69568
69569
69572
69577
69578
69579
69580
69582
69583
69585
69586
69588
69591
69592
69595
69598
69599
69600
69601
69602
69605
69606
69607
69608
69611
69613
69615
69617
69618
69619
69620
69621
69622
69625
69626
69627
69628
69630
69631
69632
69634
69636
69638
69641
69642
69643
69647
69648
69649
69651
69652
69653
69654
69655
69656
69657
69660
69662
69668
69669
69670
69671
69672
69674
69676
69677
69678
69679
69680
69684
69686
69688
69689
69691
69693
69694
69697
69698
69699
69700
69703
69705
69707
69708
69709
69710
69715
69717
69718
69720
69721
69722
69724
69725
69727
69729
69731
69734
69739
69740
69742
69744
69745
69746
69748
69749
69750
69752
69753
69754
69755
69756
69757
69758
69759
69762
69765
69766
69767
69768
69771
69773
69774
69776
69778
69779
69780
69783
69785
69787
69791
69792
69793
69795
69797
69799
69800
69801
69803
69805
69806
69808
69810
69811
69813
69815
69819
69820
69821
69822
69823
69825
69828
69829
69830
69832
69833
69837
69840
69842
69843
69845
69846
69847
69848
69850
69851
69852
69854
69855
69857
69858
69859
69860
69863
69864
69865
69866
69868
69869
69870
69873
69874
69876
69877
69878
69881
69882
69883
69884
69886
69887
69888
69889
69892
69893
69896
69897
69899
69900
69902
69904
69905
69907
69908
69909
69910
69911
69912
69916
69919
69920
69923
69926
69930
69932
69933
69934
69935
69936
69938
69939
69940
69941
69942
69943
69944
69945
69947
69948
69951
69953
69956
69958
69959
69960
69962
69963
69964
69966
69967
69969
69970
69973
69975
69976
69978
69980
69981
69982
69983
69985
69987
69990
69991
69993
69994
69996
69998
69999
70000
70002
70003
70004
70006
70008
70009
70011
70012
70013
70014
70015
70016
70018
70020
70022
70023
70026
70027
70028
70030
70031
70032
70033
70034
70036
70037
70038
70039
70041
70042
70043
70045
70046
70047
70049
70051
70052
70058
70059
70060
70062
70065
70066
70067
70070
70072
70073
70078
70081
70084
70085
70086
70087
70089
70091
70092
70093
70094
70095
70096
70097
70098
70100
70102
70103
70105
70106
70108
70109
70110
70113
70114
70116
70117
70119
70120
70121
70122
70123
70124
70129
70130
70131
70133
70136
70138
70139
70140
70141
70142
70143
70145
70147
70151
70153
70155
70156
70159
70161
70162
70163
70165
70166
70167
70169
70171
70172
70173
70174
70175
70176
70177
70179
70180
70182
70183
70185
70186
70188
70189
70190
70191
70192
70194
70197
70199
70201
70202
70204
70206
70207
70208
70210
70211
70213
70216
70217
70219
70222
70223
70224
70225
70227
70228
70229
70230
70232
70234
70235
70239
70241
70242
70243
70246
70249
70250
70252
70255
70256
70257
70260
70262
70263
70264
70266
70267
70269
70270
70272
70273
70274
70275
70277
70278
70281
70284
70285
70287
70289
70293
70295
70297
70299
70300
70301
70302
70303
70306
70307
70308
70310
70311
70312
70313
70315
70317
70318
70323
70324
70325
70326
70331
70332
70334
70335
70336
70337
70338
70340
70343
70344
70345
70346
70347
70349
70350
70351
70354
70355
70356
70357
70358
70362
70363
70364
70365
70367
70370
70371
70373
70375
70376
70377
70379
70381
70384
70387
70388
70389
70390
70391
70395
70399
70401
70402
70404
70409
70411
70412
70414
70418
70419
70425
70428
70429
70430
70431
70433
70436
70437
70438
70439
70440
70441
70442
70444
70445
70446
70447
70448
70451
70452
70453
70454
70455
70460
70461
70463
70464
70468
70471
70476
70478
70479
70480
70481
70484
70485
70486
70488
70490
70491
70493
70494
70495
70496
70497
70498
70499
70500
70501
70503
70505
70509
70511
70513
70514
70515
70516
70517
70518
70519
70520
70521
70522
70523
70525
70529
70530
70531
70533
70535
70537
70538
70542
70543
70544
70546
70548
70549
70550
70553
70554
70555
70556
70557
70558
70563
70564
70566
70567
70568
70569
70570
70571
70572
70574
70575
70581
70582
70583
70584
70585
70587
70591
70592
70593
70596
70599
70600
70603
70604
70606
70608
70609
70610
70611
70612
70613
70614
70619
70621
70622
70624
70626
70628
70629
70630
70631
70632
70633
70635
70640
70642
70643
70644
70647
70649
70652
70655
70656
70657
70659
70660
70663
70665
70667
70668
70670
70673
70675
70676
70677
70678
70681
70682
70683
70684
70686
70687
70688
70689
70691
70692
70693
70694
70697
70699
70700
70702
70704
70707
70709
70710
70711
70712
70714
70715
70716
70717
70720
70723
70726
70728
70732
70734
70736
70738
70739
70741
70744
70745
70747
70750
70751
70752
70754
70756
70757
70759
70760
70761
70767
70768
70769
70770
70771
70772
70774
70777
70780
70781
70783
70785
70788
70792
70799
70800
70801
70804
70805
70806
70807
70809
70810
70811
70814
70815
70816
70817
70818
70820
70822
70824
70825
70827
70828
70829
70831
70832
70833
70834
70835
70836
70837
70838
70839
70843
70846
70848
70852
70854
70855
70858
70860
70862
70863
70864
70865
70866
70868
70870
70872
70874
70875
70881
70885
70887
70889
70890
70891
70893
70894
70895
70896
70899
70900
70902
70903
70904
70906
70907
70908
70911
70913
70915
70919
70920
70925
70926
70927
70929
70930
70931
70932
70933
70934
70936
70938
70944
70945
70946
70949
70950
70951
70952
70954
70956
70957
70958
70959
70960
70961
70964
70965
70966
70967
70970
70971
70972
70974
70976
70978
70979
70980
70981
70982
70984
70988
70989
70992
70994
70996
70997
70998
70999
71000
71001
71003
71005
71009
71010
71013
71014
71016
71017
71018
71019
71020
71021
71023
71024
71025
71026
71027
71028
71032
71033
71036
71037
71038
71041
71043
71044
71045
71046
71048
71049
71050
71053
71054
71056
71059
71061
71062
71064
71065
71066
71067
71068
71069
71071
71073
71074
71075
71076
71077
71080
71081
71083
71084
71086
71089
71090
71091
71092
71093
71094
71096
71097
71099
71100
71101
71102
71103
71105
71106
71107
71108
71109
71110
71111
71113
71115
71116
71117
71119
71120
71121
71122
71125
71126
71127
71128
71131
71132
71133
71135
71136
71137
71138
71142
71144
71145
71146
71147
71149
71150
71152
71153
71154
71156
71160
71161
71162
71165
71167
71168
71169
71170
71172
71173
71174
71182
71183
71184
71186
71187
71188
71189
71190
71191
71193
71194
71197
71198
71199
71201
71203
71204
71205
71206
71208
71209
71210
71214
71217
71218
71219
71220
71221
71224
71225
71229
71230
71231
71233
71235
71236
71237
71240
71242
71246
71248
71249
71250
71251
71253
71256
71258
71261
71263
71264
71265
71266
71268
71271
71280
71281
71282
71283
71284
71285
71286
71288
71289
71290
71291
71292
71293
71296
71297
71298
71299
71300
71301
71302
71304
71305
71306
71310
71311
71316
71320
71322
71323
71324
71325
71326
71327
71329
71331
71332
71333
71334
71336
71338
71341
71342
71343
71344
71345
71346
71351
71354
71355
71356
71358
71361
71362
71363
71365
71366
71367
71368
71369
71370
71372
71373
71375
71376
71377
71378
71379
71381
71382
71383
71384
71390
71391
71392
71393
71394
71395
71399
71400
71402
71404
71405
71406
71408
71409
71410
71411
71412
71416
71417
71418
71420
71421
71424
71425
71428
71429
71430
71431
71432
71434
71438
71439
71441
71444
71446
71447
71450
71451
71453
71454
71456
71457
71459
71460
71464
71465
71466
71468
71469
71471
71477
71478
71479
71480
71483
71484
71486
71488
71491
71492
71493
71496
71498
71500
71502
71504
71505
71509
71510
71514
71517
71520
71521
71522
71523
71525
71527
71528
71532
71533
71534
71535
71537
71538
71540
71541
71542
71544
71545
71548
71550
71552
71553
71554
71557
71558
71559
71560
71561
71563
71564
71565
71566
71567
71568
71569
71572
71574
71578
71579
71582
71585
71587
71588
71590
71594
71595
71596
71597
71598
71599
71600
71601
71602
71604
71605
71607
71609
71610
71611
71612
71613
71615
71616
71618
71619
71621
71622
71625
71626
71630
71632
71634
71638
71640
71641
71642
71643
71646
71647
71648
71649
71650
71651
71653
71654
71655
71656
71658
71660
71661
71662
71663
71665
71666
71668
71669
71671
71672
71674
71675
71677
71679
71682
71686
71687
71689
71690
71691
71693
71696
71697
71699
71701
71704
71706
71707
71710
71711
71722
71723
71724
71727
71729
71730
71732
71733
71734
71735
71736
71739
71743
71744
71745
71747
71748
71750
71751
71754
71756
71758
71759
71761
71762
71763
71764
71766
71769
71770
71771
71772
71773
71774
71776
71778
71779
71780
71781
71782
71783
71784
71785
71787
71788
71789
71790
71791
71792
71793
71794
71796
71798
71799
71801
71802
71803
71805
71806
71808
71811
71812
71813
71815
71816
71818
71819
71820
71821
71822
71824
71825
71826
71827
71828
71830
71831
71832
71833
71836
71838
71840
71842
71843
71844
71848
71849
71850
71851
71852
71854
71856
71857
71858
71860
71863
71864
71865
71866
71868
71870
71871
71872
71873
71877
71878
71879
71883
71884
71885
71887
71888
71889
71892
71895
71897
71898
71899
71900
71901
71904
71905
71906
71907
71908
71910
71913
71914
71916
71917
71918
71920
71921
71922
71923
71928
71929
71930
71932
71934
71935
71938
71940
71941
71943
71945
71947
71948
71951
71953
71954
71955
71956
71958
71959
71963
71964
71967
71968
71970
71971
71972
71973
71975
71976
71977
71978
71979
71980
71981
71984
71985
71987
71988
71989
71990
71992
71995
71996
71997
71999
72000
72003
72004
72006
72008
72009
72011
72012
72013
72014
72016
72017
72018
72019
72020
72021
72022
72024
72026
72028
72030
72031
72032
72033
72035
72036
72037
72038
72039
72040
72042
72043
72045
72046
72048
72049
72050
72051
72052
72053
72055
72056
72058
72060
72065
72067
72069
72070
72071
72073
72075
72076
72078
72079
72082
72085
72086
72089
72090
72092
72093
72094
72095
72097
72104
72105
72106
72109
72110
72111
72112
72116
72117
72119
72120
72122
72123
72126
72127
72128
72132
72134
72135
72138
72140
72142
72143
72144
72146
72147
72148
72150
72151
72152
72153
72154
72158
72160
72163
72164
72165
72167
72169
72171
72172
72174
72175
72176
72177
72178
72179
72180
72181
72182
72183
72184
72185
72186
72187
72188
72189
72194
72196
72198
72199
72200
72201
72203
72204
72205
72206
72208
72209
72211
72213
72215
72218
72220
72221
72223
72224
72225
72228
72229
72230
72233
72234
72235
72240
72241
72242
72243
72245
72246
72249
72250
72251
72252
72254
72256
72258
72259
72260
72261
72263
72264
72267
72270
72274
72275
72278
72280
72282
72284
72285
72286
72287
72290
72292
72294
72295
72296
72298
72299
72300
72302
72303
72304
72305
72306
72307
72309
72311
72312
72314
72316
72317
72318
72320
72321
72322
72324
72325
72327
72329
72331
72333
72334
72335
72337
72339
72341
72342
72346
72350
72351
72352
72353
72354
72355
72356
72357
72359
72360
72361
72362
72364
72365
72369
72373
72374
72375
72376
72384
72387
72388
72391
72392
72393
72394
72395
72398
72399
72400
72401
72403
72406
72409
72410
72412
72413
72415
72418
72420
72422
72423
72424
72427
72430
72431
72432
72434
72436
72437
72438
72439
72440
72441
72442
72444
72445
72446
72447
72448
72451
72452
72453
72454
72455
72456
72457
72459
72460
72461
72462
72463
72465
72466
72467
72468
72469
72470
72471
72472
72474
72479
72481
72482
72483
72485
72486
72487
72488
72489
72491
72492
72495
72496
72497
72498
72499
72502
72504
72509
72510
72511
72514
72518
72519
72520
72521
72522
72524
72525
72527
72528
72530
72531
72533
72534
72536
72537
72539
72541
72543
72544
72545
72548
72550
72551
72553
72555
72556
72557
72560
72561
72563
72566
72568
72569
72570
72571
72573
72576
72578
72579
72580
72582
72583
72585
72587
72591
72593
72596
72597
72598
72599
72601
72602
72603
72605
72606
72607
72608
72609
72610
72611
72612
72614
72617
72618
72620
72623
72625
72626
72627
72628
72631
72634
72635
72636
72637
72639
72640
72641
72642
72644
72645
72648
72652
72654
72657
72659
72664
72668
72670
72671
72672
72674
72675
72676
72677
72678
72679
72680
72681
72683
72685
72686
72687
72690
72691
72692
72694
72696
72697
72699
72702
72705
72706
72707
72708
72709
72710
72711
72713
72714
72715
72716
72718
72720
72723
72724
72726
72727
72729
72730
72731
72732
72735
72736
72737
72739
72741
72742
72744
72748
72752
72753
72754
72755
72756
72757
72758
72759
72760
72764
72767
72768
72769
72770
72776
72777
72778
72779
72780
72781
72782
72785
72787
72789
72791
72792
72795
72802
72803
72804
72805
72807
72811
72814
72816
72818
72819
72820
72821
72823
72824
72825
72826
72827
72829
72830
72832
72833
72836
72837
72839
72840
72841
72842
72844
72845
72848
72853
72854
72857
72859
72860
72863
72871
72874
72875
72877
72880
72882
72884
72885
72889
72890
72892
72894
72895
72896
72898
72899
72901
72903
72904
72905
72906
72907
72908
72909
72910
72911
72912
72913
72915
72916
72917
72920
72921
72923
72926
72927
72928
72930
72931
72932
72933
72934
72938
72940
72942
72944
72945
72947
72949
72955
72956
72957
72958
72959
72960
72962
72963
72964
72965
72969
72970
72971
72975
72977
72978
72980
72981
72985
72990
72991
72992
72993
72994
72995
72996
72997
72999
73000
73002
73004
73005
73009
73010
73012
73014
73015
73016
73017
73018
73020
73023
73025
73029
73030
73031
73032
73035
73036
73040
73041
73042
73043
73044
73046
73047
73048
73050
73053
73055
73056
73058
73059
73060
73062
73063
73064
73065
73068
73069
73070
73071
73072
73073
73076
73078
73081
73083
73084
73086
73088
73091
73092
73094
73095
73096
73097
73099
73100
73101
73106
73107
73109
73110
73111
73112
73113
73117
73118
73119
73120
73121
73122
73123
73124
73126
73127
73129
73131
73132
73134
73138
73141
73142
73143
73144
73146
73147
73149
73150
73153
73154
73157
73159
73161
73162
73164
73165
73169
73171
73172
73174
73176
73178
73179
73181
73182
73185
73186
73188
73189
73190
73194
73195
73197
73198
73199
73200
73201
73206
73207
73208
73209
73212
73214
73216
73217
73218
73219
73220
73223
73224
73226
73227
73228
73229
73237
73240
73241
73244
73248
73250
73251
73252
73258
73259
73260
73263
73264
73265
73266
73268
73270
73274
73275
73277
73278
73279
73280
73282
73283
73286
73288
73290
73291
73294
73297
73298
73299
73304
73305
73308
73309
73310
73312
73314
73315
73318
73320
73321
73322
73323
73324
73326
73327
73328
73329
73330
73332
73333
73335
73338
73344
73346
73347
73349
73350
73352
73353
73354
73355
73356
73357
73358
73359
73360
73361
73365
73366
73369
73374
73375
73377
73380
73383
73384
73386
73387
73388
73389
73390
73391
73392
73393
73396
73400
73401
73402
73403
73404
73405
73406
73407
73409
73410
73411
73414
73415
73416
73419
73420
73421
73422
73423
73425
73426
73430
73433
73434
73435
73439
73441
73442
73444
73445
73451
73454
73457
73458
73459
73460
73461
73465
73468
73469
73470
73472
73473
73474
73476
73477
73479
73482
73486
73491
73493
73496
73497
73500
73506
73508
73509
73510
73511
73512
73514
73515
73516
73517
73518
73521
73522
73524
73526
73528
73529
73530
73531
73533
73534
73537
73538
73540
73546
73547
73549
73550
73552
73553
73554
73555
73557
73558
73560
73561
73562
73564
73569
73570
73571
73572
73575
73576
73579
73582
73583
73585
73587
73589
73591
73592
73596
73600
73603
73604
73605
73606
73607
73608
73612
73613
73614
73616
73618
73620
73621
73624
73626
73627
73628
73629
73630
73631
73633
73634
73635
73636
73637
73638
73639
73640
73642
73643
73644
73645
73646
73647
73648
73651
73652
73655
73656
73658
73659
73660
73661
73662
73665
73669
73670
73673
73674
73675
73676
73677
73678
73679
73682
73684
73686
73687
73688
73689
73690
73691
73692
73693
73694
73697
73698
73699
73703
73704
73705
73706
73711
73713
73714
73715
73716
73719
73723
73724
73725
73726
73727
73729
73731
73732
73734
73737
73738
73739
73740
73741
73742
73743
73745
73747
73749
73751
73753
73755
73757
73759
73762
73764
73765
73769
73770
73771
73773
73776
73777
73778
73783
73784
73785
73786
73787
73788
73789
73790
73792
73793
73795
73798
73799
73800
73801
73803
73804
73811
73812
73814
73816
73817
73818
73819
73820
73823
73826
73828
73829
73831
73833
73834
73835
73837
73838
73839
73844
73845
73846
73848
73849
73850
73851
73853
73854
73855
73857
73860
73861
73862
73863
73864
73865
73866
73867
73868
73870
73872
73874
73875
73877
73879
73881
73882
73883
73885
73886
73887
73888
73890
73894
73898
73901
73902
73903
73909
73910
73912
73913
73914
73916
73917
73919
73920
73922
73928
73932
73933
73935
73937
73938
73939
73940
73943
73944
73947
73948
73949
73951
73952
73954
73956
73957
73958
73961
73962
73963
73964
73965
73966
73967
73968
73969
73971
73972
73973
73974
73975
73976
73977
73982
73984
73985
73986
73987
73988
73989
73990
73994
73995
73996
73997
74001
74002
74003
74004
74006
74007
74008
74010
74012
74013
74014
74015
74018
74019
74022
74023
74024
74025
74026
74027
74029
74030
74031
74032
74034
74035
74037
74040
74041
74042
74043
74046
74047
74048
74050
74051
74054
74056
74059
74060
74061
74063
74064
74066
74068
74072
74073
74076
74079
74081
74084
74085
74086
74090
74091
74093
74094
74096
74097
74098
74102
74103
74104
74105
74106
74107
74109
74112
74113
74114
74117
74119
74121
74122
74123
74124
74125
74127
74128
74129
74131
74132
74133
74134
74136
74137
74144
74146
74147
74148
74151
74154
74155
74157
74158
74160
74161
74162
74163
74164
74165
74167
74168
74171
74172
74173
74174
74176
74177
74180
74182
74183
74184
74185
74188
74189
74190
74191
74192
74193
74194
74195
74197
74199
74200
74201
74202
74203
74204
74205
74208
74209
74212
74216
74217
74218
74219
74220
74222
74223
74224
74225
74226
74227
74229
74231
74232
74237
74239
74241
74242
74243
74244
74245
74247
74249
74250
74252
74254
74255
74259
74260
74262
74263
74264
74265
74267
74268
74269
74270
74271
74279
74280
74282
74284
74285
74290
74292
74293
74294
74297
74299
74301
74302
74304
74305
74306
74307
74308
74310
74312
74313
74314
74315
74317
74318
74319
74320
74321
74326
74327
74329
74331
74333
74335
74342
74346
74347
74348
74349
74350
74353
74355
74357
74362
74363
74364
74365
74366
74368
74369
74370
74372
74373
74375
74378
74379
74382
74383
74384
74385
74386
74387
74388
74390
74391
74393
74394
74396
74397
74398
74403
74405
74406
74407
74408
74409
74410
74411
74412
74415
74416
74417
74419
74420
74421
74423
74424
74426
74430
74431
74432
74434
74436
74439
74440
74441
74443
74444
74445
74446
74447
74448
74449
74450
74456
74460
74461
74463
74467
74468
74470
74471
74472
74473
74474
74475
74476
74477
74480
74481
74482
74483
74484
74486
74487
74488
74491
74492
74493
74494
74496
74499
74504
74505
74506
74507
74508
74509
74510
74511
74512
74513
74515
74517
74518
74520
74522
74523
74524
74528
74529
74530
74532
74533
74535
74536
74537
74538
74539
74540
74541
74542
74543
74544
74546
74547
74548
74549
74551
74552
74554
74555
74556
74557
74560
74561
74562
74563
74564
74566
74567
74569
74570
74571
74572
74573
74574
74576
74577
74580
74581
74583
74584
74585
74586
74588
74591
74592
74596
74597
74599
74602
74603
74604
74606
74608
74609
74610
74611
74613
74615
74616
74617
74619
74621
74623
74624
74625
74627
74628
74630
74632
74633
74634
74636
74637
74639
74640
74643
74646
74648
74649
74650
74651
74652
74653
74656
74657
74662
74663
74665
74668
74669
74670
74671
74673
74674
74675
74676
74678
74682
74683
74684
74686
74687
74689
74690
74691
74692
74694
74695
74696
74697
74702
74704
74705
74708
74709
74710
74711
74712
74713
74718
74722
74723
74724
74732
74734
74735
74737
74739
74740
74742
74743
74744
74745
74750
74752
74754
74755
74758
74760
74762
74763
74765
74766
74767
74768
74769
74771
74772
74773
74774
74775
74776
74778
74779
74780
74781
74782
74783
74785
74789
74791
74792
74794
74796
74800
74801
74805
74806
74807
74808
74809
74810
74811
74813
74815
74818
74820
74822
74823
74824
74825
74826
74827
74828
74829
74830
74831
74832
74833
74834
74837
74839
74843
74844
74845
74846
74847
74848
74849
74850
74851
74853
74854
74856
74857
74858
74860
74863
74864
74866
74867
74869
74872
74873
74874
74875
74877
74878
74879
74880
74882
74884
74886
74887
74889
74890
74893
74894
74895
74897
74898
74900
74903
74904
74906
74907
74908
74910
74911
74912
74916
74917
74918
74924
74925
74928
74929
74930
74931
74932
74935
74936
74938
74939
74940
74944
74945
74947
74948
74949
74951
74952
74953
74955
74956
74957
74958
74960
74961
74962
74965
74966
74968
74970
74971
74972
74978
74979
74980
74981
74982
74986
74989
74990
74991
74992
74993
74995
74996
74998
74999
75002
75004
75010
75014
75016
75018
75021
75022
75024
75025
75026
75028
75029
75030
75032
75033
75034
75036
75043
75046
75047
75048
75049
75051
75052
75053
75054
75055
75058
75060
75061
75063
75066
75067
75069
75070
75072
75073
75074
75075
75079
75081
75082
75083
75084
75085
75087
75090
75091
75092
75093
75094
75097
75098
75099
75100
75101
75104
75106
75107
75108
75110
75111
75112
75114
75117
75118
75119
75120
75126
75128
75129
75130
75132
75133
75136
75138
75140
75141
75142
75143
75144
75145
75146
75147
75148
75149
75150
75151
75152
75153
75155
75158
75159
75160
75163
75164
75166
75168
75174
75175
75176
75179
75181
75184
75185
75189
75190
75191
75195
75196
75197
75198
75199
75201
75202
75203
75205
75207
75209
75211
75212
75213
75215
75216
75217
75219
75224
75226
75227
75228
75233
75234
75238
75239
75240
75242
75243
75244
75245
75246
75248
75249
75251
75253
75257
75258
75264
75266
75268
75269
75270
75273
75274
75276
75277
75278
75279
75280
75282
75283
75285
75286
75287
75288
75290
75291
75294
75296
75297
75298
75299
75300
75303
75310
75311
75313
75314
75315
75316
75317
75318
75319
75321
75322
75324
75327
75328
75338
75339
75340
75342
75344
75346
75348
75351
75352
75353
75354
75355
75360
75361
75362
75364
75367
75368
75370
75371
75372
75373
75374
75375
75376
75377
75382
75383
75384
75386
75388
75390
75391
75400
75403
75405
75406
75407
75411
75412
75413
75419
75423
75425
75427
75428
75429
75430
75432
75433
75437
75438
75440
75441
75442
75443
75444
75446
75447
75449
75451
75453
75455
75458
75459
75460
75464
75465
75470
75471
75472
75473
75474
75475
75476
75477
75478
75481
75482
75483
75484
75485
75486
75487
75488
75490
75492
75494
75495
75499
75500
75503
75504
75505
75507
75508
75510
75511
75512
75513
75515
75516
75517
75518
75520
75521
75523
75524
75525
75528
75529
75533
75534
75536
75538
75539
75540
75541
75542
75543
75544
75545
75546
75547
75548
75551
75554
75555
75556
75557
75558
75560
75563
75567
75573
75575
75577
75578
75579
75580
75581
75582
75583
75585
75586
75587
75589
75590
75592
75594
75595
75596
75598
75601
75602
75603
75604
75605
75606
75607
75611
75612
75615
75616
75618
75620
75622
75624
75628
75629
75631
75632
75634
75635
75636
75637
75638
75639
75641
75642
75646
75648
75650
75651
75652
75653
75654
75655
75656
75657
75659
75661
75663
75665
75666
75667
75668
75672
75674
75675
75676
75677
75679
75681
75682
75683
75685
75686
75687
75691
75694
75695
75696
75697
75698
75700
75702
75703
75704
75706
75708
75709
75710
75712
75713
75715
75717
75718
75720
75721
75722
75724
75725
75727
75731
75733
75734
75736
75740
75742
75743
75744
75746
75750
75751
75752
75753
75754
75755
75756
75759
75760
75764
75765
75766
75768
75770
75773
75775
75776
75777
75778
75779
75782
75783
75784
75785
75788
75789
75792
75794
75796
75797
75800
75801
75803
75804
75806
75807
75808
75809
75813
75814
75815
75816
75819
75820
75823
75826
75827
75829
75832
75833
75834
75835
75836
75837
75840
75842
75844
75845
75846
75847
75848
75849
75850
75852
75853
75854
75856
75857
75858
75859
75861
75862
75866
75867
75868
75869
75870
75872
75874
75875
75876
75878
75879
75880
75881
75883
75887
75890
75892
75895
75897
75899
75900
75901
75903
75908
75909
75910
75911
75916
75922
75923
75926
75927
75929
75930
75931
75933
75934
75935
75937
75938
75939
75940
75941
75943
75944
75945
75950
75951
75953
75955
75956
75957
75959
75962
75964
75965
75966
75967
75968
75969
75970
75971
75972
75973
75974
75975
75976
75977
75981
75982
75984
75985
75986
75987
75988
75991
75993
75994
75996
75998
75999
76000
76008
76011
76013
76015
76016
76017
76020
76022
76023
76028
76029
76033
76037
76038
76041
76042
76043
76046
76047
76048
76050
76051
76052
76053
76056
76057
76066
76071
76073
76074
76075
76077
76080
76081
76082
76084
76085
76086
76087
76089
76090
76093
76096
76097
76098
76099
76102
76104
76105
76106
76107
76108
76109
76112
76114
76119
76120
76121
76122
76123
76124
76126
76127
76128
76131
76133
76135
76137
76138
76139
76140
76142
76145
76147
76149
76150
76151
76152
76154
76156
76157
76158
76160
76161
76162
76165
76166
76168
76170
76171
76172
76174
76175
76176
76182
76183
76184
76186
76188
76190
76194
76195
76196
76197
76198
76199
76201
76203
76204
76207
76208
76209
76210
76212
76213
76216
76217
76221
76222
76224
76225
76227
76230
76231
76232
76233
76234
76235
76236
76237
76238
76239
76241
76242
76243
76244
76245
76247
76248
76250
76251
76252
76253
76254
76255
76260
76261
76262
76264
76266
76271
76280
76284
76287
76290
76291
76292
76293
76294
76295
76296
76297
76299
76300
76301
76304
76306
76308
76312
76313
76314
76317
76321
76322
76323
76324
76325
76328
76329
76331
76332
76333
76335
76338
76339
76340
76341
76342
76343
76344
76345
76346
76348
76349
76350
76351
76361
76362
76363
76364
76365
76366
76367
76370
76372
76377
76378
76380
76382
76385
76387
76391
76392
76393
76395
76396
76397
76398
76400
76401
76402
76403
76404
76405
76406
76407
76408
76410
76411
76412
76413
76414
76415
76417
76419
76420
76424
76425
76426
76428
76429
76433
76434
76435
76436
76437
76439
76441
76442
76444
76449
76450
76453
76454
76457
76458
76459
76462
76463
76465
76468
76469
76470
76471
76473
76476
76478
76480
76481
76484
76486
76488
76490
76492
76496
76500
76502
76503
76505
76507
76509
76513
76515
76516
76517
76520
76522
76524
76527
76531
76535
76536
76539
76542
76543
76548
76549
76552
76553
76555
76556
76564
76567
76568
76569
76571
76573
76574
76575
76576
76577
76578
76580
76582
76584
76587
76588
76592
76593
76594
76595
76596
76599
76600
76601
76602
76604
76606
76607
76608
76609
76612
76617
76618
76619
76621
76622
76623
76626
76627
76628
76630
76633
76635
76638
76641
76643
76644
76646
76647
76653
76654
76655
76656
76657
76659
76660
76664
76665
76667
76668
76670
76672
76674
76675
76677
76678
76679
76681
76683
76686
76687
76695
76696
76698
76699
76702
76703
76704
76706
76708
76710
76711
76713
76714
76717
76718
76719
76720
76721
76724
76725
76726
76728
76730
76732
76733
76734
76736
76741
76744
76745
76748
76749
76750
76752
76754
76755
76759
76762
76763
76767
76768
76771
76772
76773
76775
76778
76779
76781
76784
76787
76788
76790
76792
76793
76794
76795
76798
76800
76801
76802
76804
76805
76810
76812
76815
76816
76817
76818
76819
76821
76823
76824
76825
76826
76827
76830
76835
76836
76837
76839
76841
76842
76843
76844
76846
76847
76848
76849
76850
76851
76852
76854
76855
76856
76857
76861
76862
76866
76867
76868
76871
76872
76876
76877
76878
76880
76881
76882
76883
76884
76885
76886
76887
76888
76889
76891
76893
76897
76898
76899
76900
76902
76903
76904
76907
76908
76910
76911
76913
76914
76916
76917
76919
76920
76923
76924
76925
76926
76927
76928
76930
76931
76932
76934
76935
76936
76937
76938
76940
76942
76943
76944
76945
76946
76947
76949
76950
76951
76954
76956
76957
76958
76961
76963
76964
76967
76969
76970
76972
76974
76977
76980
76981
76982
76983
76985
76988
76989
76990
76993
76994
76995
76996
76997
76998
76999
77000
77001
77003
77004
77005
77007
77008
77010
77011
77012
77013
77017
77018
77020
77021
77022
77024
77025
77028
77031
77032
77033
77035
77036
77039
77040
77041
77042
77047
77048
77050
77051
77052
77053
77055
77057
77059
77061
77063
77065
77066
77067
77071
77072
77073
77075
77076
77079
77081
77083
77084
77085
77086
77087
77088
77089
77090
77093
77094
77095
77096
77098
77099
77101
77102
77105
77106
77110
77111
77112
77113
77115
77116
77118
77120
77121
77122
77123
77124
77125
77126
77128
77129
77130
77131
77132
77134
77135
77136
77137
77138
77140
77141
77142
77143
77145
77148
77152
77153
77154
77155
77157
77158
77160
77166
77168
77170
77172
77173
77174
77175
77179
77180
77181
77182
77183
77184
77185
77187
77188
77189
77190
77192
77193
77196
77197
77198
77200
77203
77204
77205
77209
77215
77216
77219
77222
77223
77225
77228
77229
77231
77233
77234
77235
77237
77238
77241
77242
77243
77245
77246
77247
77248
77251
77252
77255
77256
77257
77259
77260
77261
77269
77270
77271
77272
77273
77274
77275
77278
77280
77281
77284
77286
77287
77289
77291
77294
77298
77301
77302
77303
77305
77308
77309
77312
77314
77316
77317
77318
77319
77320
77322
77323
77333
77335
77336
77338
77340
77341
77342
77343
77346
77347
77348
77351
77353
77356
77357
77359
77361
77362
77364
77372
77373
77375
77376
77379
77382
77385
77387
77390
77391
77393
77395
77397
77398
77399
77400
77401
77403
77405
77406
77408
77410
77412
77413
77414
77415
77417
77418
77419
77420
77421
77422
77423
77424
77425
77427
77428
77429
77430
77435
77436
77437
77438
77439
77441
77442
77444
77447
77449
77450
77451
77452
77453
77455
77456
77457
77458
77461
77462
77463
77465
77466
77467
77468
77469
77471
77473
77477
77481
77482
77483
77484
77485
77486
77488
77489
77490
77492
77493
77495
77497
77498
77499
77502
77504
77505
77510
77514
77515
77516
77517
77518
77519
77520
77521
77522
77523
77524
77525
77526
77527
77528
77531
77532
77535
77537
77538
77539
77540
77542
77543
77546
77547
77548
77549
77550
77551
77552
77553
77554
77557
77558
77559
77560
77561
77562
77563
77564
77566
77569
77572
77573
77575
77576
77579
77581
77582
77583
77585
77586
77587
77588
77589
77593
77594
77595
77596
77597
77602
77603
77604
77606
77607
77608
77609
77611
77612
77615
77616
77618
77619
77621
77623
77625
77626
77627
77628
77630
77631
77632
77633
77634
77635
77637
77638
77639
77640
77644
77645
77646
77647
77650
77652
77653
77654
77655
77656
77657
77658
77659
77660
77664
77669
77670
77671
77673
77674
77675
77678
77679
77680
77682
77684
77685
77688
77690
77691
77694
77697
77698
77699
77702
77704
77706
77708
77709
77712
77713
77717
77718
77719
77721
77722
77725
77726
77727
77728
77729
77730
77735
77738
77741
77743
77748
77749
77752
77754
77755
77756
77757
77758
77759
77760
77762
77763
77764
77767
77770
77772
77773
77774
77776
77777
77779
77780
77781
77782
77783
77784
77785
77786
77788
77792
77794
77795
77799
77801
77809
77810
77811
77813
77814
77815
77818
77819
77820
77821
77822
77823
77825
77829
77830
77833
77834
77839
77840
77842
77843
77845
77846
77847
77848
77851
77854
77855
77858
77859
77862
77863
77865
77866
77870
77873
77874
77875
77878
77879
77881
77882
77884
77885
77886
77887
77888
77889
77890
77891
77893
77894
77895
77897
77898
77899
77900
77901
77903
77905
77907
77908
77909
77910
77911
77912
77917
77918
77919
77922
77923
77926
77927
77928
77930
77931
77933
77934
77935
77936
77937
77938
77939
77940
77941
77942
77943
77944
77945
77946
77948
77949
77951
77954
77955
77956
77959
77962
77963
77964
77966
77968
77970
77976
77977
77978
77982
77983
77984
77985
77988
77989
77991
77992
77994
77995
77996
77999
78001
78003
78005
78006
78008
78011
78015
78016
78017
78018
78019
78021
78022
78024
78025
78027
78029
78032
78035
78036
78038
78041
78044
78045
78046
78048
78050
78051
78052
78056
78058
78059
78064
78065
78066
78067
78072
78075
78078
78079
78080
78081
78083
78084
78085
78089
78090
78092
78093
78096
78098
78099
78100
78101
78102
78106
78107
78109
78110
78112
78113
78114
78115
78116
78117
78119
78120
78121
78122
78123
78124
78125
78126
78128
78130
78131
78132
78133
78134
78138
78140
78141
78142
78145
78146
78148
78149
78150
78152
78153
78154
78155
78156
78157
78159
78162
78163
78164
78165
78168
78171
78173
78174
78175
78177
78184
78186
78188
78189
78190
78191
78194
78197
78198
78199
78203
78204
78205
78206
78207
78208
78209
78211
78212
78214
78215
78216
78217
78218
78221
78222
78225
78227
78229
78231
78234
78235
78237
78238
78239
78241
78244
78246
78248
78249
78251
78253
78255
78256
78259
78262
78263
78267
78269
78270
78271
78273
78276
78279
78280
78281
78282
78285
78286
78290
78291
78294
78295
78298
78299
78300
78301
78302
78303
78304
78306
78307
78308
78310
78312
78313
78315
78320
78322
78324
78326
78328
78330
78331
78332
78335
78336
78339
78340
78343
78344
78345
78347
78348
78349
78354
78356
78357
78360
78361
78362
78366
78368
78369
78370
78371
78372
78373
78374
78375
78376
78378
78379
78381
78382
78383
78385
78386
78388
78389
78390
78392
78393
78396
78397
78398
78399
78400
78401
78402
78404
78405
78406
78407
78408
78409
78411
78416
78419
78420
78422
78424
78427
78428
78429
78430
78431
78436
78437
78438
78439
78440
78445
78448
78449
78454
78455
78456
78458
78460
78461
78462
78463
78465
78466
78468
78469
78472
78474
78477
78478
78479
78480
78481
78483
78484
78485
78486
78487
78488
78491
78492
78494
78495
78496
78498
78499
78503
78504
78505
78507
78509
78511
78516
78517
78518
78519
78522
78524
78526
78528
78532
78535
78538
78539
78540
78542
78543
78544
78546
78547
78548
78549
78550
78551
78552
78555
78557
78559
78561
78562
78564
78565
78566
78567
78569
78571
78572
78574
78575
78576
78581
78584
78585
78586
78590
78591
78593
78595
78596
78598
78600
78601
78602
78603
78604
78605
78607
78608
78609
78610
78611
78612
78613
78614
78616
78617
78621
78623
78624
78626
78627
78628
78629
78630
78634
78635
78636
78637
78638
78639
78646
78647
78648
78649
78651
78652
78654
78655
78657
78659
78664
78665
78667
78668
78669
78671
78674
78675
78676
78677
78679
78680
78684
78685
78686
78690
78691
78692
78693
78694
78695
78696
78697
78698
78699
78700
78701
78702
78703
78705
78706
78708
78709
78712
78714
78717
78719
78722
78724
78725
78726
78727
78732
78733
78734
78735
78736
78737
78738
78740
78744
78746
78748
78751
78754
78755
78756
78757
78759
78760
78761
78763
78764
78765
78767
78770
78771
78772
78773
78774
78776
78777
78778
78780
78781
78784
78785
78786
78787
78788
78789
78792
78796
78797
78799
78800
78804
78807
78810
78812
78813
78814
78815
78816
78819
78821
78822
78823
78824
78825
78826
78827
78829
78830
78831
78832
78833
78834
78836
78837
78838
78841
78842
78843
78845
78846
78847
78848
78851
78854
78857
78858
78859
78860
78861
78862
78863
78864
78869
78871
78872
78873
78874
78875
78879
78882
78883
78885
78886
78887
78888
78889
78892
78893
78896
78899
78903
78905
78906
78907
78911
78912
78913
78914
78915
78917
78918
78921
78922
78923
78925
78926
78927
78929
78932
78933
78934
78941
78942
78943
78944
78945
78948
78949
78952
78953
78954
78955
78957
78958
78959
78960
78961
78962
78963
78965
78968
78969
78975
78977
78980
78981
78982
78983
78984
78986
78987
78988
78990
78991
78993
78994
78995
78996
78998
78999
79003
79004
79005
79008
79010
79012
79015
79016
79018
79019
79020
79022
79023
79025
79027
79029
79030
79033
79034
79036
79037
79039
79040
79042
79043
79044
79045
79046
79047
79048
79050
79051
79053
79056
79057
79059
79061
79062
79063
79065
79067
79068
79070
79071
79072
79073
79074
79077
79078
79079
79081
79082
79086
79088
79090
79091
79093
79094
79095
79096
79097
79098
79100
79101
79102
79103
79105
79107
79109
79111
79112
79113
79114
79115
79116
79119
79120
79121
79122
79123
79126
79127
79128
79131
79134
79137
79139
79140
79142
79143
79145
79146
79147
79148
79150
79153
79154
79155
79157
79159
79164
79166
79170
79171
79175
79176
79179
79180
79181
79182
79184
79185
79186
79187
79188
79190
79191
79195
79196
79197
79198
79200
79201
79202
79204
79208
79209
79210
79211
79212
79214
79215
79218
79219
79222
79225
79226
79227
79228
79229
79233
79234
79235
79236
79238
79239
79240
79241
79243
79244
79245
79247
79248
79249
79251
79252
79254
79255
79256
79257
79258
79259
79261
79263
79264
79267
79268
79270
79273
79274
79275
79277
79278
79279
79281
79282
79283
79284
79285
79286
79288
79290
79291
79292
79293
79294
79295
79296
79298
79299
79301
79302
79303
79306
79307
79308
79309
79310
79311
79313
79314
79315
79318
79319
79320
79321
79322
79325
79327
79330
79332
79333
79334
79337
79338
79340
79342
79343
79345
79346
79347
79349
79350
79353
79354
79357
79360
79361
79363
79364
79365
79366
79367
79370
79371
79374
79375
79377
79379
79381
79382
79383
79384
79385
79386
79387
79388
79389
79390
79391
79395
79397
79398
79399
79400
79401
79404
79405
79408
79409
79411
79413
79414
79417
79419
79420
79421
79422
79423
79424
79425
79427
79428
79429
79430
79432
79433
79434
79436
79437
79438
79439
79441
79444
79445
79446
79447
79449
79450
79452
79457
79458
79459
79460
79461
79462
79463
79464
79466
79468
79470
79471
79472
79473
79474
79476
79480
79481
79483
79487
79488
79489
79490
79492
79494
79496
79499
79500
79501
79502
79505
79509
79510
79514
79515
79516
79517
79518
79519
79520
79521
79522
79523
79524
79525
79527
79528
79533
79534
79535
79536
79537
79541
79542
79543
79545
79546
79548
79549
79551
79552
79553
79556
79558
79560
79561
79563
79564
79565
79566
79568
79571
79572
79573
79575
79577
79579
79580
79581
79582
79584
79586
79589
79591
79594
79597
79599
79601
79602
79606
79608
79610
79611
79612
79615
79616
79617
79619
79622
79623
79624
79629
79630
79631
79636
79638
79639
79642
79643
79644
79646
79652
79655
79657
79659
79660
79662
79663
79667
79668
79669
79670
79671
79672
79675
79676
79677
79678
79679
79682
79683
79684
79687
79688
79689
79694
79696
79701
79702
79703
79704
79706
79707
79708
79709
79710
79712
79713
79714
79716
79719
79720
79721
79724
79725
79726
79727
79728
79730
79731
79734
79737
79738
79740
79741
79742
79745
79747
79749
79751
79753
79755
79756
79757
79759
79764
79765
79766
79767
79770
79771
79774
79775
79776
79777
79778
79779
79780
79782
79784
79785
79786
79789
79790
79792
79794
79795
79796
79800
79802
79803
79804
79805
79807
79809
79810
79811
79812
79816
79819
79820
79821
79822
79823
79824
79825
79826
79827
79828
79829
79831
79832
79833
79834
79835
79837
79838
79839
79840
79841
79844
79845
79848
79851
79852
79853
79854
79856
79857
79859
79860
79861
79862
79864
79865
79866
79871
79872
79873
79874
79875
79876
79878
79879
79883
79884
79886
79888
79889
79892
79894
79895
79896
79897
79900
79902
79903
79904
79906
79908
79911
79913
79914
79915
79916
79917
79919
79920
79921
79923
79925
79929
79930
79931
79932
79933
79935
79936
79938
79939
79940
79941
79945
79946
79947
79950
79955
79958
79959
79960
79961
79962
79963
79964
79965
79966
79967
79968
79972
79973
79974
79976
79977
79981
79984
79985
79986
79988
79989
79990
79992
79994
79995
79996
79997
79999
80001
80002
80003
80005
80009
80010
80012
80013
80014
80015
80017
80018
80019
80020
80021
80022
80023
80024
80025
80027
80029
80030
80031
80032
80033
80038
80039
80041
80042
80044
80047
80048
80049
80052
80055
80056
80060
80061
80062
80063
80064
80067
80068
80070
80071
80072
80074
80075
80076
80077
80078
80080
80082
80083
80085
80086
80088
80089
80093
80097
80098
80101
80102
80103
80105
80106
80107
80108
80110
80112
80114
80115
80116
80117
80118
80119
80121
80122
80123
80124
80127
80128
80129
80130
80132
80134
80135
80136
80138
80139
80142
80143
80144
80145
80146
80148
80150
80151
80157
80158
80162
80165
80166
80167
80168
80170
80171
80172
80173
80179
80183
80184
80185
80187
80188
80189
80191
80192
80193
80194
80195
80196
80197
80198
80200
80201
80202
80203
80205
80206
80207
80209
80210
80212
80213
80216
80217
80218
80219
80220
80221
80222
80224
80225
80226
80228
80229
80231
80234
80235
80237
80238
80239
80241
80242
80243
80244
80245
80246
80247
80249
80251
80255
80256
80257
80258
80260
80261
80262
80263
80264
80266
80267
80270
80271
80274
80275
80276
80277
80279
80280
80284
80287
80289
80292
80294
80295
80296
80297
80298
80301
80302
80304
80306
80307
80310
80314
80315
80316
80317
80319
80320
80322
80325
80327
80328
80329
80331
80333
80335
80336
80340
80341
80342
80344
80345
80347
80348
80349
80350
80353
80354
80356
80358
80359
80360
80361
80363
80364
80366
80368
80369
80371
80372
80374
80376
80377
80378
80381
80382
80384
80385
80389
80393
80395
80396
80398
80400
80401
80404
80405
80406
80407
80408
80410
80412
80413
80414
80420
80421
80422
80423
80424
80427
80428
80432
80433
80434
80438
80439
80440
80441
80443
80445
80450
80452
80453
80454
80455
80456
80458
80459
80460
80461
80462
80463
80464
80466
80467
80468
80470
80471
80473
80474
80475
80476
80477
80478
80480
80481
80482
80486
80496
80497
80500
80501
80502
80504
80505
80507
80508
80510
80511
80512
80513
80514
80517
80520
80521
80525
80527
80530
80531
80533
80534
80535
80536
80537
80538
80539
80540
80541
80542
80546
80547
80548
80549
80550
80551
80552
80553
80555
80556
80557
80558
80559
80562
80563
80564
80566
80567
80569
80571
80572
80573
80575
80577
80580
80581
80585
80586
80587
80588
80590
80591
80592
80593
80595
80596
80599
80600
80603
80604
80605
80606
80609
80610
80611
80614
80617
80620
80621
80622
80623
80625
80628
80629
80630
80631
80636
80637
80638
80639
80640
80642
80643
80646
80648
80649
80651
80652
80653
80654
80656
80657
80658
80659
80660
80661
80662
80666
80668
80669
80670
80673
80674
80677
80679
80680
80681
80682
80683
80685
80687
80692
80693
80694
80696
80698
80699
80700
80702
80703
80707
80709
80713
80716
80718
80719
80720
80721
80722
80723
80724
80730
80737
80739
80740
80741
80744
80745
80746
80747
80752
80754
80755
80756
80758
80759
80762
80764
80765
80769
80770
80771
80772
80773
80775
80776
80779
80780
80787
80789
80793
80795
80796
80797
80798
80801
80802
80806
80807
80811
80812
80813
80814
80815
80819
80821
80823
80824
80825
80827
80829
80830
80831
80832
80833
80834
80836
80837
80839
80840
80841
80842
80843
80846
80847
80848
80849
80850
80851
80853
80854
80856
80859
80860
80863
80865
80866
80867
80868
80869
80872
80874
80876
80878
80879
80881
80882
80883
80884
80886
80887
80889
80893
80894
80895
80896
80898
80900
80901
80902
80903
80905
80906
80907
80912
80913
80914
80915
80918
80919
80923
80924
80925
80927
80928
80930
80934
80935
80936
80937
80938
80939
80940
80944
80945
80947
80948
80949
80951
80953
80956
80957
80958
80959
80960
80963
80964
80967
80968
80969
80970
80971
80973
80974
80975
80976
80977
80978
80979
80982
80984
80985
80986
80988
80992
80994
80996
80997
80998
80999
81000
81006
81010
81011
81012
81013
81015
81017
81018
81019
81022
81023
81024
81027
81028
81029
81032
81033
81034
81035
81036
81041
81043
81044
81047
81048
81049
81050
81053
81054
81055
81058
81059
81063
81065
81067
81070
81072
81073
81075
81077
81078
81080
81081
81082
81084
81085
81089
81090
81091
81093
81094
81095
81097
81098
81102
81104
81106
81107
81108
81109
81113
81115
81116
81117
81120
81122
81123
81125
81127
81129
81130
81131
81133
81134
81136
81137
81138
81139
81140
81141
81143
81145
81147
81148
81149
81150
81152
81153
81155
81156
81157
81158
81160
81161
81162
81164
81165
81166
81167
81169
81171
81172
81176
81177
81179
81182
81183
81184
81187
81188
81191
81193
81197
81198
81199
81200
81202
81207
81208
81209
81210
81211
81217
81221
81223
81224
81225
81227
81228
81231
81233
81236
81240
81241
81243
81244
81245
81247
81248
81251
81254
81255
81261
81263
81264
81266
81267
81268
81270
81272
81275
81278
81280
81284
81285
81289
81290
81291
81292
81293
81295
81299
81300
81304
81305
81307
81308
81309
81310
81311
81312
81313
81316
81317
81320
81322
81323
81325
81326
81328
81329
81330
81331
81333
81336
81340
81341
81342
81344
81346
81347
81348
81351
81353
81356
81357
81359
81360
81362
81364
81365
81366
81368
81374
81375
81376
81377
81378
81379
81380
81381
81382
81385
81386
81389
81390
81391
81392
81394
81395
81396
81397
81398
81399
81400
81401
81403
81404
81405
81406
81407
81409
81410
81416
81418
81420
81421
81425
81426
81427
81428
81429
81430
81432
81433
81434
81435
81437
81438
81439
81440
81442
81443
81445
81447
81449
81451
81453
81454
81456
81458
81459
81460
81461
81464
81465
81467
81468
81472
81473
81474
81475
81476
81477
81479
81481
81483
81489
81491
81493
81494
81496
81499
81500
81501
81502
81503
81504
81506
81512
81513
81514
81517
81518
81519
81522
81523
81524
81525
81528
81529
81531
81532
81533
81534
81536
81537
81538
81539
81541
81542
81544
81545
81546
81548
81550
81553
81554
81555
81557
81558
81559
81560
81563
81564
81565
81570
81572
81574
81578
81579
81581
81583
81585
81586
81588
81590
81591
81592
81593
81601
81602
81604
81605
81609
81610
81611
81612
81614
81618
81619
81620
81621
81622
81623
81626
81627
81628
81630
81631
81633
81634
81635
81636
81637
81640
81641
81642
81643
81645
81646
81648
81649
81650
81651
81652
81653
81654
81655
81656
81657
81658
81661
81662
81663
81665
81666
81670
81671
81672
81674
81675
81677
81678
81679
81680
81681
81682
81683
81684
81685
81686
81691
81692
81693
81695
81696
81698
81699
81705
81706
81707
81709
81710
81711
81713
81714
81715
81717
81720
81721
81723
81724
81725
81726
81728
81730
81731
81735
81736
81740
81741
81743
81745
81746
81749
81750
81752
81757
81758
81759
81762
81763
81767
81768
81770
81771
81772
81775
81777
81778
81779
81782
81783
81785
81786
81789
81790
81791
81792
81793
81795
81797
81798
81801
81802
81804
81805
81806
81807
81808
81811
81812
81815
81816
81818
81820
81821
81822
81823
81824
81825
81827
81828
81829
81831
81832
81835
81837
81838
81839
81841
81847
81848
81851
81852
81853
81854
81855
81856
81857
81858
81859
81860
81861
81863
81864
81867
81868
81869
81870
81871
81877
81878
81879
81880
81881
81882
81884
81886
81889
81891
81893
81895
81896
81898
81899
81901
81903
81904
81905
81906
81907
81908
81910
81911
81913
81916
81917
81918
81919
81923
81926
81927
81931
81932
81935
81940
81942
81943
81944
81945
81947
81948
81949
81951
81952
81953
81954
81955
81957
81958
81959
81960
81963
81964
81966
81967
81968
81970
81971
81974
81975
81977
81978
81979
81980
81982
81984
81986
81988
81990
81995
81996
81997
81998
81999
82001
82002
82003
82006
82008
82013
82014
82015
82017
82018
82020
82021
82022
82024
82025
82029
82030
82031
82032
82033
82034
82036
82038
82039
82040
82041
82046
82047
82053
82054
82055
82056
82059
82060
82061
82063
82064
82065
82066
82067
82068
82069
82070
82071
82075
82076
82078
82079
82080
82081
82082
82083
82084
82085
82089
82090
82094
82095
82097
82099
82100
82106
82107
82108
82111
82112
82113
82115
82122
82123
82124
82126
82128
82130
82131
82132
82133
82134
82135
82136
82137
82138
82140
82141
82143
82144
82149
82150
82152
82153
82154
82156
82160
82164
82165
82166
82168
82169
82171
82172
82173
82174
82176
82177
82180
82181
82182
82185
82186
82188
82189
82190
82191
82192
82193
82198
82199
82200
82202
82203
82205
82206
82208
82210
82212
82215
82216
82217
82219
82220
82221
82222
82223
82224
82225
82226
82229
82230
82234
82235
82238
82240
82242
82243
82245
82246
82247
82248
82250
82252
82255
82257
82258
82265
82266
82267
82270
82271
82276
82280
82281
82282
82283
82284
82285
82288
82291
82293
82295
82296
82297
82298
82301
82303
82304
82305
82306
82307
82308
82310
82311
82312
82313
82315
82316
82318
82319
82321
82322
82323
82324
82328
82329
82330
82331
82332
82334
82335
82337
82338
82339
82341
82342
82343
82344
82346
82347
82349
82350
82351
82352
82355
82356
82357
82358
82359
82361
82362
82363
82364
82365
82367
82369
82370
82373
82378
82380
82381
82384
82385
82387
82388
82389
82390
82393
82394
82395
82396
82397
82398
82399
82400
82402
82403
82404
82405
82406
82409
82412
82413
82417
82418
82420
82421
82422
82424
82426
82429
82430
82431
82432
82433
82436
82437
82439
82441
82442
82443
82444
82445
82448
82449
82450
82453
82454
82456
82458
82460
82462
82465
82468
82469
82470
82471
82473
82474
82475
82476
82478
82479
82480
82483
82486
82488
82491
82492
82493
82495
82496
82499
82501
82502
82504
82506
82508
82509
82512
82513
82515
82516
82517
82518
82519
82522
82523
82524
82526
82527
82529
82532
82533
82534
82535
82537
82540
82541
82543
82544
82546
82547
82553
82557
82558
82559
82562
82563
82564
82566
82569
82572
82573
82574
82575
82577
82578
82579
82580
82582
82584
82585
82587
82588
82592
82595
82597
82598
82599
82600
82603
82604
82605
82607
82608
82610
82616
82617
82618
82620
82623
82624
82626
82627
82628
82631
82634
82635
82636
82637
82639
82640
82641
82642
82644
82645
82646
82647
82649
82652
82653
82654
82656
82657
82658
82661
82662
82663
82665
82666
82668
82669
82671
82672
82674
82678
82681
82686
82687
82688
82689
82690
82693
82695
82696
82697
82699
82700
82701
82702
82703
82704
82706
82707
82708
82712
82713
82715
82716
82717
82718
82719
82721
82722
82724
82725
82726
82729
82732
82733
82735
82736
82737
82739
82741
82743
82744
82747
82749
82751
82752
82753
82754
82755
82756
82757
82758
82759
82760
82761
82762
82763
82764
82766
82767
82769
82771
82772
82773
82775
82776
82777
82778
82779
82780
82782
82784
82785
82788
82789
82792
82795
82797
82798
82800
82802
82803
82804
82805
82807
82808
82809
82810
82812
82813
82816
82817
82818
82822
82824
82825
82828
82831
82832
82833
82834
82837
82839
82841
82842
82843
82844
82846
82848
82850
82851
82852
82853
82854
82855
82856
82858
82860
82861
82862
82863
82866
82868
82872
82873
82874
82879
82880
82882
82883
82884
82885
82887
82892
82893
82895
82898
82899
82900
82901
82902
82903
82904
82905
82906
82907
82908
82909
82910
82911
82914
82915
82916
82918
82919
82921
82923
82927
82929
82930
82931
82932
82933
82934
82935
82938
82939
82940
82941
82944
82947
82948
82949
82950
82951
82952
82956
82957
82959
82962
82963
82965
82967
82968
82969
82970
82971
82972
82974
82975
82978
82979
82980
82982
82983
82985
82987
82988
82990
82992
82993
82994
82996
82997
82998
82999
83000
83001
83003
83004
83005
83006
83009
83010
83014
83015
83016
83017
83018
83023
83025
83026
83027
83030
83031
83033
83035
83036
83037
83038
83040
83041
83046
83047
83050
83051
83054
83055
83057
83058
83059
83060
83062
83066
83068
83071
83072
83074
83077
83078
83079
83082
83084
83087
83088
83089
83091
83092
83093
83094
83095
83096
83097
83098
83101
83102
83104
83107
83110
83111
83112
83113
83115
83116
83119
83120
83123
83126
83128
83131
83132
83133
83134
83135
83136
83137
83138
83141
83142
83143
83144
83145
83147
83148
83149
83150
83151
83152
83155
83156
83157
83159
83164
83165
83167
83168
83171
83172
83173
83174
83178
83179
83181
83182
83183
83186
83188
83191
83195
83198
83199
83200
83201
83202
83203
83205
83208
83209
83210
83211
83212
83213
83215
83218
83219
83221
83222
83223
83224
83225
83226
83228
83229
83230
83236
83237
83240
83242
83244
83245
83246
83247
83248
83250
83251
83255
83256
83259
83260
83261
83262
83264
83265
83266
83268
83270
83271
83272
83275
83276
83277
83278
83280
83281
83282
83283
83285
83288
83290
83291
83292
83293
83295
83297
83299
83301
83302
83303
83306
83307
83308
83309
83310
83311
83312
83314
83315
83316
83320
83321
83323
83324
83327
83330
83331
83332
83335
83336
83337
83341
83342
83344
83345
83347
83348
83350
83352
83354
83356
83358
83359
83360
83361
83364
83365
83366
83369
83371
83372
83374
83375
83376
83378
83380
83382
83383
83384
83385
83386
83387
83389
83390
83391
83392
83393
83395
83396
83397
83399
83400
83403
83404
83406
83407
83408
83410
83411
83412
83413
83415
83419
83421
83422
83426
83429
83430
83431
83432
83433
83434
83435
83436
83437
83438
83440
83441
83442
83445
83446
83448
83450
83452
83453
83454
83458
83460
83463
83464
83465
83468
83469
83470
83471
83475
83477
83483
83485
83486
83489
83491
83493
83497
83500
83501
83503
83504
83506
83507
83509
83510
83511
83514
83515
83516
83518
83519
83520
83524
83525
83526
83530
83533
83537
83538
83540
83542
83543
83544
83548
83550
83551
83552
83556
83559
83560
83561
83563
83565
83568
83571
83572
83573
83575
83580
83581
83583
83584
83585
83586
83587
83588
83590
83591
83593
83595
83596
83598
83601
83602
83603
83605
83606
83609
83610
83611
83613
83616
83617
83618
83619
83621
83623
83625
83629
83632
83634
83635
83637
83638
83639
83642
83643
83644
83646
83650
83652
83654
83655
83656
83657
83659
83661
83664
83665
83666
83669
83670
83672
83673
83677
83678
83680
83685
83688
83690
83692
83693
83694
83697
83698
83699
83700
83701
83702
83703
83704
83707
83708
83710
83711
83712
83715
83716
83719
83723
83725
83727
83729
83730
83731
83732
83733
83734
83735
83739
83741
83742
83743
83745
83746
83747
83748
83749
83750
83751
83754
83755
83756
83762
83765
83766
83767
83769
83770
83771
83773
83774
83775
83776
83777
83780
83781
83782
83783
83784
83789
83791
83794
83795
83798
83799
83800
83801
83802
83805
83806
83807
83810
83812
83813
83814
83815
83817
83820
83821
83823
83824
83825
83826
83827
83828
83829
83830
83831
83832
83834
83835
83836
83837
83838
83839
83840
83842
83849
83850
83851
83853
83854
83856
83857
83860
83861
83864
83866
83867
83871
83874
83877
83878
83880
83882
83884
83885
83886
83889
83891
83893
83895
83896
83900
83901
83903
83905
83906
83907
83908
83909
83910
83911
83912
83914
83917
83918
83923
83925
83927
83928
83929
83930
83935
83936
83941
83943
83945
83946
83947
83948
83949
83950
83953
83954
83955
83957
83958
83959
83960
83961
83962
83968
83970
83971
83972
83973
83975
83976
83978
83980
83981
83982
83983
83984
83985
83986
83992
83993
83995
83996
83998
83999
84002
84006
84007
84008
84010
84011
84012
84016
84017
84018
84022
84023
84024
84025
84026
84029
84033
84034
84041
84042
84043
84044
84045
84047
84048
84050
84053
84054
84057
84059
84061
84065
84066
84067
84068
84069
84070
84072
84074
84077
84078
84079
84080
84081
84082
84084
84088
84089
84091
84093
84096
84097
84098
84104
84105
84106
84107
84109
84110
84111
84112
84113
84115
84116
84118
84120
84121
84122
84124
84127
84128
84130
84131
84134
84135
84136
84137
84138
84139
84140
84141
84142
84143
84144
84148
84150
84151
84152
84154
84155
84156
84157
84158
84161
84162
84163
84164
84165
84167
84169
84171
84172
84174
84175
84178
84179
84183
84184
84186
84188
84189
84194
84195
84196
84197
84199
84201
84203
84205
84206
84208
84209
84213
84214
84215
84216
84217
84218
84219
84220
84221
84222
84224
84225
84228
84229
84232
84233
84235
84238
84239
84242
84248
84249
84251
84252
84255
84256
84258
84260
84262
84263
84264
84265
84266
84268
84269
84270
84271
84273
84275
84276
84277
84278
84279
84281
84283
84284
84288
84289
84292
84295
84297
84298
84300
84301
84302
84303
84304
84305
84306
84307
84308
84309
84310
84311
84313
84315
84316
84317
84319
84320
84321
84322
84323
84325
84326
84329
84333
84335
84338
84340
84341
84342
84344
84345
84346
84347
84348
84349
84350
84351
84353
84354
84357
84358
84359
84361
84362
84363
84366
84367
84369
84370
84371
84374
84375
84376
84378
84379
84380
84383
84385
84387
84388
84390
84392
84393
84394
84396
84398
84399
84401
84404
84405
84406
84407
84408
84409
84410
84412
84413
84414
84415
84416
84418
84419
84420
84421
84422
84423
84424
84425
84426
84427
84430
84431
84432
84433
84434
84439
84440
84442
84444
84445
84446
84447
84448
84450
84451
84452
84453
84454
84458
84459
84460
84461
84465
84466
84471
84472
84474
84475
84477
84478
84479
84482
84484
84485
84486
84487
84488
84489
84490
84491
84492
84493
84495
84497
84498
84502
84503
84504
84506
84508
84510
84512
84514
84516
84517
84519
84520
84521
84522
84523
84524
84525
84526
84527
84528
84530
84534
84535
84536
84537
84540
84541
84543
84545
84546
84547
84548
84549
84550
84551
84552
84553
84557
84558
84561
84562
84563
84565
84566
84568
84569
84570
84574
84575
84576
84578
84579
84581
84582
84583
84585
84589
84590
84594
84597
84598
84599
84600
84601
84602
84605
84607
84608
84610
84611
84612
84615
84617
84618
84621
84622
84623
84625
84626
84627
84628
84629
84633
84634
84636
84637
84638
84641
84642
84643
84644
84645
84646
84648
84649
84650
84652
84656
84657
84658
84663
84664
84666
84667
84669
84670
84671
84672
84676
84678
84679
84680
84682
84683
84684
84685
84686
84687
84688
84689
84690
84691
84692
84693
84695
84696
84697
84698
84700
84704
84705
84707
84708
84709
84710
84712
84714
84718
84719
84720
84721
84722
84724
84725
84726
84727
84729
84732
84733
84734
84736
84738
84739
84740
84742
84744
84746
84747
84750
84751
84752
84753
84754
84755
84756
84758
84760
84762
84764
84765
84767
84768
84770
84772
84773
84774
84775
84776
84779
84780
84782
84783
84784
84785
84786
84787
84788
84792
84793
84794
84795
84797
84801
84802
84806
84808
84810
84811
84812
84813
84814
84816
84817
84818
84819
84821
84822
84823
84826
84827
84828
84829
84830
84831
84833
84835
84837
84838
84841
84842
84844
84845
84846
84849
84850
84851
84854
84855
84857
84859
84860
84861
84862
84863
84865
84866
84867
84869
84870
84871
84872
84873
84876
84878
84879
84882
84883
84885
84886
84888
84890
84891
84892
84893
84895
84896
84897
84898
84899
84902
84904
84906
84907
84910
84912
84915
84918
84919
84920
84921
84922
84923
84924
84925
84926
84927
84930
84931
84932
84933
84934
84936
84939
84940
84941
84942
84944
84947
84949
84951
84955
84958
84959
84960
84961
84963
84965
84966
84967
84969
84971
84972
84974
84975
84978
84980
84981
84985
84986
84988
84991
84993
84995
84996
84997
84999
85002
85004
85006
85010
85011
85013
85016
85017
85019
85020
85023
85025
85027
85030
85031
85032
85033
85034
85035
85036
85039
85041
85043
85044
85045
85047
85048
85049
85050
85051
85053
85054
85056
85057
85060
85061
85062
85063
85065
85067
85069
85071
85073
85076
85077
85078
85079
85082
85085
85086
85087
85090
85091
85094
85095
85096
85099
85100
85101
85102
85103
85104
85105
85106
85107
85110
85112
85113
85116
85117
85120
85121
85122
85123
85125
85126
85128
85129
85130
85131
85132
85133
85136
85137
85140
85142
85143
85146
85149
85150
85151
85152
85157
85158
85159
85160
85162
85163
85164
85166
85167
85168
85169
85170
85171
85172
85173
85174
85176
85177
85178
85181
85183
85184
85185
85187
85189
85190
85191
85192
85193
85194
85195
85196
85197
85199
85203
85204
85205
85207
85208
85209
85210
85212
85213
85214
85217
85220
85222
85223
85225
85226
85229
85230
85234
85235
85236
85239
85240
85242
85243
85246
85248
85250
85251
85255
85258
85260
85264
85265
85267
85270
85271
85272
85273
85277
85278
85279
85280
85281
85282
85287
85288
85289
85290
85291
85293
85294
85297
85298
85299
85300
85302
85303
85304
85308
85309
85313
85314
85315
85318
85319
85321
85324
85325
85326
85328
85329
85330
85333
85334
85336
85338
85341
85343
85344
85348
85349
85351
85355
85356
85360
85361
85362
85364
85365
85366
85367
85368
85371
85373
85374
85375
85381
85383
85384
85385
85386
85388
85389
85392
85393
85399
85401
85403
85405
85406
85407
85410
85412
85413
85415
85417
85418
85419
85420
85421
85424
85427
85428
85431
85434
85435
85436
85437
85438
85439
85440
85441
85444
85445
85447
85448
85449
85450
85451
85452
85454
85458
85460
85462
85464
85465
85466
85469
85470
85471
85472
85473
85475
85476
85477
85478
85479
85480
85481
85482
85484
85486
85487
85488
85489
85491
85492
85493
85494
85498
85499
85503
85504
85505
85507
85512
85513
85515
85516
85517
85519
85520
85521
85522
85523
85524
85526
85531
85532
85533
85534
85535
85537
85538
85539
85540
85541
85542
85543
85544
85545
85547
85548
85549
85552
85554
85555
85558
85559
85560
85561
85562
85564
85565
85568
85569
85570
85572
85573
85576
85577
85578
85579
85581
85582
85585
85588
85589
85590
85591
85594
85596
85597
85598
85600
85601
85602
85604
85605
85607
85608
85609
85610
85611
85612
85614
85616
85617
85620
85621
85623
85627
85630
85632
85633
85634
85635
85636
85637
85638
85639
85641
85643
85648
85649
85652
85653
85654
85655
85659
85660
85662
85665
85666
85667
85668
85670
85671
85673
85676
85678
85680
85681
85683
85684
85685
85687
85688
85689
85690
85692
85693
85694
85696
85697
85700
85701
85703
85704
85706
85713
85715
85716
85721
85724
85725
85726
85727
85729
85731
85733
85735
85737
85738
85739
85740
85741
85743
85744
85745
85747
85748
85749
85750
85753
85754
85758
85759
85760
85761
85762
85763
85764
85765
85767
85770
85772
85775
85776
85777
85783
85784
85785
85786
85789
85790
85793
85794
85796
85797
85799
85800
85801
85802
85803
85804
85805
85807
85809
85810
85811
85812
85817
85818
85819
85820
85822
85824
85827
85828
85829
85831
85833
85834
85835
85836
85838
85841
85842
85843
85844
85845
85847
85853
85854
85856
85857
85858
85860
85862
85863
85865
85870
85872
85873
85877
85878
85881
85882
85883
85885
85887
85888
85889
85892
85893
85895
85896
85897
85900
85902
85903
85904
85905
85906
85907
85908
85910
85911
85913
85914
85916
85917
85920
85921
85922
85924
85928
85929
85930
85931
85932
85933
85934
85935
85936
85938
85944
85945
85947
85949
85951
85953
85954
85955
85957
85958
85959
85960
85962
85963
85964
85965
85968
85972
85973
85976
85978
85980
85982
85985
85988
85992
85993
85994
85995
85996
85998
86000
86002
86003
86004
86012
86014
86016
86017
86018
86019
86022
86024
86026
86027
86028
86030
86031
86032
86033
86034
86038
86041
86042
86043
86044
86045
86046
86048
86050
86051
86055
86056
86059
86060
86061
86064
86065
86066
86069
86071
86072
86073
86074
86075
86076
86077
86080
86082
86083
86085
86086
86087
86088
86089
86092
86094
86095
86096
86098
86100
86102
86104
86105
86106
86108
86110
86112
86114
86115
86116
86119
86120
86121
86123
86124
86125
86129
86130
86132
86133
86134
86135
86136
86137
86138
86140
86142
86143
86144
86145
86146
86148
86150
86152
86155
86157
86158
86160
86162
86163
86164
86171
86173
86175
86177
86178
86181
86182
86183
86185
86186
86187
86191
86192
86193
86194
86196
86197
86199
86202
86204
86205
86206
86207
86209
86210
86213
86214
86216
86217
86219
86220
86221
86224
86225
86226
86229
86230
86232
86233
86234
86235
86236
86239
86240
86242
86243
86245
86246
86247
86248
86249
86250
86253
86255
86257
86258
86259
86260
86261
86264
86266
86267
86268
86269
86271
86274
86276
86279
86280
86282
86283
86285
86286
86289
86290
86291
86292
86293
86294
86295
86298
86299
86300
86301
86302
86305
86312
86314
86315
86316
86317
86321
86322
86324
86329
86330
86331
86332
86334
86338
86341
86343
86345
86347
86348
86350
86351
86353
86356
86357
86360
86361
86363
86364
86365
86367
86368
86369
86371
86373
86374
86376
86379
86381
86384
86385
86387
86388
86391
86393
86396
86399
86400
86403
86404
86407
86408
86409
86411
86412
86416
86417
86419
86420
86421
86423
86431
86433
86436
86440
86441
86443
86445
86446
86447
86450
86453
86454
86458
86459
86461
86464
86465
86466
86469
86470
86471
86472
86474
86475
86476
86477
86478
86479
86480
86481
86483
86486
86488
86489
86490
86491
86492
86493
86496
86498
86500
86504
86507
86509
86511
86513
86514
86515
86516
86518
86519
86520
86521
86522
86524
86526
86527
86528
86530
86532
86534
86535
86536
86540
86541
86542
86543
86545
86546
86552
86553
86554
86556
86560
86561
86564
86565
86566
86567
86568
86569
86572
86573
86574
86575
86576
86577
86583
86584
86585
86588
86589
86592
86593
86594
86596
86600
86601
86602
86605
86607
86608
86610
86611
86612
86616
86619
86620
86622
86624
86625
86628
86629
86630
86631
86632
86634
86636
86637
86639
86642
86643
86644
86645
86646
86649
86650
86651
86652
86653
86654
86655
86656
86657
86659
86660
86662
86663
86664
86665
86666
86667
86668
86669
86670
86672
86673
86675
86679
86680
86682
86683
86685
86686
86689
86690
86691
86694
86698
86700
86701
86702
86704
86705
86706
86707
86709
86710
86711
86713
86719
86720
86721
86723
86724
86725
86726
86727
86728
86729
86730
86731
86732
86733
86736
86737
86738
86739
86740
86743
86745
86746
86748
86749
86750
86751
86753
86754
86755
86756
86757
86759
86760
86761
86762
86763
86764
86765
86766
86768
86770
86771
86773
86775
86777
86779
86780
86781
86784
86785
86786
86787
86788
86789
86790
86792
86793
86795
86796
86797
86798
86801
86802
86803
86804
86805
86807
86808
86809
86810
86812
86814
86815
86816
86817
86820
86821
86822
86823
86825
86826
86830
86831
86832
86833
86835
86836
86839
86840
86842
86843
86844
86847
86849
86850
86851
86852
86854
86855
86858
86859
86863
86864
86865
86866
86867
86868
86869
86871
86873
86877
86878
86881
86882
86883
86884
86887
86889
86891
86894
86896
86897
86900
86901
86903
86904
86906
86908
86909
86910
86911
86912
86915
86918
86919
86920
86922
86923
86924
86925
86928
86931
86932
86934
86937
86938
86939
86941
86943
86945
86946
86947
86950
86953
86955
86956
86957
86959
86963
86964
86965
86966
86968
86969
86970
86973
86977
86979
86981
86982
86983
86986
86987
86988
86989
86991
86993
86995
86998
86999
87000
87003
87004
87005
87007
87008
87009
87010
87012
87015
87016
87018
87023
87024
87025
87027
87028
87029
87030
87031
87032
87037
87038
87039
87040
87042
87045
87047
87050
87051
87052
87054
87055
87057
87059
87061
87062
87064
87067
87069
87070
87071
87074
87076
87080
87081
87082
87084
87085
87087
87088
87089
87090
87092
87093
87094
87097
87099
87100
87103
87109
87110
87111
87112
87113
87114
87115
87116
87117
87118
87120
87121
87123
87124
87126
87127
87128
87133
87141
87142
87143
87144
87145
87149
87150
87153
87154
87155
87156
87162
87163
87164
87165
87166
87167
87168
87170
87171
87172
87174
87181
87182
87183
87185
87186
87187
87190
87191
87192
87193
87194
87195
87196
87199
87200
87201
87203
87205
87207
87209
87213
87214
87216
87218
87219
87220
87222
87223
87224
87226
87227
87237
87238
87239
87240
87242
87243
87249
87250
87251
87252
87257
87258
87259
87260
87262
87263
87264
87265
87266
87267
87268
87270
87272
87274
87275
87278
87279
87281
87283
87286
87288
87289
87291
87293
87294
87295
87296
87297
87298
87299
87300
87301
87302
87303
87305
87307
87309
87310
87311
87312
87313
87314
87316
87318
87319
87320
87321
87324
87326
87327
87329
87330
87332
87333
87334
87337
87340
87342
87343
87344
87345
87346
87347
87348
87350
87352
87354
87355
87356
87357
87358
87360
87363
87365
87366
87368
87369
87370
87371
87374
87375
87377
87378
87379
87380
87386
87390
87391
87392
87393
87394
87395
87396
87397
87398
87399
87400
87401
87403
87404
87406
87407
87409
87412
87415
87417
87419
87420
87421
87424
87427
87428
87429
87430
87431
87432
87434
87437
87438
87440
87441
87442
87443
87446
87447
87448
87449
87453
87455
87456
87457
87458
87459
87460
87464
87465
87466
87470
87471
87475
87476
87477
87478
87479
87480
87482
87483
87484
87485
87487
87489
87490
87492
87494
87496
87497
87499
87500
87501
87502
87503
87505
87507
87509
87510
87511
87512
87515
87519
87520
87521
87522
87523
87524
87526
87528
87531
87533
87538
87540
87541
87542
87543
87545
87546
87547
87548
87550
87551
87552
87553
87555
87556
87557
87558
87559
87560
87561
87562
87563
87564
87565
87566
87567
87570
87572
87574
87575
87579
87580
87581
87582
87584
87585
87587
87589
87590
87591
87593
87594
87596
87597
87598
87599
87600
87602
87604
87605
87607
87610
87611
87612
87614
87615
87619
87621
87622
87623
87624
87625
87626
87627
87628
87629
87630
87631
87632
87634
87635
87636
87638
87639
87642
87643
87644
87645
87646
87651
87652
87653
87655
87658
87661
87662
87663
87665
87666
87667
87671
87672
87673
87674
87678
87680
87681
87682
87684
87685
87686
87687
87692
87693
87695
87698
87701
87704
87705
87706
87708
87712
87713
87716
87718
87719
87720
87721
87723
87724
87728
87729
87730
87731
87735
87736
87737
87738
87740
87741
87746
87747
87748
87749
87752
87755
87756
87760
87761
87763
87764
87765
87767
87769
87770
87774
87775
87777
87778
87779
87780
87782
87783
87784
87785
87786
87788
87789
87791
87793
87795
87799
87800
87801
87802
87804
87805
87807
87810
87814
87816
87818
87819
87820
87822
87823
87824
87825
87826
87830
87832
87834
87836
87837
87838
87840
87841
87842
87848
87852
87853
87854
87855
87856
87857
87858
87861
87863
87864
87865
87866
87867
87868
87873
87874
87875
87876
87877
87878
87882
87883
87884
87885
87886
87887
87888
87892
87895
87896
87897
87899
87901
87904
87905
87906
87909
87910
87911
87913
87914
87915
87918
87920
87922
87924
87926
87929
87931
87933
87934
87935
87937
87940
87942
87943
87944
87945
87946
87947
87950
87951
87952
87953
87954
87957
87961
87963
87965
87966
87967
87969
87972
87973
87975
87977
87978
87980
87982
87983
87984
87985
87986
87989
87990
87991
87992
87993
87996
87997
87998
88000
88002
88003
88004
88006
88007
88010
88011
88014
88015
88017
88018
88019
88021
88023
88024
88027
88028
88029
88030
88031
88032
88033
88034
88035
88037
88039
88041
88042
88044
88045
88046
88047
88048
88049
88050
88051
88053
88058
88059
88060
88062
88063
88064
88065
88066
88068
88069
88070
88072
88073
88075
88076
88077
88078
88080
88081
88083
88086
88087
88088
88090
88094
88096
88097
88099
88102
88103
88104
88106
88108
88109
88110
88111
88112
88117
88119
88120
88121
88122
88126
88127
88129
88130
88132
88133
88134
88135
88139
88140
88141
88143
88144
88145
88146
88147
88148
88149
88150
88152
88153
88154
88156
88158
88159
88160
88161
88163
88164
88165
88166
88167
88172
88174
88177
88178
88179
88183
88184
88185
88188
88190
88192
88194
88197
88198
88201
88206
88207
88208
88209
88210
88212
88213
88215
88216
88218
88220
88224
88226
88227
88231
88232
88234
88237
88240
88242
88243
88244
88245
88246
88247
88248
88251
88254
88255
88257
88260
88264
88266
88268
88269
88270
88271
88272
88273
88276
88279
88282
88284
88285
88287
88288
88291
88292
88294
88295
88297
88298
88299
88302
88303
88304
88305
88306
88309
88310
88311
88312
88313
88314
88315
88316
88318
88319
88322
88323
88324
88325
88326
88327
88328
88329
88330
88332
88333
88335
88338
88339
88340
88342
88343
88344
88346
88347
88348
88349
88350
88353
88354
88356
88357
88358
88360
88363
88367
88368
88369
88370
88371
88372
88374
88375
88376
88377
88379
88381
88383
88385
88386
88387
88388
88391
88393
88395
88398
88400
88401
88402
88403
88404
88406
88407
88409
88410
88411
88413
88414
88416
88418
88423
88424
88426
88430
88431
88432
88433
88434
88436
88437
88438
88442
88445
88447
88448
88450
88453
88455
88458
88462
88464
88465
88466
88469
88472
88473
88474
88475
88477
88478
88482
88483
88485
88488
88489
88491
88492
88494
88495
88496
88497
88498
88499
88500
88501
88502
88505
88507
88508
88510
88511
88512
88513
88514
88515
88517
88518
88519
88520
88521
88522
88523
88524
88526
88527
88528
88529
88531
88533
88534
88535
88537
88538
88539
88541
88542
88543
88546
88547
88548
88549
88550
88552
88553
88554
88556
88557
88560
88564
88565
88568
88569
88570
88572
88573
88574
88575
88576
88577
88580
88581
88583
88584
88585
88587
88588
88590
88591
88594
88595
88596
88597
88599
88600
88603
88604
88605
88606
88607
88609
88610
88612
88614
88615
88616
88617
88618
88619
88620
88622
88625
88626
88628
88629
88631
88632
88634
88636
88637
88643
88644
88647
88650
88651
88652
88653
88654
88656
88661
88663
88665
88666
88667
88669
88670
88672
88674
88676
88677
88678
88679
88681
88682
88683
88687
88689
88691
88692
88693
88694
88695
88698
88699
88702
88704
88706
88707
88708
88709
88710
88712
88714
88716
88717
88719
88721
88722
88723
88725
88728
88729
88730
88735
88736
88738
88739
88741
88742
88743
88744
88745
88747
88748
88750
88752
88753
88754
88755
88758
88761
88762
88764
88766
88767
88768
88770
88771
88775
88777
88778
88780
88781
88783
88784
88785
88789
88790
88791
88792
88793
88795
88796
88798
88799
88800
88801
88802
88803
88805
88806
88808
88810
88811
88812
88813
88814
88816
88817
88818
88821
88822
88824
88825
88826
88827
88828
88829
88830
88835
88839
88840
88841
88842
88843
88844
88847
88849
88853
88854
88855
88856
88858
88859
88860
88861
88864
88867
88868
88870
88872
88874
88877
88880
88881
88885
88886
88887
88888
88893
88894
88896
88897
88898
88899
88900
88901
88902
88904
88905
88906
88908
88909
88910
88911
88912
88913
88916
88918
88919
88924
88927
88928
88930
88931
88932
88934
88935
88936
88937
88938
88940
88941
88942
88943
88944
88945
88949
88950
88951
88955
88956
88958
88960
88961
88962
88963
88964
88965
88966
88967
88968
88969
88970
88972
88974
88975
88976
88977
88978
88979
88982
88983
88985
88986
88987
88989
88994
88996
88999
89000
89001
89004
89006
89007
89009
89011
89012
89013
89014
89016
89018
89023
89024
89026
89027
89029
89032
89034
89035
89037
89038
89040
89041
89044
89045
89046
89048
89049
89051
89052
89056
89058
89059
89060
89062
89063
89064
89065
89068
89073
89074
89079
89080
89081
89082
89084
89085
89087
89088
89090
89091
89095
89096
89097
89099
89100
89103
89104
89105
89107
89111
89112
89113
89114
89115
89116
89117
89119
89123
89124
89126
89132
89133
89134
89135
89137
89138
89142
89144
89146
89148
89149
89150
89151
89152
89156
89157
89159
89161
89163
89164
89165
89166
89167
89168
89170
89171
89174
89175
89176
89178
89180
89181
89182
89186
89187
89191
89193
89195
89199
89200
89201
89202
89204
89207
89208
89211
89212
89213
89216
89217
89218
89222
89223
89224
89226
89227
89228
89229
89230
89232
89233
89236
89237
89238
89240
89242
89243
89245
89246
89247
89249
89250
89251
89253
89256
89257
89258
89259
89261
89266
89267
89268
89269
89270
89271
89272
89274
89275
89276
89277
89278
89279
89280
89281
89282
89283
89284
89286
89287
89288
89289
89290
89292
89293
89294
89295
89296
89298
89299
89300
89301
89303
89307
89309
89311
89312
89313
89314
89316
89317
89318
89319
89320
89321
89323
89324
89327
89330
89331
89332
89334
89335
89337
89338
89340
89343
89345
89347
89348
89349
89350
89351
89354
89357
89358
89359
89362
89363
89364
89365
89366
89368
89369
89372
89374
89377
89378
89382
89383
89384
89385
89386
89387
89389
89390
89391
89392
89393
89394
89395
89396
89405
89407
89408
89410
89411
89412
89413
89414
89415
89416
89417
89419
89420
89422
89423
89426
89428
89429
89431
89432
89436
89441
89442
89443
89446
89447
89449
89450
89452
89453
89456
89457
89458
89460
89462
89463
89466
89469
89472
89474
89476
89477
89478
89481
89482
89483
89484
89485
89486
89488
89491
89492
89493
89495
89496
89497
89498
89499
89500
89501
89502
89506
89508
89509
89510
89513
89514
89515
89516
89518
89523
89525
89527
89529
89533
89535
89536
89537
89538
89539
89541
89542
89544
89545
89546
89547
89548
89549
89553
89554
89555
89558
89562
89564
89566
89567
89570
89571
89572
89573
89574
89575
89576
89577
89578
89579
89581
89582
89583
89584
89585
89586
89587
89588
89591
89592
89593
89595
89596
89597
89599
89600
89602
89603
89604
89606
89608
89612
89613
89616
89618
89621
89622
89623
89625
89626
89627
89628
89632
89634
89635
89636
89637
89640
89642
89645
89646
89647
89649
89650
89652
89654
89655
89656
89657
89658
89661
89663
89666
89667
89668
89670
89671
89673
89675
89678
89679
89680
89682
89683
89684
89685
89690
89693
89694
89695
89697
89698
89700
89702
89703
89704
89705
89707
89708
89709
89710
89711
89714
89718
89719
89720
89721
89722
89724
89726
89727
89728
89729
89730
89731
89734
89736
89739
89740
89741
89742
89743
89744
89746
89753
89754
89755
89759
89761
89762
89764
89768
89770
89771
89775
89777
89778
89780
89781
89782
89784
89786
89787
89788
89789
89790
89794
89795
89802
89804
89806
89807
89808
89811
89813
89815
89817
89819
89820
89822
89823
89825
89826
89827
89828
89829
89831
89833
89838
89839
89842
89843
89844
89845
89846
89847
89848
89850
89851
89853
89854
89856
89858
89859
89860
89861
89863
89864
89865
89866
89867
89869
89870
89871
89877
89878
89879
89882
89889
89891
89892
89894
89895
89896
89897
89898
89900
89907
89909
89914
89916
89917
89918
89919
89920
89921
89922
89923
89924
89925
89926
89929
89933
89936
89939
89941
89942
89944
89946
89948
89949
89950
89951
89952
89953
89955
89958
89959
89960
89961
89962
89963
89964
89965
89966
89968
89970
89971
89972
89973
89974
89975
89978
89979
89980
89981
89982
89983
89986
89987
89988
89991
89992
89995
89997
90000
90001
90002
90003
90004
90005
90006
90007
90009
90012
90014
90016
90018
90019
90020
90021
90023
90025
90027
90029
90030
90031
90034
90036
90037
90038
90039
90041
90042
90044
90045
90046
90047
90048
90051
90052
90053
90055
90058
90059
90060
90061
90062
90066
90067
90069
90070
90072
90073
90076
90078
90079
90080
90081
90082
90085
90087
90088
90090
90091
90092
90093
90094
90095
90096
90098
90100
90103
90108
90110
90112
90113
90115
90116
90117
90118
90119
90120
90124
90125
90128
90129
90130
90134
90137
90140
90141
90142
90143
90144
90145
90146
90147
90149
90150
90152
90153
90154
90155
90157
90159
90161
90162
90164
90166
90167
90168
90171
90172
90176
90181
90182
90183
90186
90187
90188
90189
90191
90193
90196
90200
90202
90204
90207
90209
90210
90211
90213
90215
90217
90218
90221
90222
90227
90228
90229
90230
90232
90233
90236
90237
90238
90240
90241
90244
90245
90247
90248
90251
90252
90255
90258
90259
90260
90261
90264
90265
90266
90270
90272
90273
90275
90276
90278
90280
90281
90282
90283
90284
90285
90286
90287
90289
90294
90295
90296
90297
90301
90302
90303
90304
90305
90308
90316
90317
90319
90324
90325
90328
90329
90330
90331
90333
90336
90338
90339
90341
90343
90344
90345
90346
90347
90349
90350
90351
90355
90356
90357
90358
90362
90363
90364
90366
90367
90368
90369
90370
90371
90373
90376
90377
90378
90379
90381
90382
90383
90386
90390
90392
90393
90395
90397
90399
90401
90403
90405
90406
90407
90412
90413
90418
90420
90421
90422
90423
90424
90427
90429
90430
90431
90432
90433
90434
90436
90437
90438
90439
90440
90443
90444
90445
90447
90448
90449
90450
90456
90457
90460
90461
90462
90463
90464
90465
90468
90469
90471
90472
90473
90477
90479
90480
90482
90483
90485
90486
90490
90491
90492
90493
90495
90497
90498
90503
90504
90506
90507
90508
90509
90510
90511
90514
90515
90516
90517
90518
90519
90520
90521
90522
90523
90524
90528
90529
90531
90532
90535
90536
90538
90539
90542
90545
90546
90548
90550
90551
90553
90554
90556
90557
90558
90559
90561
90562
90563
90564
90570
90571
90577
90581
90582
90584
90586
90588
90590
90592
90593
90594
90595
90596
90597
90598
90600
90604
90610
90611
90613
90615
90619
90622
90623
90625
90626
90627
90628
90629
90630
90632
90633
90635
90636
90637
90640
90641
90644
90645
90648
90649
90650
90653
90656
90658
90660
90661
90663
90664
90665
90666
90668
90670
90672
90676
90679
90681
90682
90683
90684
90685
90686
90689
90690
90691
90693
90694
90695
90698
90700
90702
90704
90705
90706
90707
90708
90709
90710
90713
90714
90715
90716
90718
90719
90721
90722
90723
90724
90728
90729
90730
90731
90732
90733
90736
90737
90738
90739
90740
90745
90747
90748
90749
90751
90752
90753
90755
90757
90758
90759
90761
90763
90764
90768
90770
90772
90773
90777
90778
90779
90782
90783
90785
90786
90787
90789
90790
90793
90794
90796
90798
90799
90801
90805
90806
90807
90808
90809
90810
90811
90812
90813
90814
90817
90819
90820
90821
90825
90829
90833
90834
90836
90839
90840
90842
90843
90844
90846
90847
90848
90849
90851
90853
90855
90856
90857
90858
90859
90860
90861
90862
90864
90866
90868
90869
90870
90872
90874
90875
90876
90877
90878
90880
90881
90884
90886
90887
90890
90891
90892
90893
90894
90895
90896
90898
90900
90902
90903
90904
90905
90906
90907
90910
90912
90913
90914
90917
90919
90920
90924
90925
90927
90929
90930
90931
90932
90933
90934
90935
90936
90938
90940
90941
90944
90945
90946
90948
90949
90950
90954
90956
90957
90959
90961
90962
90963
90964
90965
90973
90975
90976
90977
90984
90985
90987
90989
90991
90992
90993
90994
90995
90997
90999
91000
91001
91002
91004
91006
91008
91009
91011
91012
91013
91014
91015
91017
91018
91019
91020
91021
91023
91024
91025
91029
91040
91042
91045
91047
91048
91050
91052
91054
91056
91057
91058
91059
91061
91062
91064
91066
91067
91069
91071
91073
91076
91080
91082
91085
91087
91088
91089
91092
91093
91094
91096
91098
91101
91103
91104
91105
91106
91107
91108
91110
91111
91112
91115
91116
91117
91118
91120
91121
91122
91123
91125
91126
91128
91129
91130
91131
91133
91136
91138
91140
91141
91143
91147
91148
91149
91150
91153
91155
91156
91159
91160
91162
91163
91166
91170
91171
91172
91174
91176
91179
91181
91182
91184
91185
91186
91188
91189
91190
91191
91193
91195
91197
91198
91199
91201
91203
91204
91206
91207
91209
91210
91213
91214
91215
91217
91218
91219
91221
91223
91225
91226
91228
91229
91234
91235
91237
91238
91240
91241
91242
91244
91245
91250
91254
91256
91257
91258
91264
91265
91269
91270
91271
91275
91276
91277
91280
91281
91283
91285
91286
91287
91289
91290
91294
91296
91298
91299
91302
91305
91307
91308
91309
91312
91313
91315
91317
91322
91324
91326
91327
91328
91330
91334
91335
91336
91338
91340
91341
91343
91345
91346
91348
91349
91350
91351
91352
91353
91354
91355
91356
91357
91359
91360
91363
91364
91365
91366
91373
91378
91379
91382
91384
91386
91387
91388
91394
91395
91397
91398
91399
91400
91401
91404
91405
91407
91409
91410
91411
91412
91414
91415
91416
91417
91418
91419
91421
91424
91434
91435
91437
91443
91445
91446
91450
91451
91453
91457
91459
91460
91461
91465
91466
91467
91468
91469
91470
91472
91473
91475
91478
91479
91480
91489
91492
91493
91495
91497
91498
91504
91505
91508
91512
91513
91514
91515
91516
91517
91518
91519
91521
91522
91526
91527
91529
91532
91533
91534
91536
91538
91539
91540
91541
91542
91544
91545
91548
91551
91554
91556
91557
91559
91562
91564
91565
91566
91567
91568
91572
91576
91577
91582
91585
91586
91587
91590
91591
91594
91596
91599
91603
91604
91605
91606
91607
91611
91612
91616
91617
91618
91619
91621
91622
91623
91628
91630
91632
91633
91636
91637
91638
91640
91642
91643
91644
91645
91648
91650
91651
91652
91653
91655
91657
91658
91660
91661
91662
91663
91664
91665
91666
91667
91669
91670
91671
91672
91673
91674
91677
91678
91679
91682
91683
91684
91685
91686
91687
91689
91691
91694
91695
91696
91698
91699
91700
91702
91703
91704
91707
91708
91709
91710
91711
91712
91713
91716
91718
91720
91721
91723
91724
91726
91727
91728
91729
91730
91731
91732
91733
91734
91736
91737
91738
91739
91741
91742
91743
91747
91748
91752
91754
91756
91758
91759
91760
91761
91762
91764
91765
91767
91770
91771
91772
91773
91775
91776
91777
91781
91784
91785
91786
91788
91789
91790
91791
91792
91794
91796
91797
91798
91799
91804
91805
91806
91807
91811
91812
91813
91818
91819
91820
91824
91825
91826
91827
91828
91829
91830
91831
91832
91834
91837
91838
91842
91843
91844
91845
91846
91847
91849
91851
91852
91853
91856
91858
91859
91860
91863
91864
91865
91866
91868
91869
91872
91875
91876
91878
91882
91886
91887
91888
91890
91899
91900
91904
91906
91908
91909
91912
91914
91915
91916
91923
91927
91929
91930
91931
91932
91933
91935
91936
91940
91941
91942
91943
91945
91946
91947
91948
91950
91951
91953
91954
91955
91956
91957
91958
91960
91961
91962
91963
91964
91965
91966
91967
91969
91970
91971
91973
91975
91977
91980
91981
91982
91983
91984
91985
91986
91987
91988
91989
91990
91992
91994
91995
91997
91998
92003
92004
92006
92008
92011
92012
92013
92014
92015
92017
92019
92022
92025
92026
92027
92028
92029
92030
92031
92033
92035
92036
92037
92040
92041
92042
92046
92047
92048
92049
92050
92051
92053
92054
92055
92056
92061
92062
92063
92064
92065
92066
92067
92069
92070
92072
92075
92076
92079
92080
92082
92084
92085
92086
92088
92090
92092
92093
92094
92095
92096
92097
92100
92102
92104
92105
92107
92108
92109
92111
92113
92116
92117
92121
92122
92123
92124
92126
92127
92131
92132
92133
92135
92138
92139
92140
92141
92143
92145
92148
92149
92151
92152
92153
92154
92155
92156
92157
92159
92160
92161
92162
92163
92165
92166
92168
92170
92176
92177
92178
92179
92180
92181
92182
92183
92184
92185
92186
92187
92188
92189
92191
92192
92195
92196
92197
92200
92201
92202
92203
92204
92208
92209
92214
92215
92216
92217
92218
92223
92224
92225
92228
92230
92231
92232
92234
92236
92237
92238
92239
92240
92242
92243
92245
92250
92252
92253
92255
92259
92261
92264
92268
92269
92270
92273
92274
92275
92277
92278
92280
92282
92283
92285
92289
92290
92291
92293
92296
92300
92302
92306
92309
92311
92312
92313
92314
92317
92318
92319
92320
92321
92322
92324
92325
92326
92327
92328
92329
92330
92331
92332
92336
92337
92338
92339
92341
92342
92343
92345
92346
92350
92351
92352
92353
92354
92355
92359
92361
92364
92367
92369
92370
92371
92374
92375
92379
92380
92386
92388
92391
92392
92393
92394
92398
92399
92401
92405
92406
92407
92410
92411
92412
92413
92414
92415
92416
92417
92423
92424
92425
92426
92428
92429
92431
92432
92433
92435
92436
92437
92438
92442
92443
92444
92445
92447
92448
92449
92452
92455
92458
92460
92461
92462
92465
92467
92468
92469
92471
92472
92474
92475
92476
92477
92478
92489
92492
92494
92496
92498
92500
92501
92502
92503
92505
92506
92507
92508
92509
92510
92511
92512
92513
92515
92516
92520
92521
92522
92524
92526
92527
92528
92530
92533
92534
92536
92537
92538
92539
92540
92542
92544
92546
92547
92548
92555
92558
92560
92561
92563
92565
92566
92567
92568
92569
92570
92572
92573
92575
92577
92579
92581
92583
92584
92586
92589
92590
92591
92600
92601
92605
92606
92607
92608
92610
92614
92615
92617
92618
92620
92621
92622
92623
92624
92625
92626
92627
92628
92629
92631
92632
92633
92634
92636
92637
92638
92639
92641
92642
92643
92645
92646
92647
92648
92650
92652
92654
92656
92657
92659
92660
92661
92666
92667
92668
92669
92670
92673
92675
92677
92678
92679
92680
92681
92682
92684
92685
92689
92690
92692
92693
92696
92699
92703
92705
92706
92707
92709
92710
92711
92712
92713
92715
92717
92718
92719
92721
92722
92724
92726
92727
92729
92730
92733
92734
92735
92741
92742
92743
92746
92747
92748
92749
92750
92751
92754
92755
92758
92759
92760
92761
92766
92768
92769
92770
92771
92772
92773
92774
92776
92777
92784
92786
92788
92789
92790
92792
92794
92795
92796
92798
92799
92801
92802
92803
92804
92806
92808
92809
92810
92812
92814
92816
92817
92818
92819
92822
92823
92824
92826
92828
92832
92833
92834
92835
92836
92837
92838
92839
92840
92841
92842
92846
92847
92850
92851
92852
92855
92857
92858
92859
92860
92862
92863
92864
92865
92867
92869
92873
92875
92876
92877
92880
92882
92885
92887
92888
92889
92890
92896
92897
92898
92900
92901
92903
92904
92905
92908
92910
92911
92913
92914
92915
92918
92920
92922
92923
92925
92927
92929
92930
92933
92935
92938
92941
92942
92945
92946
92949
92950
92956
92959
92960
92962
92963
92964
92965
92967
92968
92972
92973
92975
92976
92978
92980
92981
92983
92984
92985
92986
92988
92990
92991
92992
92994
92995
92996
92997
92998
93003
93004
93005
93006
93008
93009
93010
93011
93012
93013
93015
93017
93018
93019
93020
93021
93022
93023
93026
93028
93034
93036
93037
93040
93041
93042
93043
93044
93046
93047
93049
93051
93052
93055
93057
93059
93062
93063
93069
93070
93071
93072
93073
93074
93075
93076
93077
93080
93081
93084
93085
93086
93088
93089
93091
93092
93093
93094
93099
93100
93101
93102
93103
93104
93106
93107
93109
93110
93111
93112
93113
93114
93115
93119
93121
93122
93123
93125
93127
93128
93129
93130
93131
93132
93133
93134
93135
93136
93137
93138
93140
93141
93142
93143
93148
93151
93154
93156
93158
93159
93160
93162
93163
93165
93166
93167
93168
93170
93178
93179
93181
93182
93183
93186
93187
93188
93189
93192
93194
93197
93202
93204
93207
93208
93209
93210
93211
93212
93213
93214
93216
93217
93218
93220
93222
93223
93224
93225
93226
93228
93230
93232
93234
93236
93238
93241
93245
93246
93247
93248
93249
93250
93252
93253
93255
93257
93258
93259
93263
93264
93265
93270
93271
93273
93274
93275
93276
93278
93281
93283
93284
93285
93286
93287
93288
93289
93290
93291
93294
93295
93296
93299
93300
93301
93302
93303
93304
93306
93307
93309
93310
93311
93312
93313
93314
93316
93320
93321
93322
93323
93324
93325
93326
93327
93331
93333
93334
93335
93338
93339
93340
93343
93344
93345
93347
93348
93349
93350
93351
93352
93353
93354
93355
93356
93357
93358
93359
93361
93362
93363
93366
93370
93371
93372
93376
93377
93378
93379
93380
93381
93382
93386
93388
93389
93391
93392
93393
93396
93398
93399
93401
93402
93403
93405
93406
93407
93408
93409
93410
93412
93415
93416
93417
93418
93421
93422
93424
93425
93426
93429
93431
93436
93437
93439
93440
93442
93443
93444
93446
93447
93448
93450
93451
93452
93454
93456
93457
93458
93462
93464
93465
93468
93469
93470
93472
93475
93476
93478
93479
93480
93481
93485
93486
93488
93489
93490
93492
93493
93494
93499
93500
93502
93504
93505
93508
93509
93511
93513
93514
93515
93516
93519
93520
93521
93522
93523
93524
93525
93526
93528
93531
93532
93534
93537
93542
93543
93547
93548
93555
93556
93558
93559
93560
93561
93562
93564
93566
93567
93574
93575
93576
93578
93579
93580
93581
93583
93585
93587
93588
93589
93590
93591
93594
93596
93600
93601
93604
93606
93609
93610
93612
93616
93617
93618
93619
93622
93623
93624
93625
93626
93627
93628
93629
93630
93633
93634
93635
93636
93640
93641
93642
93643
93644
93646
93647
93648
93649
93650
93652
93653
93654
93657
93658
93662
93663
93665
93667
93668
93669
93674
93675
93676
93678
93679
93683
93684
93686
93688
93689
93692
93693
93694
93695
93697
93698
93700
93702
93703
93704
93706
93707
93708
93713
93714
93715
93717
93718
93719
93722
93723
93724
93726
93728
93729
93730
93735
93736
93738
93740
93741
93743
93744
93746
93747
93749
93750
93751
93754
93755
93757
93758
93760
93761
93762
93763
93764
93767
93769
93770
93772
93773
93775
93776
93778
93779
93782
93784
93785
93792
93793
93794
93796
93797
93798
93799
93800
93801
93804
93805
93806
93809
93810
93811
93814
93816
93818
93819
93820
93823
93825
93826
93827
93828
93830
93831
93833
93835
93837
93838
93839
93841
93842
93844
93845
93847
93848
93849
93850
93851
93852
93855
93856
93857
93859
93864
93865
93867
93869
93871
93872
93873
93877
93879
93880
93882
93884
93885
93886
93887
93888
93889
93890
93891
93892
93893
93899
93900
93901
93902
93905
93907
93911
93912
93914
93915
93916
93918
93919
93921
93922
93923
93926
93927
93928
93933
93934
93935
93940
93941
93942
93943
93944
93945
93946
93947
93948
93949
93950
93952
93956
93957
93959
93960
93961
93962
93965
93966
93969
93970
93974
93980
93981
93982
93984
93985
93986
93988
93989
93990
93991
93992
93993
93994
93996
93997
94002
94006
94008
94010
94011
94012
94013
94014
94019
94022
94023
94024
94025
94027
94028
94029
94030
94031
94033
94037
94039
94043
94044
94045
94046
94048
94049
94051
94052
94053
94054
94055
94056
94057
94060
94061
94062
94065
94066
94067
94069
94072
94073
94074
94077
94078
94080
94081
94083
94084
94085
94087
94088
94089
94092
94093
94094
94097
94101
94103
94104
94105
94106
94107
94108
94109
94111
94112
94113
94115
94117
94118
94119
94120
94121
94122
94123
94125
94126
94127
94129
94130
94135
94136
94137
94139
94140
94143
94144
94145
94146
94148
94149
94153
94154
94157
94158
94159
94164
94165
94166
94172
94175
94176
94178
94180
94181
94182
94183
94185
94186
94189
94190
94191
94193
94194
94197
94200
94204
94205
94208
94210
94211
94213
94215
94216
94218
94220
94221
94222
94223
94226
94227
94230
94231
94232
94233
94234
94236
94237
94239
94240
94241
94242
94243
94246
94248
94249
94250
94252
94256
94257
94258
94259
94260
94262
94263
94265
94266
94267
94268
94272
94274
94275
94277
94279
94280
94282
94283
94284
94285
94286
94288
94289
94294
94297
94298
94299
94300
94301
94303
94304
94306
94307
94308
94310
94312
94313
94314
94318
94319
94320
94322
94325
94327
94328
94329
94332
94338
94339
94343
94345
94348
94349
94350
94354
94355
94356
94358
94359
94360
94362
94363
94364
94365
94368
94369
94370
94373
94375
94376
94378
94379
94380
94381
94382
94384
94387
94390
94391
94392
94394
94395
94396
94397
94398
94399
94400
94401
94402
94403
94405
94406
94407
94408
94409
94411
94412
94413
94414
94417
94418
94419
94420
94422
94423
94424
94426
94428
94432
94434
94435
94436
94437
94438
94439
94441
94443
94444
94445
94446
94447
94448
94450
94451
94452
94453
94455
94457
94459
94460
94461
94463
94464
94465
94468
94470
94474
94475
94476
94477
94479
94480
94482
94484
94485
94487
94491
94494
94496
94497
94500
94502
94504
94506
94508
94509
94510
94513
94515
94516
94517
94521
94522
94523
94530
94531
94532
94534
94535
94539
94540
94541
94542
94544
94545
94546
94548
94550
94551
94552
94553
94554
94556
94558
94559
94560
94561
94562
94563
94564
94565
94566
94568
94569
94570
94571
94572
94574
94576
94578
94579
94580
94582
94583
94586
94587
94589
94590
94592
94595
94596
94599
94600
94601
94602
94603
94608
94609
94612
94613
94614
94615
94617
94618
94619
94620
94621
94622
94623
94624
94627
94629
94630
94632
94633
94634
94636
94637
94638
94639
94640
94641
94643
94646
94647
94648
94651
94652
94653
94656
94657
94658
94659
94661
94662
94664
94667
94671
94672
94674
94675
94677
94678
94679
94680
94683
94684
94685
94686
94687
94688
94689
94690
94692
94695
94696
94697
94698
94699
94701
94704
94705
94708
94710
94712
94713
94719
94720
94722
94723
94725
94726
94727
94728
94729
94731
94732
94733
94734
94735
94736
94738
94739
94740
94741
94742
94743
94744
94745
94746
94747
94749
94750
94752
94753
94754
94755
94758
94759
94760
94761
94765
94769
94770
94771
94772
94773
94774
94775
94777
94780
94781
94783
94784
94785
94787
94789
94790
94793
94795
94796
94800
94801
94802
94803
94805
94809
94810
94811
94812
94815
94818
94820
94822
94825
94826
94829
94832
94834
94835
94837
94838
94839
94842
94843
94844
94845
94846
94847
94849
94852
94855
94857
94858
94860
94862
94863
94864
94865
94866
94867
94868
94870
94871
94873
94874
94875
94876
94877
94878
94879
94880
94882
94884
94885
94887
94888
94892
94893
94895
94896
94898
94899
94900
94901
94904
94906
94908
94909
94911
94914
94916
94921
94922
94928
94929
94933
94934
94935
94936
94939
94940
94941
94942
94943
94945
94946
94948
94950
94951
94952
94953
94954
94956
94957
94958
94959
94962
94964
94967
94968
94976
94977
94979
94980
94981
94982
94983
94984
94985
94988
94989
94990
94991
94992
94993
94994
94995
94997
94999
95000
95002
95004
95005
95006
95007
95009
95010
95012
95014
95015
95016
95017
95020
95021
95022
95023
95024
95026
95027
95033
95034
95035
95037
95039
95040
95042
95043
95045
95046
95049
95050
95053
95054
95055
95056
95057
95058
95060
95063
95064
95066
95068
95071
95073
95074
95075
95077
95078
95080
95081
95083
95084
95085
95088
95089
95090
95091
95092
95095
95096
95097
95098
95100
95101
95103
95104
95105
95108
95110
95114
95115
95116
95117
95118
95119
95120
95121
95122
95123
95126
95128
95130
95133
95134
95136
95138
95139
95141
95142
95143
95145
95147
95150
95151
95152
95153
95155
95156
95158
95160
95162
95163
95164
95165
95166
95168
95170
95173
95175
95178
95180
95181
95183
95185
95188
95190
95191
95192
95193
95195
95197
95198
95199
95200
95201
95203
95204
95205
95209
95210
95211
95212
95215
95216
95217
95218
95219
95220
95221
95222
95223
95225
95227
95228
95229
95230
95231
95234
95235
95238
95239
95240
95241
95243
95244
95245
95252
95253
95255
95256
95259
95261
95262
95263
95266
95267
95268
95269
95272
95273
95275
95278
95280
95282
95283
95285
95287
95288
95289
95290
95291
95292
95294
95296
95298
95299
95300
95301
95302
95304
95305
95306
95311
95312
95315
95317
95320
95324
95325
95327
95328
95329
95330
95331
95332
95333
95334
95336
95337
95339
95341
95343
95345
95346
95347
95350
95352
95354
95356
95357
95358
95359
95360
95362
95364
95366
95368
95369
95370
95373
95374
95375
95376
95377
95378
95380
95381
95382
95383
95385
95387
95388
95389
95393
95394
95395
95396
95397
95398
95399
95400
95401
95402
95403
95404
95405
95407
95408
95411
95412
95413
95414
95415
95418
95420
95421
95422
95423
95426
95427
95429
95431
95432
95434
95436
95437
95438
95439
95440
95442
95444
95445
95446
95447
95448
95450
95451
95452
95453
95454
95456
95461
95462
95463
95465
95467
95469
95471
95475
95476
95479
95480
95481
95482
95483
95485
95486
95489
95491
95492
95493
95494
95495
95498
95499
95501
95502
95506
95507
95508
95509
95510
95511
95512
95513
95514
95518
95520
95521
95522
95524
95525
95528
95529
95530
95531
95535
95536
95537
95538
95540
95541
95542
95543
95544
95545
95546
95547
95548
95549
95552
95553
95554
95555
95557
95559
95562
95563
95564
95566
95567
95568
95571
95574
95576
95577
95578
95579
95581
95582
95584
95585
95587
95590
95591
95592
95593
95594
95596
95598
95602
95604
95605
95606
95607
95608
95609
95610
95611
95612
95613
95614
95615
95616
95618
95619
95620
95623
95624
95625
95626
95630
95632
95633
95634
95636
95637
95640
95641
95642
95645
95646
95647
95649
95652
95654
95659
95660
95661
95664
95666
95668
95670
95672
95677
95681
95682
95686
95688
95689
95690
95694
95695
95696
95697
95699
95700
95702
95704
95705
95706
95707
95708
95709
95710
95711
95719
95720
95721
95722
95724
95726
95727
95728
95729
95731
95732
95733
95737
95738
95739
95740
95741
95743
95744
95745
95747
95750
95752
95755
95757
95758
95759
95760
95761
95762
95763
95766
95767
95769
95770
95772
95773
95778
95779
95781
95782
95783
95785
95786
95787
95788
95789
95790
95792
95793
95798
95799
95804
95806
95807
95808
95810
95817
95818
95821
95822
95824
95825
95826
95828
95829
95830
95832
95833
95834
95835
95839
95840
95844
95847
95848
95849
95850
95853
95854
95855
95859
95860
95862
95863
95865
95868
95870
95875
95876
95877
95878
95879
95881
95883
95885
95887
95888
95889
95891
95892
95893
95894
95895
95896
95897
95898
95900
95901
95904
95906
95907
95908
95910
95911
95912
95913
95915
95916
95917
95918
95919
95925
95926
95927
95928
95930
95931
95932
95934
95935
95936
95937
95938
95939
95940
95941
95942
95945
95946
95951
95954
95956
95957
95958
95959
95960
95961
95962
95963
95965
95967
95969
95970
95971
95972
95975
95977
95978
95979
95981
95983
95989
95990
95991
95992
95993
95995
95997
95998
95999
96001
96002
96006
96007
96009
96013
96015
96019
96020
96021
96022
96023
96026
96028
96030
96031
96032
96034
96035
96039
96040
96043
96045
96046
96047
96049
96050
96051
96052
96057
96058
96059
96060
96062
96063
96066
96068
96071
96075
96076
96077
96078
96079
96080
96082
96083
96084
96085
96086
96088
96091
96093
96095
96096
96097
96098
96099
96101
96104
96107
96109
96112
96113
96120
96121
96124
96125
96127
96129
96130
96131
96132
96133
96136
96137
96140
96141
96143
96147
96148
96151
96152
96153
96154
96156
96157
96160
96163
96164
96165
96166
96167
96168
96169
96170
96172
96177
96180
96181
96182
96183
96184
96185
96187
96190
96191
96193
96194
96197
96199
96200
96201
96202
96205
96206
96208
96209
96210
96211
96212
96215
96216
96217
96218
96219
96221
96222
96223
96226
96227
96229
96233
96234
96236
96238
96239
96240
96241
96243
96244
96246
96249
96250
96252
96253
96254
96257
96258
96261
96262
96263
96264
96267
96269
96271
96272
96273
96276
96278
96279
96281
96283
96285
96290
96291
96293
96294
96295
96299
96300
96301
96303
96305
96307
96309
96310
96312
96313
96314
96315
96321
96322
96324
96325
96326
96327
96328
96330
96331
96334
96335
96337
96338
96340
96341
96342
96343
96344
96345
96346
96347
96348
96350
96352
96353
96354
96356
96357
96358
96359
96360
96364
96365
96367
96369
96371
96372
96375
96376
96378
96380
96381
96383
96386
96388
96389
96391
96395
96398
96399
96400
96401
96402
96403
96404
96405
96406
96408
96409
96410
96411
96413
96414
96415
96416
96417
96419
96420
96422
96426
96427
96429
96430
96431
96433
96437
96438
96439
96440
96443
96444
96446
96447
96448
96449
96450
96451
96453
96457
96458
96460
96463
96464
96467
96468
96471
96472
96474
96475
96476
96479
96480
96481
96482
96483
96484
96485
96488
96490
96491
96494
96495
96498
96499
96502
96504
96505
96506
96509
96510
96511
96512
96513
96514
96515
96516
96518
96520
96521
96523
96524
96525
96526
96527
96528
96530
96532
96534
96535
96536
96537
96538
96539
96541
96542
96544
96548
96549
96550
96554
96555
96556
96560
96561
96562
96563
96564
96565
96567
96568
96569
96571
96572
96575
96576
96577
96578
96581
96582
96583
96584
96586
96587
96588
96590
96592
96593
96594
96596
96597
96598
96600
96601
96602
96605
96606
96607
96608
96609
96610
96611
96614
96616
96619
96622
96623
96625
96626
96628
96629
96630
96632
96633
96636
96637
96641
96642
96643
96644
96645
96646
96647
96648
96651
96652
96654
96656
96658
96660
96661
96664
96665
96668
96670
96671
96672
96674
96677
96679
96680
96681
96682
96684
96685
96686
96690
96691
96695
96696
96698
96699
96700
96702
96703
96704
96705
96707
96708
96709
96711
96712
96713
96715
96717
96718
96719
96720
96722
96723
96725
96726
96727
96728
96730
96731
96732
96733
96734
96738
96739
96741
96745
96746
96747
96751
96752
96753
96756
96757
96758
96760
96761
96762
96764
96765
96766
96767
96771
96773
96774
96775
96776
96777
96778
96781
96782
96785
96788
96789
96790
96791
96792
96793
96794
96797
96799
96800
96801
96804
96805
96806
96807
96808
96809
96811
96813
96814
96816
96817
96819
96820
96821
96827
96829
96830
96832
96834
96835
96838
96839
96841
96842
96843
96844
96845
96846
96848
96849
96850
96853
96854
96855
96858
96860
96863
96866
96867
96869
96870
96872
96873
96874
96876
96878
96879
96880
96881
96883
96884
96885
96889
96890
96891
96892
96893
96895
96896
96898
96901
96902
96903
96904
96905
96907
96908
96910
96911
96912
96913
96915
96916
96917
96918
96919
96924
96925
96927
96928
96929
96930
96931
96932
96933
96934
96937
96938
96939
96940
96944
96945
96947
96949
96950
96951
96953
96955
96956
96957
96958
96960
96963
96964
96965
96966
96969
96970
96971
96972
96973
96975
96976
96977
96978
96979
96980
96981
96982
96985
96989
96991
96992
96994
96995
96998
96999
97000
97001
97002
97004
97005
97006
97007
97008
97009
97011
97012
97014
97015
97019
97022
97023
97024
97025
97026
97028
97029
97030
97031
97032
97033
97034
97035
97036
97037
97038
97040
97041
97042
97045
97047
97049
97053
97054
97055
97057
97058
97060
97061
97064
97066
97067
97068
97069
97071
97074
97075
97079
97080
97083
97084
97085
97086
97087
97088
97089
97090
97091
97092
97093
97094
97095
97100
97102
97104
97106
97107
97109
97110
97111
97112
97113
97114
97116
97118
97120
97121
97122
97124
97126
97128
97130
97133
97136
97137
97138
97139
97142
97143
97144
97145
97148
97151
97152
97153
97154
97155
97156
97157
97158
97161
97162
97163
97165
97167
97169
97170
97172
97173
97174
97176
97177
97179
97183
97184
97185
97186
97189
97191
97193
97196
97198
97199
97200
97203
97204
97205
97206
97208
97209
97210
97211
97213
97214
97218
97219
97220
97223
97224
97225
97226
97227
97229
97230
97231
97233
97235
97236
97239
97240
97243
97244
97245
97246
97248
97250
97252
97253
97254
97255
97256
97257
97260
97261
97262
97264
97265
97268
97269
97270
97274
97276
97277
97278
97279
97281
97283
97284
97287
97290
97291
97292
97293
97295
97296
97299
97301
97302
97303
97305
97307
97310
97311
97312
97313
97314
97315
97316
97317
97318
97320
97323
97324
97325
97326
97327
97328
97331
97332
97334
97335
97337
97338
97339
97341
97342
97343
97344
97351
97353
97354
97355
97359
97362
97363
97366
97369
97370
97372
97373
97374
97375
97377
97379
97380
97386
97387
97389
97393
97395
97397
97400
97401
97402
97404
97405
97406
97407
97408
97409
97411
97412
97414
97416
97417
97418
97419
97424
97426
97428
97429
97433
97435
97436
97437
97442
97446
97447
97448
97450
97452
97453
97455
97456
97458
97461
97462
97464
97466
97467
97468
97470
97473
97474
97475
97477
97478
97479
97480
97482
97483
97484
97486
97488
97489
97490
97491
97492
97494
97495
97498
97499
97500
97503
97507
97508
97510
97511
97513
97515
97518
97519
97521
97522
97528
97529
97530
97531
97532
97533
97534
97536
97537
97538
97543
97544
97545
97546
97547
97549
97550
97551
97553
97554
97557
97558
97560
97561
97564
97566
97567
97569
97570
97571
97572
97574
97578
97579
97580
97581
97583
97584
97585
97587
97589
97590
97591
97592
97593
97594
97597
97598
97600
97603
97604
97605
97607
97608
97610
97612
97615
97617
97618
97620
97626
97628
97629
97630
97631
97633
97635
97636
97637
97638
97639
97640
97641
97642
97643
97644
97645
97647
97649
97651
97653
97655
97661
97662
97663
97665
97666
97667
97668
97669
97670
97671
97672
97673
97677
97678
97679
97680
97681
97682
97683
97684
97685
97686
97687
97688
97689
97690
97691
97693
97694
97695
97698
97699
97700
97703
97704
97705
97708
97709
97710
97711
97712
97716
97717
97719
97720
97721
97722
97723
97724
97725
97726
97727
97729
97730
97732
97733
97735
97736
97738
97740
97742
97743
97747
97748
97751
97752
97753
97754
97755
97756
97757
97759
97764
97765
97766
97767
97769
97771
97772
97774
97775
97776
97778
97779
97782
97783
97784
97785
97787
97789
97791
97793
97797
97798
97801
97802
97804
97805
97807
97808
97809
97810
97811
97812
97813
97816
97817
97818
97821
97822
97824
97825
97827
97829
97832
97833
97834
97836
97837
97838
97839
97842
97844
97845
97846
97847
97848
97849
97852
97854
97855
97856
97857
97858
97859
97860
97861
97862
97864
97867
97868
97869
97870
97875
97877
97878
97879
97881
97882
97884
97889
97890
97893
97894
97896
97897
97898
97899
97900
97903
97904
97907
97909
97910
97911
97914
97919
97920
97921
97922
97923
97925
97926
97927
97928
97929
97932
97934
97935
97936
97938
97941
97942
97943
97944
97945
97947
97948
97950
97952
97953
97955
97956
97958
97961
97963
97964
97965
97967
97969
97970
97972
97973
97974
97975
97976
97977
97980
97981
97982
97983
97984
97985
97986
97987
97991
97992
97995
97996
97998
97999
98000
98001
98004
98005
98006
98012
98014
98015
98016
98019
98020
98022
98025
98026
98027
98030
98032
98033
98035
98036
98037
98039
98040
98045
98050
98053
98054
98055
98056
98059
98060
98062
98063
98066
98067
98068
98069
98070
98072
98073
98074
98076
98078
98079
98081
98087
98088
98095
98099
98100
98101
98102
98107
98108
98112
98113
98114
98115
98119
98121
98124
98125
98126
98129
98130
98131
98132
98133
98134
98135
98140
98141
98142
98143
98144
98145
98147
98148
98149
98150
98151
98152
98153
98157
98158
98163
98164
98165
98166
98167
98168
98170
98171
98172
98176
98177
98178
98179
98180
98182
98183
98185
98186
98188
98189
98190
98192
98194
98197
98198
98199
98200
98201
98202
98204
98206
98207
98209
98210
98211
98212
98213
98214
98215
98216
98217
98218
98219
98221
98222
98223
98224
98225
98226
98229
98231
98232
98236
98238
98240
98241
98242
98245
98251
98252
98254
98256
98259
98260
98261
98264
98266
98268
98269
98270
98271
98273
98274
98278
98281
98282
98283
98286
98287
98290
98291
98292
98294
98295
98296
98297
98298
98300
98301
98302
98305
98312
98314
98315
98316
98317
98319
98320
98322
98323
98326
98327
98330
98333
98334
98335
98338
98339
98342
98344
98348
98351
98353
98355
98356
98357
98359
98361
98362
98365
98366
98367
98368
98370
98373
98378
98379
98380
98381
98382
98384
98386
98387
98388
98389
98390
98393
98398
98399
98400
98402
98403
98406
98407
98408
98410
98411
98412
98415
98416
98419
98420
98422
98423
98424
98425
98426
98427
98428
98430
98431
98432
98436
98437
98438
98439
98440
98441
98443
98444
98446
98447
98449
98451
98452
98453
98455
98456
98457
98458
98459
98462
98463
98464
98466
98471
98472
98473
98474
98475
98477
98478
98479
98480
98481
98482
98483
98484
98485
98487
98488
98491
98492
98494
98495
98498
98499
98500
98501
98502
98503
98505
98506
98508
98509
98510
98511
98512
98513
98516
98518
98520
98521
98522
98523
98524
98525
98528
98529
98533
98537
98539
98540
98541
98542
98544
98545
98548
98549
98550
98551
98553
98554
98557
98559
98560
98565
98568
98575
98576
98578
98580
98581
98582
98583
98584
98585
98587
98588
98589
98590
98591
98592
98593
98594
98595
98597
98601
98605
98609
98613
98615
98618
98619
98621
98622
98625
98628
98629
98630
98631
98632
98633
98635
98636
98637
98638
98639
98640
98641
98642
98643
98644
98645
98646
98649
98651
98652
98653
98655
98657
98662
98663
98664
98667
98668
98669
98672
98673
98674
98675
98681
98683
98684
98685
98686
98688
98692
98693
98695
98696
98698
98702
98703
98705
98707
98708
98710
98711
98713
98715
98720
98721
98722
98724
98725
98726
98727
98728
98729
98731
98733
98734
98735
98736
98739
98740
98741
98742
98745
98746
98748
98749
98750
98752
98753
98754
98755
98756
98759
98761
98762
98765
98766
98767
98768
98769
98772
98775
98777
98778
98779
98780
98783
98784
98786
98787
98788
98790
98791
98796
98797
98799
98801
98803
98804
98805
98806
98807
98808
98813
98817
98818
98820
98821
98823
98824
98825
98827
98829
98831
98832
98834
98835
98838
98839
98840
98841
98842
98843
98844
98846
98850
98851
98852
98853
98854
98856
98857
98859
98860
98861
98863
98864
98866
98867
98868
98870
98871
98872
98875
98878
98880
98881
98882
98883
98884
98888
98889
98892
98893
98895
98896
98897
98900
98902
98903
98905
98906
98908
98910
98911
98912
98913
98914
98915
98916
98917
98919
98921
98922
98925
98926
98927
98928
98930
98931
98933
98934
98935
98936
98941
98943
98944
98945
98947
98948
98949
98951
98952
98953
98954
98956
98958
98959
98961
98962
98964
98965
98966
98968
98969
98972
98973
98975
98977
98978
98980
98981
98982
98983
98984
98985
98987
98989
98991
98992
98994
98995
98996
98997
98998
98999
99000
99002
99003
99006
99008
99011
99012
99013
99015
99017
99018
99019
99020
99021
99022
99023
99027
99028
99029
99030
99031
99032
99035
99036
99037
99038
99042
99043
99044
99051
99052
99053
99054
99056
99058
99060
99061
99062
99064
99067
99068
99070
99073
99074
99077
99078
99079
99081
99084
99086
99087
99089
99090
99091
99093
99094
99096
99097
99098
99099
99100
99101
99105
99106
99108
99110
99113
99114
99115
99117
99118
99121
99122
99123
99124
99126
99127
99128
99129
99130
99131
99132
99133
99136
99137
99138
99139
99140
99141
99142
99144
99146
99147
99148
99150
99151
99154
99157
99158
99159
99160
99161
99163
99164
99165
99167
99168
99169
99170
99171
99172
99173
99175
99176
99178
99182
99184
99185
99187
99188
99189
99191
99192
99193
99194
99195
99196
99197
99199
99200
99205
99207
99208
99209
99210
99213
99214
99217
99219
99220
99221
99223
99226
99227
99228
99230
99231
99234
99235
99238
99239
99242
99245
99246
99247
99248
99251
99252
99255
99257
99259
99260
99261
99262
99263
99265
99267
99269
99270
99272
99274
99275
99276
99278
99279
99281
99282
99283
99284
99287
99289
99291
99293
99294
99296
99297
99299
99300
99301
99302
99304
99305
99308
99309
99313
99314
99315
99316
99318
99320
99322
99323
99326
99327
99330
99332
99333
99335
99336
99340
99341
99344
99345
99346
99347
99348
99350
99351
99354
99359
99360
99361
99363
99364
99366
99367
99368
99369
99374
99375
99380
99383
99384
99385
99386
99388
99390
99391
99393
99395
99396
99397
99398
99399
99400
99402
99403
99405
99406
99408
99411
99412
99414
99416
99418
99420
99421
99422
99424
99425
99429
99430
99432
99433
99434
99435
99437
99441
99442
99443
99445
99446
99447
99448
99449
99450
99451
99452
99455
99456
99457
99458
99459
99460
99461
99462
99464
99467
99468
99469
99470
99471
99472
99474
99475
99478
99481
99483
99486
99487
99488
99489
99491
99493
99494
99496
99497
99499
99502
99505
99506
99507
99508
99509
99511
99513
99514
99516
99517
99519
99520
99521
99524
99525
99526
99528
99529
99531
99532
99533
99535
99538
99539
99540
99541
99542
99546
99547
99549
99551
99552
99553
99554
99555
99556
99560
99561
99562
99563
99565
99567
99570
99571
99574
99575
99576
99577
99579
99580
99581
99582
99583
99584
99585
99586
99587
99588
99589
99590
99593
99594
99595
99597
99598
99600
99601
99603
99604
99605
99606
99609
99610
99611
99613
99614
99615
99618
99619
99620
99621
99622
99623
99626
99628
99631
99632
99636
99637
99638
99639
99640
99643
99644
99645
99646
99647
99649
99650
99651
99653
99654
99655
99656
99657
99658
99659
99660
99661
99662
99663
99666
99670
99672
99673
99674
99675
99676
99679
99681
99683
99684
99685
99687
99688
99689
99691
99692
99693
99694
99695
99699
99701
99705
99706
99707
99708
99710
99712
99713
99716
99718
99719
99720
99721
99722
99727
99728
99730
99732
99733
99734
99736
99737
99738
99739
99741
99742
99745
99746
99748
99750
99751
99753
99754
99757
99759
99763
99764
99765
99766
99768
99772
99775
99776
99778
99782
99784
99785
99786
99788
99789
99791
99792
99796
99797
99798
99799
99800
99802
99803
99807
99809
99810
99812
99814
99815
99816
99818
99820
99821
99822
99823
99824
99825
99826
99828
99832
99833
99834
99835
99836
99837
99838
99841
99842
99846
99847
99848
99851
99853
99854
99856
99857
99859
99862
99864
99869
99870
99872
99873
99874
99875
99876
99878
99881
99883
99886
99887
99890
99891
99892
99895
99897
99898
99899
99900
99903
99908
99912
99913
99915
99918
99922
99923
99924
99926
99927
99928
99931
99935
99938
99939
99940
99941
99942
99946
99949
99950
99952
99958
99959
99961
99962
99963
99966
99967
99968
99969
99970
99973
99975
99976
99977
99979
99980
99981
99982
99983
99986
99987
99988
99989
99990
99991
99992
99993
99994
99995
99997
99998
99999
