  0%|          | 0/9601 [00:00<?, ?it/s]ActionGenome/tools/dump_frames.py:46: RuntimeWarning: Frame directory /home/axa230262/scratch/STTran/action_genome/frames/001YG.mp4 already exists. Skipping dumping into this directory.
  RuntimeWarning)
ActionGenome/tools/dump_frames.py:46: RuntimeWarning: Frame directory /home/axa230262/scratch/STTran/action_genome/frames/004QE.mp4 already exists. Skipping dumping into this directory.
  RuntimeWarning)
ActionGenome/tools/dump_frames.py:46: RuntimeWarning: Frame directory /home/axa230262/scratch/STTran/action_genome/frames/00607.mp4 already exists. Skipping dumping into this directory.
  RuntimeWarning)
ActionGenome/tools/dump_frames.py:46: RuntimeWarning: Frame directory /home/axa230262/scratch/STTran/action_genome/frames/00HFP.mp4 already exists. Skipping dumping into this directory.
  RuntimeWarning)
ActionGenome/tools/dump_frames.py:46: RuntimeWarning: Frame directory /home/axa230262/scratch/STTran/action_genome/frames/00MFE.mp4 already exists. Skipping dumping into this directory.
  RuntimeWarning)
ActionGenome/tools/dump_frames.py:46: RuntimeWarning: Frame directory /home/axa230262/scratch/STTran/action_genome/frames/00N38.mp4 already exists. Skipping dumping into this directory.
  RuntimeWarning)
ActionGenome/tools/dump_frames.py:46: RuntimeWarning: Frame directory /home/axa230262/scratch/STTran/action_genome/frames/00NN7.mp4 already exists. Skipping dumping into this directory.
  RuntimeWarning)
ActionGenome/tools/dump_frames.py:46: RuntimeWarning: Frame directory /home/axa230262/scratch/STTran/action_genome/frames/00T1E.mp4 already exists. Skipping dumping into this directory.
  RuntimeWarning)
ActionGenome/tools/dump_frames.py:46: RuntimeWarning: Frame directory /home/axa230262/scratch/STTran/action_genome/frames/00T4B.mp4 already exists. Skipping dumping into this directory.
  RuntimeWarning)
ActionGenome/tools/dump_frames.py:46: RuntimeWarning: Frame directory /home/axa230262/scratch/STTran/action_genome/frames/00X3U.mp4 already exists. Skipping dumping into this directory.
  RuntimeWarning)
ActionGenome/tools/dump_frames.py:46: RuntimeWarning: Frame directory /home/axa230262/scratch/STTran/action_genome/frames/00YZL.mp4 already exists. Skipping dumping into this directory.
  RuntimeWarning)
ActionGenome/tools/dump_frames.py:46: RuntimeWarning: Frame directory /home/axa230262/scratch/STTran/action_genome/frames/00ZCA.mp4 already exists. Skipping dumping into this directory.
  RuntimeWarning)
ActionGenome/tools/dump_frames.py:46: RuntimeWarning: Frame directory /home/axa230262/scratch/STTran/action_genome/frames/013SD.mp4 already exists. Skipping dumping into this directory.
  RuntimeWarning)
ActionGenome/tools/dump_frames.py:46: RuntimeWarning: Frame directory /home/axa230262/scratch/STTran/action_genome/frames/015XE.mp4 already exists. Skipping dumping into this directory.
  RuntimeWarning)
ActionGenome/tools/dump_frames.py:46: RuntimeWarning: Frame directory /home/axa230262/scratch/STTran/action_genome/frames/01K8X.mp4 already exists. Skipping dumping into this directory.
  RuntimeWarning)
ActionGenome/tools/dump_frames.py:46: RuntimeWarning: Frame directory /home/axa230262/scratch/STTran/action_genome/frames/01KM1.mp4 already exists. Skipping dumping into this directory.
  RuntimeWarning)
ActionGenome/tools/dump_frames.py:46: RuntimeWarning: Frame directory /home/axa230262/scratch/STTran/action_genome/frames/01KML.mp4 already exists. Skipping dumping into this directory.
  RuntimeWarning)
ActionGenome/tools/dump_frames.py:46: RuntimeWarning: Frame directory /home/axa230262/scratch/STTran/action_genome/frames/01O27.mp4 already exists. Skipping dumping into this directory.
  RuntimeWarning)
ActionGenome/tools/dump_frames.py:46: RuntimeWarning: Frame directory /home/axa230262/scratch/STTran/action_genome/frames/01THT.mp4 already exists. Skipping dumping into this directory.
  RuntimeWarning)
ActionGenome/tools/dump_frames.py:46: RuntimeWarning: Frame directory /home/axa230262/scratch/STTran/action_genome/frames/01ZWG.mp4 already exists. Skipping dumping into this directory.
  RuntimeWarning)
ActionGenome/tools/dump_frames.py:46: RuntimeWarning: Frame directory /home/axa230262/scratch/STTran/action_genome/frames/024PD.mp4 already exists. Skipping dumping into this directory.
  RuntimeWarning)
ActionGenome/tools/dump_frames.py:46: RuntimeWarning: Frame directory /home/axa230262/scratch/STTran/action_genome/frames/028CE.mp4 already exists. Skipping dumping into this directory.
  RuntimeWarning)
ActionGenome/tools/dump_frames.py:46: RuntimeWarning: Frame directory /home/axa230262/scratch/STTran/action_genome/frames/02CYP.mp4 already exists. Skipping dumping into this directory.
  RuntimeWarning)
ActionGenome/tools/dump_frames.py:46: RuntimeWarning: Frame directory /home/axa230262/scratch/STTran/action_genome/frames/02DPI.mp4 already exists. Skipping dumping into this directory.
  RuntimeWarning)
ActionGenome/tools/dump_frames.py:46: RuntimeWarning: Frame directory /home/axa230262/scratch/STTran/action_genome/frames/02GMI.mp4 already exists. Skipping dumping into this directory.
  RuntimeWarning)
ActionGenome/tools/dump_frames.py:46: RuntimeWarning: Frame directory /home/axa230262/scratch/STTran/action_genome/frames/02SK4.mp4 already exists. Skipping dumping into this directory.
  RuntimeWarning)
ActionGenome/tools/dump_frames.py:46: RuntimeWarning: Frame directory /home/axa230262/scratch/STTran/action_genome/frames/02SKC.mp4 already exists. Skipping dumping into this directory.
  RuntimeWarning)
ActionGenome/tools/dump_frames.py:46: RuntimeWarning: Frame directory /home/axa230262/scratch/STTran/action_genome/frames/02V54.mp4 already exists. Skipping dumping into this directory.
  RuntimeWarning)
ActionGenome/tools/dump_frames.py:46: RuntimeWarning: Frame directory /home/axa230262/scratch/STTran/action_genome/frames/02XLP.mp4 already exists. Skipping dumping into this directory.
  RuntimeWarning)
ActionGenome/tools/dump_frames.py:46: RuntimeWarning: Frame directory /home/axa230262/scratch/STTran/action_genome/frames/038WZ.mp4 already exists. Skipping dumping into this directory.
  RuntimeWarning)
ActionGenome/tools/dump_frames.py:46: RuntimeWarning: Frame directory /home/axa230262/scratch/STTran/action_genome/frames/03AA8.mp4 already exists. Skipping dumping into this directory.
  RuntimeWarning)
ActionGenome/tools/dump_frames.py:46: RuntimeWarning: Frame directory /home/axa230262/scratch/STTran/action_genome/frames/03D66.mp4 already exists. Skipping dumping into this directory.
  RuntimeWarning)
ActionGenome/tools/dump_frames.py:46: RuntimeWarning: Frame directory /home/axa230262/scratch/STTran/action_genome/frames/03EW0.mp4 already exists. Skipping dumping into this directory.
  RuntimeWarning)
ActionGenome/tools/dump_frames.py:46: RuntimeWarning: Frame directory /home/axa230262/scratch/STTran/action_genome/frames/03M0K.mp4 already exists. Skipping dumping into this directory.
  RuntimeWarning)
ActionGenome/tools/dump_frames.py:46: RuntimeWarning: Frame directory /home/axa230262/scratch/STTran/action_genome/frames/03OQS.mp4 already exists. Skipping dumping into this directory.
  RuntimeWarning)
ActionGenome/tools/dump_frames.py:46: RuntimeWarning: Frame directory /home/axa230262/scratch/STTran/action_genome/frames/03PRW.mp4 already exists. Skipping dumping into this directory.
  RuntimeWarning)
ActionGenome/tools/dump_frames.py:46: RuntimeWarning: Frame directory /home/axa230262/scratch/STTran/action_genome/frames/03TL7.mp4 already exists. Skipping dumping into this directory.
  RuntimeWarning)
ActionGenome/tools/dump_frames.py:46: RuntimeWarning: Frame directory /home/axa230262/scratch/STTran/action_genome/frames/03XSP.mp4 already exists. Skipping dumping into this directory.
  RuntimeWarning)
ActionGenome/tools/dump_frames.py:46: RuntimeWarning: Frame directory /home/axa230262/scratch/STTran/action_genome/frames/04LAX.mp4 already exists. Skipping dumping into this directory.
  RuntimeWarning)
ActionGenome/tools/dump_frames.py:46: RuntimeWarning: Frame directory /home/axa230262/scratch/STTran/action_genome/frames/04MTP.mp4 already exists. Skipping dumping into this directory.
  RuntimeWarning)
ActionGenome/tools/dump_frames.py:46: RuntimeWarning: Frame directory /home/axa230262/scratch/STTran/action_genome/frames/05124.mp4 already exists. Skipping dumping into this directory.
  RuntimeWarning)
ActionGenome/tools/dump_frames.py:46: RuntimeWarning: Frame directory /home/axa230262/scratch/STTran/action_genome/frames/05GIA.mp4 already exists. Skipping dumping into this directory.
  RuntimeWarning)
ActionGenome/tools/dump_frames.py:46: RuntimeWarning: Frame directory /home/axa230262/scratch/STTran/action_genome/frames/05WY6.mp4 already exists. Skipping dumping into this directory.
  RuntimeWarning)
ActionGenome/tools/dump_frames.py:46: RuntimeWarning: Frame directory /home/axa230262/scratch/STTran/action_genome/frames/05ZNF.mp4 already exists. Skipping dumping into this directory.
  RuntimeWarning)
ActionGenome/tools/dump_frames.py:46: RuntimeWarning: Frame directory /home/axa230262/scratch/STTran/action_genome/frames/069GJ.mp4 already exists. Skipping dumping into this directory.
  RuntimeWarning)
ActionGenome/tools/dump_frames.py:46: RuntimeWarning: Frame directory /home/axa230262/scratch/STTran/action_genome/frames/06CKN.mp4 already exists. Skipping dumping into this directory.
  RuntimeWarning)
ActionGenome/tools/dump_frames.py:46: RuntimeWarning: Frame directory /home/axa230262/scratch/STTran/action_genome/frames/06EDS.mp4 already exists. Skipping dumping into this directory.
  RuntimeWarning)
ActionGenome/tools/dump_frames.py:46: RuntimeWarning: Frame directory /home/axa230262/scratch/STTran/action_genome/frames/06II2.mp4 already exists. Skipping dumping into this directory.
  RuntimeWarning)
ActionGenome/tools/dump_frames.py:46: RuntimeWarning: Frame directory /home/axa230262/scratch/STTran/action_genome/frames/06L9P.mp4 already exists. Skipping dumping into this directory.
  RuntimeWarning)
ActionGenome/tools/dump_frames.py:46: RuntimeWarning: Frame directory /home/axa230262/scratch/STTran/action_genome/frames/06LBQ.mp4 already exists. Skipping dumping into this directory.
  RuntimeWarning)
ActionGenome/tools/dump_frames.py:46: RuntimeWarning: Frame directory /home/axa230262/scratch/STTran/action_genome/frames/06NUT.mp4 already exists. Skipping dumping into this directory.
  RuntimeWarning)
ActionGenome/tools/dump_frames.py:46: RuntimeWarning: Frame directory /home/axa230262/scratch/STTran/action_genome/frames/06OKE.mp4 already exists. Skipping dumping into this directory.
  RuntimeWarning)
ActionGenome/tools/dump_frames.py:46: RuntimeWarning: Frame directory /home/axa230262/scratch/STTran/action_genome/frames/06R14.mp4 already exists. Skipping dumping into this directory.
  RuntimeWarning)
ActionGenome/tools/dump_frames.py:46: RuntimeWarning: Frame directory /home/axa230262/scratch/STTran/action_genome/frames/06X2V.mp4 already exists. Skipping dumping into this directory.
  RuntimeWarning)
ActionGenome/tools/dump_frames.py:46: RuntimeWarning: Frame directory /home/axa230262/scratch/STTran/action_genome/frames/07AWM.mp4 already exists. Skipping dumping into this directory.
  RuntimeWarning)
ActionGenome/tools/dump_frames.py:46: RuntimeWarning: Frame directory /home/axa230262/scratch/STTran/action_genome/frames/07BSH.mp4 already exists. Skipping dumping into this directory.
  RuntimeWarning)
ActionGenome/tools/dump_frames.py:46: RuntimeWarning: Frame directory /home/axa230262/scratch/STTran/action_genome/frames/07LG5.mp4 already exists. Skipping dumping into this directory.
  RuntimeWarning)
ActionGenome/tools/dump_frames.py:46: RuntimeWarning: Frame directory /home/axa230262/scratch/STTran/action_genome/frames/07QNG.mp4 already exists. Skipping dumping into this directory.
  RuntimeWarning)
ActionGenome/tools/dump_frames.py:46: RuntimeWarning: Frame directory /home/axa230262/scratch/STTran/action_genome/frames/07RDG.mp4 already exists. Skipping dumping into this directory.
  RuntimeWarning)
ActionGenome/tools/dump_frames.py:46: RuntimeWarning: Frame directory /home/axa230262/scratch/STTran/action_genome/frames/07TCM.mp4 already exists. Skipping dumping into this directory.
  RuntimeWarning)
ActionGenome/tools/dump_frames.py:46: RuntimeWarning: Frame directory /home/axa230262/scratch/STTran/action_genome/frames/081WM.mp4 already exists. Skipping dumping into this directory.
  RuntimeWarning)
ActionGenome/tools/dump_frames.py:46: RuntimeWarning: Frame directory /home/axa230262/scratch/STTran/action_genome/frames/08AQS.mp4 already exists. Skipping dumping into this directory.
  RuntimeWarning)
ActionGenome/tools/dump_frames.py:46: RuntimeWarning: Frame directory /home/axa230262/scratch/STTran/action_genome/frames/08EPO.mp4 already exists. Skipping dumping into this directory.
  RuntimeWarning)
ActionGenome/tools/dump_frames.py:46: RuntimeWarning: Frame directory /home/axa230262/scratch/STTran/action_genome/frames/08F85.mp4 already exists. Skipping dumping into this directory.
  RuntimeWarning)
ActionGenome/tools/dump_frames.py:46: RuntimeWarning: Frame directory /home/axa230262/scratch/STTran/action_genome/frames/08KKF.mp4 already exists. Skipping dumping into this directory.
  RuntimeWarning)
ActionGenome/tools/dump_frames.py:46: RuntimeWarning: Frame directory /home/axa230262/scratch/STTran/action_genome/frames/08LOY.mp4 already exists. Skipping dumping into this directory.
  RuntimeWarning)
ActionGenome/tools/dump_frames.py:46: RuntimeWarning: Frame directory /home/axa230262/scratch/STTran/action_genome/frames/08QQS.mp4 already exists. Skipping dumping into this directory.
  RuntimeWarning)
ActionGenome/tools/dump_frames.py:46: RuntimeWarning: Frame directory /home/axa230262/scratch/STTran/action_genome/frames/08XNM.mp4 already exists. Skipping dumping into this directory.
  RuntimeWarning)
ActionGenome/tools/dump_frames.py:46: RuntimeWarning: Frame directory /home/axa230262/scratch/STTran/action_genome/frames/08Y62.mp4 already exists. Skipping dumping into this directory.
  RuntimeWarning)
ActionGenome/tools/dump_frames.py:46: RuntimeWarning: Frame directory /home/axa230262/scratch/STTran/action_genome/frames/099Y1.mp4 already exists. Skipping dumping into this directory.
  RuntimeWarning)
ActionGenome/tools/dump_frames.py:46: RuntimeWarning: Frame directory /home/axa230262/scratch/STTran/action_genome/frames/09AT0.mp4 already exists. Skipping dumping into this directory.
  RuntimeWarning)
ActionGenome/tools/dump_frames.py:46: RuntimeWarning: Frame directory /home/axa230262/scratch/STTran/action_genome/frames/09F15.mp4 already exists. Skipping dumping into this directory.
  RuntimeWarning)
ActionGenome/tools/dump_frames.py:46: RuntimeWarning: Frame directory /home/axa230262/scratch/STTran/action_genome/frames/09KVK.mp4 already exists. Skipping dumping into this directory.
  RuntimeWarning)
ActionGenome/tools/dump_frames.py:46: RuntimeWarning: Frame directory /home/axa230262/scratch/STTran/action_genome/frames/09QI0.mp4 already exists. Skipping dumping into this directory.
  RuntimeWarning)
ActionGenome/tools/dump_frames.py:46: RuntimeWarning: Frame directory /home/axa230262/scratch/STTran/action_genome/frames/09W8V.mp4 already exists. Skipping dumping into this directory.
  RuntimeWarning)
ActionGenome/tools/dump_frames.py:46: RuntimeWarning: Frame directory /home/axa230262/scratch/STTran/action_genome/frames/0A8CF.mp4 already exists. Skipping dumping into this directory.
  RuntimeWarning)
ActionGenome/tools/dump_frames.py:46: RuntimeWarning: Frame directory /home/axa230262/scratch/STTran/action_genome/frames/0A8ZT.mp4 already exists. Skipping dumping into this directory.
  RuntimeWarning)
ActionGenome/tools/dump_frames.py:46: RuntimeWarning: Frame directory /home/axa230262/scratch/STTran/action_genome/frames/0ACZ8.mp4 already exists. Skipping dumping into this directory.
  RuntimeWarning)
ActionGenome/tools/dump_frames.py:46: RuntimeWarning: Frame directory /home/axa230262/scratch/STTran/action_genome/frames/0AGCS.mp4 already exists. Skipping dumping into this directory.
  RuntimeWarning)
ActionGenome/tools/dump_frames.py:46: RuntimeWarning: Frame directory /home/axa230262/scratch/STTran/action_genome/frames/0AMBV.mp4 already exists. Skipping dumping into this directory.
  RuntimeWarning)
ActionGenome/tools/dump_frames.py:46: RuntimeWarning: Frame directory /home/axa230262/scratch/STTran/action_genome/frames/0AYPZ.mp4 already exists. Skipping dumping into this directory.
  RuntimeWarning)
ActionGenome/tools/dump_frames.py:46: RuntimeWarning: Frame directory /home/axa230262/scratch/STTran/action_genome/frames/0BH84.mp4 already exists. Skipping dumping into this directory.
  RuntimeWarning)
ActionGenome/tools/dump_frames.py:46: RuntimeWarning: Frame directory /home/axa230262/scratch/STTran/action_genome/frames/0BLSL.mp4 already exists. Skipping dumping into this directory.
  RuntimeWarning)
ActionGenome/tools/dump_frames.py:46: RuntimeWarning: Frame directory /home/axa230262/scratch/STTran/action_genome/frames/0BNML.mp4 already exists. Skipping dumping into this directory.
  RuntimeWarning)
ActionGenome/tools/dump_frames.py:46: RuntimeWarning: Frame directory /home/axa230262/scratch/STTran/action_genome/frames/0BWYH.mp4 already exists. Skipping dumping into this directory.
  RuntimeWarning)
ActionGenome/tools/dump_frames.py:46: RuntimeWarning: Frame directory /home/axa230262/scratch/STTran/action_genome/frames/0BX9N.mp4 already exists. Skipping dumping into this directory.
  RuntimeWarning)
ActionGenome/tools/dump_frames.py:46: RuntimeWarning: Frame directory /home/axa230262/scratch/STTran/action_genome/frames/0BXRP.mp4 already exists. Skipping dumping into this directory.
  RuntimeWarning)
ActionGenome/tools/dump_frames.py:46: RuntimeWarning: Frame directory /home/axa230262/scratch/STTran/action_genome/frames/0BZAD.mp4 already exists. Skipping dumping into this directory.
  RuntimeWarning)
ActionGenome/tools/dump_frames.py:46: RuntimeWarning: Frame directory /home/axa230262/scratch/STTran/action_genome/frames/0C5IQ.mp4 already exists. Skipping dumping into this directory.
  RuntimeWarning)
ActionGenome/tools/dump_frames.py:46: RuntimeWarning: Frame directory /home/axa230262/scratch/STTran/action_genome/frames/0CESB.mp4 already exists. Skipping dumping into this directory.
  RuntimeWarning)
ActionGenome/tools/dump_frames.py:46: RuntimeWarning: Frame directory /home/axa230262/scratch/STTran/action_genome/frames/0CFQV.mp4 already exists. Skipping dumping into this directory.
  RuntimeWarning)
ActionGenome/tools/dump_frames.py:46: RuntimeWarning: Frame directory /home/axa230262/scratch/STTran/action_genome/frames/0CG15.mp4 already exists. Skipping dumping into this directory.
  RuntimeWarning)
ActionGenome/tools/dump_frames.py:46: RuntimeWarning: Frame directory /home/axa230262/scratch/STTran/action_genome/frames/0CGMQ.mp4 already exists. Skipping dumping into this directory.
  RuntimeWarning)
ActionGenome/tools/dump_frames.py:46: RuntimeWarning: Frame directory /home/axa230262/scratch/STTran/action_genome/frames/0CQL8.mp4 already exists. Skipping dumping into this directory.
  RuntimeWarning)
ActionGenome/tools/dump_frames.py:46: RuntimeWarning: Frame directory /home/axa230262/scratch/STTran/action_genome/frames/0CVZN.mp4 already exists. Skipping dumping into this directory.
  RuntimeWarning)
ActionGenome/tools/dump_frames.py:46: RuntimeWarning: Frame directory /home/axa230262/scratch/STTran/action_genome/frames/0CX32.mp4 already exists. Skipping dumping into this directory.
  RuntimeWarning)
ActionGenome/tools/dump_frames.py:46: RuntimeWarning: Frame directory /home/axa230262/scratch/STTran/action_genome/frames/0D5I8.mp4 already exists. Skipping dumping into this directory.
  RuntimeWarning)
ActionGenome/tools/dump_frames.py:46: RuntimeWarning: Frame directory /home/axa230262/scratch/STTran/action_genome/frames/0D5JP.mp4 already exists. Skipping dumping into this directory.
  RuntimeWarning)
ActionGenome/tools/dump_frames.py:46: RuntimeWarning: Frame directory /home/axa230262/scratch/STTran/action_genome/frames/0DAO5.mp4 already exists. Skipping dumping into this directory.
  RuntimeWarning)
ActionGenome/tools/dump_frames.py:46: RuntimeWarning: Frame directory /home/axa230262/scratch/STTran/action_genome/frames/0DBQD.mp4 already exists. Skipping dumping into this directory.
  RuntimeWarning)
ActionGenome/tools/dump_frames.py:46: RuntimeWarning: Frame directory /home/axa230262/scratch/STTran/action_genome/frames/0DD62.mp4 already exists. Skipping dumping into this directory.
  RuntimeWarning)
ActionGenome/tools/dump_frames.py:46: RuntimeWarning: Frame directory /home/axa230262/scratch/STTran/action_genome/frames/0DDYA.mp4 already exists. Skipping dumping into this directory.
  RuntimeWarning)
ActionGenome/tools/dump_frames.py:46: RuntimeWarning: Frame directory /home/axa230262/scratch/STTran/action_genome/frames/0DJ6R.mp4 already exists. Skipping dumping into this directory.
  RuntimeWarning)
ActionGenome/tools/dump_frames.py:46: RuntimeWarning: Frame directory /home/axa230262/scratch/STTran/action_genome/frames/0DVVD.mp4 already exists. Skipping dumping into this directory.
  RuntimeWarning)
ActionGenome/tools/dump_frames.py:46: RuntimeWarning: Frame directory /home/axa230262/scratch/STTran/action_genome/frames/0DY8C.mp4 already exists. Skipping dumping into this directory.
  RuntimeWarning)
ActionGenome/tools/dump_frames.py:46: RuntimeWarning: Frame directory /home/axa230262/scratch/STTran/action_genome/frames/0E6H9.mp4 already exists. Skipping dumping into this directory.
  RuntimeWarning)
ActionGenome/tools/dump_frames.py:46: RuntimeWarning: Frame directory /home/axa230262/scratch/STTran/action_genome/frames/0EGNU.mp4 already exists. Skipping dumping into this directory.
  RuntimeWarning)
ActionGenome/tools/dump_frames.py:46: RuntimeWarning: Frame directory /home/axa230262/scratch/STTran/action_genome/frames/0EJAG.mp4 already exists. Skipping dumping into this directory.
  RuntimeWarning)
ActionGenome/tools/dump_frames.py:46: RuntimeWarning: Frame directory /home/axa230262/scratch/STTran/action_genome/frames/0ER4S.mp4 already exists. Skipping dumping into this directory.
  RuntimeWarning)
ActionGenome/tools/dump_frames.py:46: RuntimeWarning: Frame directory /home/axa230262/scratch/STTran/action_genome/frames/0ET8W.mp4 already exists. Skipping dumping into this directory.
  RuntimeWarning)
ActionGenome/tools/dump_frames.py:46: RuntimeWarning: Frame directory /home/axa230262/scratch/STTran/action_genome/frames/0ETKN.mp4 already exists. Skipping dumping into this directory.
  RuntimeWarning)
ActionGenome/tools/dump_frames.py:46: RuntimeWarning: Frame directory /home/axa230262/scratch/STTran/action_genome/frames/0F0WE.mp4 already exists. Skipping dumping into this directory.
  RuntimeWarning)
ActionGenome/tools/dump_frames.py:46: RuntimeWarning: Frame directory /home/axa230262/scratch/STTran/action_genome/frames/0F1VF.mp4 already exists. Skipping dumping into this directory.
  RuntimeWarning)
ActionGenome/tools/dump_frames.py:46: RuntimeWarning: Frame directory /home/axa230262/scratch/STTran/action_genome/frames/0F453.mp4 already exists. Skipping dumping into this directory.
  RuntimeWarning)
ActionGenome/tools/dump_frames.py:46: RuntimeWarning: Frame directory /home/axa230262/scratch/STTran/action_genome/frames/0F7LW.mp4 already exists. Skipping dumping into this directory.
  RuntimeWarning)
ActionGenome/tools/dump_frames.py:46: RuntimeWarning: Frame directory /home/axa230262/scratch/STTran/action_genome/frames/0FC0N.mp4 already exists. Skipping dumping into this directory.
  RuntimeWarning)
ActionGenome/tools/dump_frames.py:46: RuntimeWarning: Frame directory /home/axa230262/scratch/STTran/action_genome/frames/0FJSU.mp4 already exists. Skipping dumping into this directory.
  RuntimeWarning)
ActionGenome/tools/dump_frames.py:46: RuntimeWarning: Frame directory /home/axa230262/scratch/STTran/action_genome/frames/0FM93.mp4 already exists. Skipping dumping into this directory.
  RuntimeWarning)
ActionGenome/tools/dump_frames.py:46: RuntimeWarning: Frame directory /home/axa230262/scratch/STTran/action_genome/frames/0FO58.mp4 already exists. Skipping dumping into this directory.
  RuntimeWarning)
ActionGenome/tools/dump_frames.py:46: RuntimeWarning: Frame directory /home/axa230262/scratch/STTran/action_genome/frames/0FVYR.mp4 already exists. Skipping dumping into this directory.
  RuntimeWarning)
ActionGenome/tools/dump_frames.py:46: RuntimeWarning: Frame directory /home/axa230262/scratch/STTran/action_genome/frames/0G0YF.mp4 already exists. Skipping dumping into this directory.
  RuntimeWarning)
ActionGenome/tools/dump_frames.py:46: RuntimeWarning: Frame directory /home/axa230262/scratch/STTran/action_genome/frames/0G2SC.mp4 already exists. Skipping dumping into this directory.
  RuntimeWarning)
ActionGenome/tools/dump_frames.py:46: RuntimeWarning: Frame directory /home/axa230262/scratch/STTran/action_genome/frames/0G50G.mp4 already exists. Skipping dumping into this directory.
  RuntimeWarning)
ActionGenome/tools/dump_frames.py:46: RuntimeWarning: Frame directory /home/axa230262/scratch/STTran/action_genome/frames/0GFE8.mp4 already exists. Skipping dumping into this directory.
  RuntimeWarning)
ActionGenome/tools/dump_frames.py:46: RuntimeWarning: Frame directory /home/axa230262/scratch/STTran/action_genome/frames/0GH5O.mp4 already exists. Skipping dumping into this directory.
  RuntimeWarning)
ActionGenome/tools/dump_frames.py:46: RuntimeWarning: Frame directory /home/axa230262/scratch/STTran/action_genome/frames/0GR11.mp4 already exists. Skipping dumping into this directory.
  RuntimeWarning)
ActionGenome/tools/dump_frames.py:46: RuntimeWarning: Frame directory /home/axa230262/scratch/STTran/action_genome/frames/0GYRH.mp4 already exists. Skipping dumping into this directory.
  RuntimeWarning)
ActionGenome/tools/dump_frames.py:46: RuntimeWarning: Frame directory /home/axa230262/scratch/STTran/action_genome/frames/0H04V.mp4 already exists. Skipping dumping into this directory.
  RuntimeWarning)
ActionGenome/tools/dump_frames.py:46: RuntimeWarning: Frame directory /home/axa230262/scratch/STTran/action_genome/frames/0H5VC.mp4 already exists. Skipping dumping into this directory.
  RuntimeWarning)
ActionGenome/tools/dump_frames.py:46: RuntimeWarning: Frame directory /home/axa230262/scratch/STTran/action_genome/frames/0HD0T.mp4 already exists. Skipping dumping into this directory.
  RuntimeWarning)
ActionGenome/tools/dump_frames.py:46: RuntimeWarning: Frame directory /home/axa230262/scratch/STTran/action_genome/frames/0HD9F.mp4 already exists. Skipping dumping into this directory.
  RuntimeWarning)
ActionGenome/tools/dump_frames.py:46: RuntimeWarning: Frame directory /home/axa230262/scratch/STTran/action_genome/frames/0HGNK.mp4 already exists. Skipping dumping into this directory.
  RuntimeWarning)
ActionGenome/tools/dump_frames.py:46: RuntimeWarning: Frame directory /home/axa230262/scratch/STTran/action_genome/frames/0HR01.mp4 already exists. Skipping dumping into this directory.
  RuntimeWarning)
ActionGenome/tools/dump_frames.py:46: RuntimeWarning: Frame directory /home/axa230262/scratch/STTran/action_genome/frames/0HV07.mp4 already exists. Skipping dumping into this directory.
  RuntimeWarning)
ActionGenome/tools/dump_frames.py:46: RuntimeWarning: Frame directory /home/axa230262/scratch/STTran/action_genome/frames/0HVVN.mp4 already exists. Skipping dumping into this directory.
  RuntimeWarning)
ActionGenome/tools/dump_frames.py:46: RuntimeWarning: Frame directory /home/axa230262/scratch/STTran/action_genome/frames/0I0FX.mp4 already exists. Skipping dumping into this directory.
  RuntimeWarning)
ActionGenome/tools/dump_frames.py:46: RuntimeWarning: Frame directory /home/axa230262/scratch/STTran/action_genome/frames/0I1S5.mp4 already exists. Skipping dumping into this directory.
  RuntimeWarning)
ActionGenome/tools/dump_frames.py:46: RuntimeWarning: Frame directory /home/axa230262/scratch/STTran/action_genome/frames/0IAGO.mp4 already exists. Skipping dumping into this directory.
  RuntimeWarning)
ActionGenome/tools/dump_frames.py:46: RuntimeWarning: Frame directory /home/axa230262/scratch/STTran/action_genome/frames/0IFCL.mp4 already exists. Skipping dumping into this directory.
  RuntimeWarning)
ActionGenome/tools/dump_frames.py:46: RuntimeWarning: Frame directory /home/axa230262/scratch/STTran/action_genome/frames/0IISQ.mp4 already exists. Skipping dumping into this directory.
  RuntimeWarning)
ActionGenome/tools/dump_frames.py:46: RuntimeWarning: Frame directory /home/axa230262/scratch/STTran/action_genome/frames/0IJ8T.mp4 already exists. Skipping dumping into this directory.
  RuntimeWarning)
ActionGenome/tools/dump_frames.py:46: RuntimeWarning: Frame directory /home/axa230262/scratch/STTran/action_genome/frames/0IKE9.mp4 already exists. Skipping dumping into this directory.
  RuntimeWarning)
ActionGenome/tools/dump_frames.py:46: RuntimeWarning: Frame directory /home/axa230262/scratch/STTran/action_genome/frames/0ISSH.mp4 already exists. Skipping dumping into this directory.
  RuntimeWarning)
ActionGenome/tools/dump_frames.py:46: RuntimeWarning: Frame directory /home/axa230262/scratch/STTran/action_genome/frames/0IU3G.mp4 already exists. Skipping dumping into this directory.
  RuntimeWarning)
ActionGenome/tools/dump_frames.py:46: RuntimeWarning: Frame directory /home/axa230262/scratch/STTran/action_genome/frames/0J1AQ.mp4 already exists. Skipping dumping into this directory.
  RuntimeWarning)
ActionGenome/tools/dump_frames.py:46: RuntimeWarning: Frame directory /home/axa230262/scratch/STTran/action_genome/frames/0J1BT.mp4 already exists. Skipping dumping into this directory.
  RuntimeWarning)
ActionGenome/tools/dump_frames.py:46: RuntimeWarning: Frame directory /home/axa230262/scratch/STTran/action_genome/frames/0J471.mp4 already exists. Skipping dumping into this directory.
  RuntimeWarning)
ActionGenome/tools/dump_frames.py:46: RuntimeWarning: Frame directory /home/axa230262/scratch/STTran/action_genome/frames/0J5T4.mp4 already exists. Skipping dumping into this directory.
  RuntimeWarning)
ActionGenome/tools/dump_frames.py:46: RuntimeWarning: Frame directory /home/axa230262/scratch/STTran/action_genome/frames/0JA9E.mp4 already exists. Skipping dumping into this directory.
  RuntimeWarning)
ActionGenome/tools/dump_frames.py:46: RuntimeWarning: Frame directory /home/axa230262/scratch/STTran/action_genome/frames/0JB3D.mp4 already exists. Skipping dumping into this directory.
  RuntimeWarning)
ActionGenome/tools/dump_frames.py:46: RuntimeWarning: Frame directory /home/axa230262/scratch/STTran/action_genome/frames/0JHMW.mp4 already exists. Skipping dumping into this directory.
  RuntimeWarning)
ActionGenome/tools/dump_frames.py:46: RuntimeWarning: Frame directory /home/axa230262/scratch/STTran/action_genome/frames/0JJIY.mp4 already exists. Skipping dumping into this directory.
  RuntimeWarning)
ActionGenome/tools/dump_frames.py:46: RuntimeWarning: Frame directory /home/axa230262/scratch/STTran/action_genome/frames/0JP8Q.mp4 already exists. Skipping dumping into this directory.
  RuntimeWarning)
ActionGenome/tools/dump_frames.py:46: RuntimeWarning: Frame directory /home/axa230262/scratch/STTran/action_genome/frames/0JQ26.mp4 already exists. Skipping dumping into this directory.
  RuntimeWarning)
ActionGenome/tools/dump_frames.py:46: RuntimeWarning: Frame directory /home/axa230262/scratch/STTran/action_genome/frames/0JXN3.mp4 already exists. Skipping dumping into this directory.
  RuntimeWarning)
ActionGenome/tools/dump_frames.py:46: RuntimeWarning: Frame directory /home/axa230262/scratch/STTran/action_genome/frames/0K0LP.mp4 already exists. Skipping dumping into this directory.
  RuntimeWarning)
ActionGenome/tools/dump_frames.py:46: RuntimeWarning: Frame directory /home/axa230262/scratch/STTran/action_genome/frames/0KER3.mp4 already exists. Skipping dumping into this directory.
  RuntimeWarning)
ActionGenome/tools/dump_frames.py:46: RuntimeWarning: Frame directory /home/axa230262/scratch/STTran/action_genome/frames/0KEZF.mp4 already exists. Skipping dumping into this directory.
  RuntimeWarning)
ActionGenome/tools/dump_frames.py:46: RuntimeWarning: Frame directory /home/axa230262/scratch/STTran/action_genome/frames/0KISF.mp4 already exists. Skipping dumping into this directory.
  RuntimeWarning)
ActionGenome/tools/dump_frames.py:46: RuntimeWarning: Frame directory /home/axa230262/scratch/STTran/action_genome/frames/0KTWY.mp4 already exists. Skipping dumping into this directory.
  RuntimeWarning)
ActionGenome/tools/dump_frames.py:46: RuntimeWarning: Frame directory /home/axa230262/scratch/STTran/action_genome/frames/0KZYF.mp4 already exists. Skipping dumping into this directory.
  RuntimeWarning)
ActionGenome/tools/dump_frames.py:46: RuntimeWarning: Frame directory /home/axa230262/scratch/STTran/action_genome/frames/0L07S.mp4 already exists. Skipping dumping into this directory.
  RuntimeWarning)
ActionGenome/tools/dump_frames.py:46: RuntimeWarning: Frame directory /home/axa230262/scratch/STTran/action_genome/frames/0L0KS.mp4 already exists. Skipping dumping into this directory.
  RuntimeWarning)
ActionGenome/tools/dump_frames.py:46: RuntimeWarning: Frame directory /home/axa230262/scratch/STTran/action_genome/frames/0LDN3.mp4 already exists. Skipping dumping into this directory.
  RuntimeWarning)
ActionGenome/tools/dump_frames.py:46: RuntimeWarning: Frame directory /home/axa230262/scratch/STTran/action_genome/frames/0LDP7.mp4 already exists. Skipping dumping into this directory.
  RuntimeWarning)
ActionGenome/tools/dump_frames.py:46: RuntimeWarning: Frame directory /home/axa230262/scratch/STTran/action_genome/frames/0LHWF.mp4 already exists. Skipping dumping into this directory.
  RuntimeWarning)
ActionGenome/tools/dump_frames.py:46: RuntimeWarning: Frame directory /home/axa230262/scratch/STTran/action_genome/frames/0LNLR.mp4 already exists. Skipping dumping into this directory.
  RuntimeWarning)
ActionGenome/tools/dump_frames.py:46: RuntimeWarning: Frame directory /home/axa230262/scratch/STTran/action_genome/frames/0M0T4.mp4 already exists. Skipping dumping into this directory.
  RuntimeWarning)
ActionGenome/tools/dump_frames.py:46: RuntimeWarning: Frame directory /home/axa230262/scratch/STTran/action_genome/frames/0M1PW.mp4 already exists. Skipping dumping into this directory.
  RuntimeWarning)
ActionGenome/tools/dump_frames.py:46: RuntimeWarning: Frame directory /home/axa230262/scratch/STTran/action_genome/frames/0M1X0.mp4 already exists. Skipping dumping into this directory.
  RuntimeWarning)
ActionGenome/tools/dump_frames.py:46: RuntimeWarning: Frame directory /home/axa230262/scratch/STTran/action_genome/frames/0M1ZU.mp4 already exists. Skipping dumping into this directory.
  RuntimeWarning)
ActionGenome/tools/dump_frames.py:46: RuntimeWarning: Frame directory /home/axa230262/scratch/STTran/action_genome/frames/0M2DO.mp4 already exists. Skipping dumping into this directory.
  RuntimeWarning)
ActionGenome/tools/dump_frames.py:46: RuntimeWarning: Frame directory /home/axa230262/scratch/STTran/action_genome/frames/0M6IY.mp4 already exists. Skipping dumping into this directory.
  RuntimeWarning)
ActionGenome/tools/dump_frames.py:46: RuntimeWarning: Frame directory /home/axa230262/scratch/STTran/action_genome/frames/0M7YH.mp4 already exists. Skipping dumping into this directory.
  RuntimeWarning)
ActionGenome/tools/dump_frames.py:46: RuntimeWarning: Frame directory /home/axa230262/scratch/STTran/action_genome/frames/0M9ZO.mp4 already exists. Skipping dumping into this directory.
  RuntimeWarning)
ActionGenome/tools/dump_frames.py:46: RuntimeWarning: Frame directory /home/axa230262/scratch/STTran/action_genome/frames/0MDYC.mp4 already exists. Skipping dumping into this directory.
  RuntimeWarning)
ActionGenome/tools/dump_frames.py:46: RuntimeWarning: Frame directory /home/axa230262/scratch/STTran/action_genome/frames/0MFAM.mp4 already exists. Skipping dumping into this directory.
  RuntimeWarning)
ActionGenome/tools/dump_frames.py:46: RuntimeWarning: Frame directory /home/axa230262/scratch/STTran/action_genome/frames/0MJHH.mp4 already exists. Skipping dumping into this directory.
  RuntimeWarning)
ActionGenome/tools/dump_frames.py:46: RuntimeWarning: Frame directory /home/axa230262/scratch/STTran/action_genome/frames/0MK2C.mp4 already exists. Skipping dumping into this directory.
  RuntimeWarning)
ActionGenome/tools/dump_frames.py:46: RuntimeWarning: Frame directory /home/axa230262/scratch/STTran/action_genome/frames/0N4KN.mp4 already exists. Skipping dumping into this directory.
  RuntimeWarning)
ActionGenome/tools/dump_frames.py:46: RuntimeWarning: Frame directory /home/axa230262/scratch/STTran/action_genome/frames/0N6B0.mp4 already exists. Skipping dumping into this directory.
  RuntimeWarning)
ActionGenome/tools/dump_frames.py:46: RuntimeWarning: Frame directory /home/axa230262/scratch/STTran/action_genome/frames/0N7OQ.mp4 already exists. Skipping dumping into this directory.
  RuntimeWarning)
ActionGenome/tools/dump_frames.py:46: RuntimeWarning: Frame directory /home/axa230262/scratch/STTran/action_genome/frames/0N8OZ.mp4 already exists. Skipping dumping into this directory.
  RuntimeWarning)
ActionGenome/tools/dump_frames.py:46: RuntimeWarning: Frame directory /home/axa230262/scratch/STTran/action_genome/frames/0NCWX.mp4 already exists. Skipping dumping into this directory.
  RuntimeWarning)
ActionGenome/tools/dump_frames.py:46: RuntimeWarning: Frame directory /home/axa230262/scratch/STTran/action_genome/frames/0NFT7.mp4 already exists. Skipping dumping into this directory.
  RuntimeWarning)
ActionGenome/tools/dump_frames.py:46: RuntimeWarning: Frame directory /home/axa230262/scratch/STTran/action_genome/frames/0NJ26.mp4 already exists. Skipping dumping into this directory.
  RuntimeWarning)
ActionGenome/tools/dump_frames.py:46: RuntimeWarning: Frame directory /home/axa230262/scratch/STTran/action_genome/frames/0NM06.mp4 already exists. Skipping dumping into this directory.
  RuntimeWarning)
ActionGenome/tools/dump_frames.py:46: RuntimeWarning: Frame directory /home/axa230262/scratch/STTran/action_genome/frames/0NN7I.mp4 already exists. Skipping dumping into this directory.
  RuntimeWarning)
ActionGenome/tools/dump_frames.py:46: RuntimeWarning: Frame directory /home/axa230262/scratch/STTran/action_genome/frames/0NVG2.mp4 already exists. Skipping dumping into this directory.
  RuntimeWarning)
ActionGenome/tools/dump_frames.py:46: RuntimeWarning: Frame directory /home/axa230262/scratch/STTran/action_genome/frames/0NZVB.mp4 already exists. Skipping dumping into this directory.
  RuntimeWarning)
ActionGenome/tools/dump_frames.py:46: RuntimeWarning: Frame directory /home/axa230262/scratch/STTran/action_genome/frames/0O022.mp4 already exists. Skipping dumping into this directory.
  RuntimeWarning)
ActionGenome/tools/dump_frames.py:46: RuntimeWarning: Frame directory /home/axa230262/scratch/STTran/action_genome/frames/0O36O.mp4 already exists. Skipping dumping into this directory.
  RuntimeWarning)
ActionGenome/tools/dump_frames.py:46: RuntimeWarning: Frame directory /home/axa230262/scratch/STTran/action_genome/frames/0O6RK.mp4 already exists. Skipping dumping into this directory.
  RuntimeWarning)
ActionGenome/tools/dump_frames.py:46: RuntimeWarning: Frame directory /home/axa230262/scratch/STTran/action_genome/frames/0O81T.mp4 already exists. Skipping dumping into this directory.
  RuntimeWarning)
ActionGenome/tools/dump_frames.py:46: RuntimeWarning: Frame directory /home/axa230262/scratch/STTran/action_genome/frames/0OE6M.mp4 already exists. Skipping dumping into this directory.
  RuntimeWarning)
ActionGenome/tools/dump_frames.py:46: RuntimeWarning: Frame directory /home/axa230262/scratch/STTran/action_genome/frames/0OMFD.mp4 already exists. Skipping dumping into this directory.
  RuntimeWarning)
ActionGenome/tools/dump_frames.py:46: RuntimeWarning: Frame directory /home/axa230262/scratch/STTran/action_genome/frames/0OP1K.mp4 already exists. Skipping dumping into this directory.
  RuntimeWarning)
ActionGenome/tools/dump_frames.py:46: RuntimeWarning: Frame directory /home/axa230262/scratch/STTran/action_genome/frames/0OQVD.mp4 already exists. Skipping dumping into this directory.
  RuntimeWarning)
ActionGenome/tools/dump_frames.py:46: RuntimeWarning: Frame directory /home/axa230262/scratch/STTran/action_genome/frames/0OSJY.mp4 already exists. Skipping dumping into this directory.
  RuntimeWarning)
ActionGenome/tools/dump_frames.py:46: RuntimeWarning: Frame directory /home/axa230262/scratch/STTran/action_genome/frames/0OUEP.mp4 already exists. Skipping dumping into this directory.
  RuntimeWarning)
ActionGenome/tools/dump_frames.py:46: RuntimeWarning: Frame directory /home/axa230262/scratch/STTran/action_genome/frames/0PA3N.mp4 already exists. Skipping dumping into this directory.
  RuntimeWarning)
ActionGenome/tools/dump_frames.py:46: RuntimeWarning: Frame directory /home/axa230262/scratch/STTran/action_genome/frames/0PCAF.mp4 already exists. Skipping dumping into this directory.
  RuntimeWarning)
ActionGenome/tools/dump_frames.py:46: RuntimeWarning: Frame directory /home/axa230262/scratch/STTran/action_genome/frames/0PGAD.mp4 already exists. Skipping dumping into this directory.
  RuntimeWarning)
ActionGenome/tools/dump_frames.py:46: RuntimeWarning: Frame directory /home/axa230262/scratch/STTran/action_genome/frames/0PKMF.mp4 already exists. Skipping dumping into this directory.
  RuntimeWarning)
ActionGenome/tools/dump_frames.py:46: RuntimeWarning: Frame directory /home/axa230262/scratch/STTran/action_genome/frames/0POYO.mp4 already exists. Skipping dumping into this directory.
  RuntimeWarning)
ActionGenome/tools/dump_frames.py:46: RuntimeWarning: Frame directory /home/axa230262/scratch/STTran/action_genome/frames/0PPPL.mp4 already exists. Skipping dumping into this directory.
  RuntimeWarning)
ActionGenome/tools/dump_frames.py:46: RuntimeWarning: Frame directory /home/axa230262/scratch/STTran/action_genome/frames/0PSL4.mp4 already exists. Skipping dumping into this directory.
  RuntimeWarning)
ActionGenome/tools/dump_frames.py:46: RuntimeWarning: Frame directory /home/axa230262/scratch/STTran/action_genome/frames/0PU21.mp4 already exists. Skipping dumping into this directory.
  RuntimeWarning)
ActionGenome/tools/dump_frames.py:46: RuntimeWarning: Frame directory /home/axa230262/scratch/STTran/action_genome/frames/0PVKV.mp4 already exists. Skipping dumping into this directory.
  RuntimeWarning)
ActionGenome/tools/dump_frames.py:46: RuntimeWarning: Frame directory /home/axa230262/scratch/STTran/action_genome/frames/0QA8P.mp4 already exists. Skipping dumping into this directory.
  RuntimeWarning)
ActionGenome/tools/dump_frames.py:46: RuntimeWarning: Frame directory /home/axa230262/scratch/STTran/action_genome/frames/0QAZ7.mp4 already exists. Skipping dumping into this directory.
  RuntimeWarning)
ActionGenome/tools/dump_frames.py:46: RuntimeWarning: Frame directory /home/axa230262/scratch/STTran/action_genome/frames/0QES3.mp4 already exists. Skipping dumping into this directory.
  RuntimeWarning)
ActionGenome/tools/dump_frames.py:46: RuntimeWarning: Frame directory /home/axa230262/scratch/STTran/action_genome/frames/0QHR4.mp4 already exists. Skipping dumping into this directory.
  RuntimeWarning)
ActionGenome/tools/dump_frames.py:46: RuntimeWarning: Frame directory /home/axa230262/scratch/STTran/action_genome/frames/0QMGP.mp4 already exists. Skipping dumping into this directory.
  RuntimeWarning)
ActionGenome/tools/dump_frames.py:46: RuntimeWarning: Frame directory /home/axa230262/scratch/STTran/action_genome/frames/0R0DJ.mp4 already exists. Skipping dumping into this directory.
  RuntimeWarning)
ActionGenome/tools/dump_frames.py:46: RuntimeWarning: Frame directory /home/axa230262/scratch/STTran/action_genome/frames/0R4UI.mp4 already exists. Skipping dumping into this directory.
  RuntimeWarning)
ActionGenome/tools/dump_frames.py:46: RuntimeWarning: Frame directory /home/axa230262/scratch/STTran/action_genome/frames/0R5GS.mp4 already exists. Skipping dumping into this directory.
  RuntimeWarning)
ActionGenome/tools/dump_frames.py:46: RuntimeWarning: Frame directory /home/axa230262/scratch/STTran/action_genome/frames/0R6K4.mp4 already exists. Skipping dumping into this directory.
  RuntimeWarning)
ActionGenome/tools/dump_frames.py:46: RuntimeWarning: Frame directory /home/axa230262/scratch/STTran/action_genome/frames/0RDVJ.mp4 already exists. Skipping dumping into this directory.
  RuntimeWarning)
ActionGenome/tools/dump_frames.py:46: RuntimeWarning: Frame directory /home/axa230262/scratch/STTran/action_genome/frames/0RI7C.mp4 already exists. Skipping dumping into this directory.
  RuntimeWarning)
ActionGenome/tools/dump_frames.py:46: RuntimeWarning: Frame directory /home/axa230262/scratch/STTran/action_genome/frames/0RJ18.mp4 already exists. Skipping dumping into this directory.
  RuntimeWarning)
ActionGenome/tools/dump_frames.py:46: RuntimeWarning: Frame directory /home/axa230262/scratch/STTran/action_genome/frames/0RJKT.mp4 already exists. Skipping dumping into this directory.
  RuntimeWarning)
ActionGenome/tools/dump_frames.py:46: RuntimeWarning: Frame directory /home/axa230262/scratch/STTran/action_genome/frames/0RNG6.mp4 already exists. Skipping dumping into this directory.
  RuntimeWarning)
ActionGenome/tools/dump_frames.py:46: RuntimeWarning: Frame directory /home/axa230262/scratch/STTran/action_genome/frames/0RNRI.mp4 already exists. Skipping dumping into this directory.
  RuntimeWarning)
ActionGenome/tools/dump_frames.py:46: RuntimeWarning: Frame directory /home/axa230262/scratch/STTran/action_genome/frames/0RP6B.mp4 already exists. Skipping dumping into this directory.
  RuntimeWarning)
ActionGenome/tools/dump_frames.py:46: RuntimeWarning: Frame directory /home/axa230262/scratch/STTran/action_genome/frames/0RPJX.mp4 already exists. Skipping dumping into this directory.
  RuntimeWarning)
ActionGenome/tools/dump_frames.py:46: RuntimeWarning: Frame directory /home/axa230262/scratch/STTran/action_genome/frames/0RQZC.mp4 already exists. Skipping dumping into this directory.
  RuntimeWarning)
ActionGenome/tools/dump_frames.py:46: RuntimeWarning: Frame directory /home/axa230262/scratch/STTran/action_genome/frames/0RROG.mp4 already exists. Skipping dumping into this directory.
  RuntimeWarning)
ActionGenome/tools/dump_frames.py:46: RuntimeWarning: Frame directory /home/axa230262/scratch/STTran/action_genome/frames/0RSFD.mp4 already exists. Skipping dumping into this directory.
  RuntimeWarning)
ActionGenome/tools/dump_frames.py:46: RuntimeWarning: Frame directory /home/axa230262/scratch/STTran/action_genome/frames/0S9KN.mp4 already exists. Skipping dumping into this directory.
  RuntimeWarning)
ActionGenome/tools/dump_frames.py:46: RuntimeWarning: Frame directory /home/axa230262/scratch/STTran/action_genome/frames/0SA65.mp4 already exists. Skipping dumping into this directory.
  RuntimeWarning)
ActionGenome/tools/dump_frames.py:46: RuntimeWarning: Frame directory /home/axa230262/scratch/STTran/action_genome/frames/0SBT3.mp4 already exists. Skipping dumping into this directory.
  RuntimeWarning)
ActionGenome/tools/dump_frames.py:46: RuntimeWarning: Frame directory /home/axa230262/scratch/STTran/action_genome/frames/0SE6A.mp4 already exists. Skipping dumping into this directory.
  RuntimeWarning)
ActionGenome/tools/dump_frames.py:46: RuntimeWarning: Frame directory /home/axa230262/scratch/STTran/action_genome/frames/0SFYS.mp4 already exists. Skipping dumping into this directory.
  RuntimeWarning)
ActionGenome/tools/dump_frames.py:46: RuntimeWarning: Frame directory /home/axa230262/scratch/STTran/action_genome/frames/0SK6H.mp4 already exists. Skipping dumping into this directory.
  RuntimeWarning)
ActionGenome/tools/dump_frames.py:46: RuntimeWarning: Frame directory /home/axa230262/scratch/STTran/action_genome/frames/0SXRS.mp4 already exists. Skipping dumping into this directory.
  RuntimeWarning)
ActionGenome/tools/dump_frames.py:46: RuntimeWarning: Frame directory /home/axa230262/scratch/STTran/action_genome/frames/0TDOP.mp4 already exists. Skipping dumping into this directory.
  RuntimeWarning)
ActionGenome/tools/dump_frames.py:46: RuntimeWarning: Frame directory /home/axa230262/scratch/STTran/action_genome/frames/0TIHC.mp4 already exists. Skipping dumping into this directory.
  RuntimeWarning)
ActionGenome/tools/dump_frames.py:46: RuntimeWarning: Frame directory /home/axa230262/scratch/STTran/action_genome/frames/0TJ7G.mp4 already exists. Skipping dumping into this directory.
  RuntimeWarning)
ActionGenome/tools/dump_frames.py:46: RuntimeWarning: Frame directory /home/axa230262/scratch/STTran/action_genome/frames/0TKKR.mp4 already exists. Skipping dumping into this directory.
  RuntimeWarning)
ActionGenome/tools/dump_frames.py:46: RuntimeWarning: Frame directory /home/axa230262/scratch/STTran/action_genome/frames/0TL9Y.mp4 already exists. Skipping dumping into this directory.
  RuntimeWarning)
ActionGenome/tools/dump_frames.py:46: RuntimeWarning: Frame directory /home/axa230262/scratch/STTran/action_genome/frames/0TM53.mp4 already exists. Skipping dumping into this directory.
  RuntimeWarning)
ActionGenome/tools/dump_frames.py:46: RuntimeWarning: Frame directory /home/axa230262/scratch/STTran/action_genome/frames/0TQZQ.mp4 already exists. Skipping dumping into this directory.
  RuntimeWarning)
ActionGenome/tools/dump_frames.py:46: RuntimeWarning: Frame directory /home/axa230262/scratch/STTran/action_genome/frames/0TXYV.mp4 already exists. Skipping dumping into this directory.
  RuntimeWarning)
ActionGenome/tools/dump_frames.py:46: RuntimeWarning: Frame directory /home/axa230262/scratch/STTran/action_genome/frames/0UBYY.mp4 already exists. Skipping dumping into this directory.
  RuntimeWarning)
ActionGenome/tools/dump_frames.py:46: RuntimeWarning: Frame directory /home/axa230262/scratch/STTran/action_genome/frames/0UFGC.mp4 already exists. Skipping dumping into this directory.
  RuntimeWarning)
ActionGenome/tools/dump_frames.py:46: RuntimeWarning: Frame directory /home/axa230262/scratch/STTran/action_genome/frames/0UFI4.mp4 already exists. Skipping dumping into this directory.
  RuntimeWarning)
ActionGenome/tools/dump_frames.py:46: RuntimeWarning: Frame directory /home/axa230262/scratch/STTran/action_genome/frames/0UK3H.mp4 already exists. Skipping dumping into this directory.
  RuntimeWarning)
ActionGenome/tools/dump_frames.py:46: RuntimeWarning: Frame directory /home/axa230262/scratch/STTran/action_genome/frames/0UPBN.mp4 already exists. Skipping dumping into this directory.
  RuntimeWarning)
ActionGenome/tools/dump_frames.py:46: RuntimeWarning: Frame directory /home/axa230262/scratch/STTran/action_genome/frames/0UQU6.mp4 already exists. Skipping dumping into this directory.
  RuntimeWarning)
ActionGenome/tools/dump_frames.py:46: RuntimeWarning: Frame directory /home/axa230262/scratch/STTran/action_genome/frames/0USFX.mp4 already exists. Skipping dumping into this directory.
  RuntimeWarning)
ActionGenome/tools/dump_frames.py:46: RuntimeWarning: Frame directory /home/axa230262/scratch/STTran/action_genome/frames/0UZ0Y.mp4 already exists. Skipping dumping into this directory.
  RuntimeWarning)
ActionGenome/tools/dump_frames.py:46: RuntimeWarning: Frame directory /home/axa230262/scratch/STTran/action_genome/frames/0V4B3.mp4 already exists. Skipping dumping into this directory.
  RuntimeWarning)
ActionGenome/tools/dump_frames.py:46: RuntimeWarning: Frame directory /home/axa230262/scratch/STTran/action_genome/frames/0V9WT.mp4 already exists. Skipping dumping into this directory.
  RuntimeWarning)
ActionGenome/tools/dump_frames.py:46: RuntimeWarning: Frame directory /home/axa230262/scratch/STTran/action_genome/frames/0VKEE.mp4 already exists. Skipping dumping into this directory.
  RuntimeWarning)
ActionGenome/tools/dump_frames.py:46: RuntimeWarning: Frame directory /home/axa230262/scratch/STTran/action_genome/frames/0VMUZ.mp4 already exists. Skipping dumping into this directory.
  RuntimeWarning)
ActionGenome/tools/dump_frames.py:46: RuntimeWarning: Frame directory /home/axa230262/scratch/STTran/action_genome/frames/0VOQC.mp4 already exists. Skipping dumping into this directory.
  RuntimeWarning)
ActionGenome/tools/dump_frames.py:46: RuntimeWarning: Frame directory /home/axa230262/scratch/STTran/action_genome/frames/0VQCH.mp4 already exists. Skipping dumping into this directory.
  RuntimeWarning)
ActionGenome/tools/dump_frames.py:46: RuntimeWarning: Frame directory /home/axa230262/scratch/STTran/action_genome/frames/0VQES.mp4 already exists. Skipping dumping into this directory.
  RuntimeWarning)
ActionGenome/tools/dump_frames.py:46: RuntimeWarning: Frame directory /home/axa230262/scratch/STTran/action_genome/frames/0VQQL.mp4 already exists. Skipping dumping into this directory.
  RuntimeWarning)
ActionGenome/tools/dump_frames.py:46: RuntimeWarning: Frame directory /home/axa230262/scratch/STTran/action_genome/frames/0W39H.mp4 already exists. Skipping dumping into this directory.
  RuntimeWarning)
ActionGenome/tools/dump_frames.py:46: RuntimeWarning: Frame directory /home/axa230262/scratch/STTran/action_genome/frames/0W4F6.mp4 already exists. Skipping dumping into this directory.
  RuntimeWarning)
ActionGenome/tools/dump_frames.py:46: RuntimeWarning: Frame directory /home/axa230262/scratch/STTran/action_genome/frames/0WGTG.mp4 already exists. Skipping dumping into this directory.
  RuntimeWarning)
ActionGenome/tools/dump_frames.py:46: RuntimeWarning: Frame directory /home/axa230262/scratch/STTran/action_genome/frames/0WHOH.mp4 already exists. Skipping dumping into this directory.
  RuntimeWarning)
ActionGenome/tools/dump_frames.py:46: RuntimeWarning: Frame directory /home/axa230262/scratch/STTran/action_genome/frames/0WLCJ.mp4 already exists. Skipping dumping into this directory.
  RuntimeWarning)
ActionGenome/tools/dump_frames.py:46: RuntimeWarning: Frame directory /home/axa230262/scratch/STTran/action_genome/frames/0WU7S.mp4 already exists. Skipping dumping into this directory.
  RuntimeWarning)
ActionGenome/tools/dump_frames.py:46: RuntimeWarning: Frame directory /home/axa230262/scratch/STTran/action_genome/frames/0WV3L.mp4 already exists. Skipping dumping into this directory.
  RuntimeWarning)
ActionGenome/tools/dump_frames.py:46: RuntimeWarning: Frame directory /home/axa230262/scratch/STTran/action_genome/frames/0WYBK.mp4 already exists. Skipping dumping into this directory.
  RuntimeWarning)
ActionGenome/tools/dump_frames.py:46: RuntimeWarning: Frame directory /home/axa230262/scratch/STTran/action_genome/frames/0X49F.mp4 already exists. Skipping dumping into this directory.
  RuntimeWarning)
ActionGenome/tools/dump_frames.py:46: RuntimeWarning: Frame directory /home/axa230262/scratch/STTran/action_genome/frames/0XB7U.mp4 already exists. Skipping dumping into this directory.
  RuntimeWarning)
ActionGenome/tools/dump_frames.py:46: RuntimeWarning: Frame directory /home/axa230262/scratch/STTran/action_genome/frames/0XP8L.mp4 already exists. Skipping dumping into this directory.
  RuntimeWarning)
ActionGenome/tools/dump_frames.py:46: RuntimeWarning: Frame directory /home/axa230262/scratch/STTran/action_genome/frames/0XRD1.mp4 already exists. Skipping dumping into this directory.
  RuntimeWarning)
ActionGenome/tools/dump_frames.py:46: RuntimeWarning: Frame directory /home/axa230262/scratch/STTran/action_genome/frames/0XV4T.mp4 already exists. Skipping dumping into this directory.
  RuntimeWarning)
ActionGenome/tools/dump_frames.py:46: RuntimeWarning: Frame directory /home/axa230262/scratch/STTran/action_genome/frames/0XV7B.mp4 already exists. Skipping dumping into this directory.
  RuntimeWarning)
ActionGenome/tools/dump_frames.py:46: RuntimeWarning: Frame directory /home/axa230262/scratch/STTran/action_genome/frames/0Y19Q.mp4 already exists. Skipping dumping into this directory.
  RuntimeWarning)
ActionGenome/tools/dump_frames.py:46: RuntimeWarning: Frame directory /home/axa230262/scratch/STTran/action_genome/frames/0Y8H0.mp4 already exists. Skipping dumping into this directory.
  RuntimeWarning)
ActionGenome/tools/dump_frames.py:46: RuntimeWarning: Frame directory /home/axa230262/scratch/STTran/action_genome/frames/0YOXV.mp4 already exists. Skipping dumping into this directory.
  RuntimeWarning)
ActionGenome/tools/dump_frames.py:46: RuntimeWarning: Frame directory /home/axa230262/scratch/STTran/action_genome/frames/0YTSJ.mp4 already exists. Skipping dumping into this directory.
  RuntimeWarning)
ActionGenome/tools/dump_frames.py:46: RuntimeWarning: Frame directory /home/axa230262/scratch/STTran/action_genome/frames/0YXN6.mp4 already exists. Skipping dumping into this directory.
  RuntimeWarning)
ActionGenome/tools/dump_frames.py:46: RuntimeWarning: Frame directory /home/axa230262/scratch/STTran/action_genome/frames/0Z1PC.mp4 already exists. Skipping dumping into this directory.
  RuntimeWarning)
ActionGenome/tools/dump_frames.py:46: RuntimeWarning: Frame directory /home/axa230262/scratch/STTran/action_genome/frames/0Z36L.mp4 already exists. Skipping dumping into this directory.
  RuntimeWarning)
ActionGenome/tools/dump_frames.py:46: RuntimeWarning: Frame directory /home/axa230262/scratch/STTran/action_genome/frames/0Z57Y.mp4 already exists. Skipping dumping into this directory.
  RuntimeWarning)
ActionGenome/tools/dump_frames.py:46: RuntimeWarning: Frame directory /home/axa230262/scratch/STTran/action_genome/frames/0ZC7L.mp4 already exists. Skipping dumping into this directory.
  RuntimeWarning)
ActionGenome/tools/dump_frames.py:46: RuntimeWarning: Frame directory /home/axa230262/scratch/STTran/action_genome/frames/0ZOPH.mp4 already exists. Skipping dumping into this directory.
  RuntimeWarning)
ActionGenome/tools/dump_frames.py:46: RuntimeWarning: Frame directory /home/axa230262/scratch/STTran/action_genome/frames/0ZSFI.mp4 already exists. Skipping dumping into this directory.
  RuntimeWarning)
ActionGenome/tools/dump_frames.py:46: RuntimeWarning: Frame directory /home/axa230262/scratch/STTran/action_genome/frames/0ZUMU.mp4 already exists. Skipping dumping into this directory.
  RuntimeWarning)
ActionGenome/tools/dump_frames.py:46: RuntimeWarning: Frame directory /home/axa230262/scratch/STTran/action_genome/frames/0ZYII.mp4 already exists. Skipping dumping into this directory.
  RuntimeWarning)
ActionGenome/tools/dump_frames.py:46: RuntimeWarning: Frame directory /home/axa230262/scratch/STTran/action_genome/frames/100U3.mp4 already exists. Skipping dumping into this directory.
  RuntimeWarning)
ActionGenome/tools/dump_frames.py:46: RuntimeWarning: Frame directory /home/axa230262/scratch/STTran/action_genome/frames/106AY.mp4 already exists. Skipping dumping into this directory.
  RuntimeWarning)
ActionGenome/tools/dump_frames.py:46: RuntimeWarning: Frame directory /home/axa230262/scratch/STTran/action_genome/frames/107YZ.mp4 already exists. Skipping dumping into this directory.
  RuntimeWarning)
ActionGenome/tools/dump_frames.py:46: RuntimeWarning: Frame directory /home/axa230262/scratch/STTran/action_genome/frames/10AEA.mp4 already exists. Skipping dumping into this directory.
  RuntimeWarning)
ActionGenome/tools/dump_frames.py:46: RuntimeWarning: Frame directory /home/axa230262/scratch/STTran/action_genome/frames/10INO.mp4 already exists. Skipping dumping into this directory.
  RuntimeWarning)
ActionGenome/tools/dump_frames.py:46: RuntimeWarning: Frame directory /home/axa230262/scratch/STTran/action_genome/frames/10J88.mp4 already exists. Skipping dumping into this directory.
  RuntimeWarning)
ActionGenome/tools/dump_frames.py:46: RuntimeWarning: Frame directory /home/axa230262/scratch/STTran/action_genome/frames/10LP3.mp4 already exists. Skipping dumping into this directory.
  RuntimeWarning)
ActionGenome/tools/dump_frames.py:46: RuntimeWarning: Frame directory /home/axa230262/scratch/STTran/action_genome/frames/10M0F.mp4 already exists. Skipping dumping into this directory.
  RuntimeWarning)
ActionGenome/tools/dump_frames.py:46: RuntimeWarning: Frame directory /home/axa230262/scratch/STTran/action_genome/frames/10ND1.mp4 already exists. Skipping dumping into this directory.
  RuntimeWarning)
ActionGenome/tools/dump_frames.py:46: RuntimeWarning: Frame directory /home/axa230262/scratch/STTran/action_genome/frames/113YU.mp4 already exists. Skipping dumping into this directory.
  RuntimeWarning)
ActionGenome/tools/dump_frames.py:46: RuntimeWarning: Frame directory /home/axa230262/scratch/STTran/action_genome/frames/115MY.mp4 already exists. Skipping dumping into this directory.
  RuntimeWarning)
ActionGenome/tools/dump_frames.py:46: RuntimeWarning: Frame directory /home/axa230262/scratch/STTran/action_genome/frames/119W9.mp4 already exists. Skipping dumping into this directory.
  RuntimeWarning)
ActionGenome/tools/dump_frames.py:46: RuntimeWarning: Frame directory /home/axa230262/scratch/STTran/action_genome/frames/119X3.mp4 already exists. Skipping dumping into this directory.
  RuntimeWarning)
ActionGenome/tools/dump_frames.py:46: RuntimeWarning: Frame directory /home/axa230262/scratch/STTran/action_genome/frames/11DD3.mp4 already exists. Skipping dumping into this directory.
  RuntimeWarning)
ActionGenome/tools/dump_frames.py:46: RuntimeWarning: Frame directory /home/axa230262/scratch/STTran/action_genome/frames/11HOM.mp4 already exists. Skipping dumping into this directory.
  RuntimeWarning)
ActionGenome/tools/dump_frames.py:46: RuntimeWarning: Frame directory /home/axa230262/scratch/STTran/action_genome/frames/11L5M.mp4 already exists. Skipping dumping into this directory.
  RuntimeWarning)
ActionGenome/tools/dump_frames.py:46: RuntimeWarning: Frame directory /home/axa230262/scratch/STTran/action_genome/frames/11TTU.mp4 already exists. Skipping dumping into this directory.
  RuntimeWarning)
ActionGenome/tools/dump_frames.py:46: RuntimeWarning: Frame directory /home/axa230262/scratch/STTran/action_genome/frames/120YL.mp4 already exists. Skipping dumping into this directory.
  RuntimeWarning)
ActionGenome/tools/dump_frames.py:46: RuntimeWarning: Frame directory /home/axa230262/scratch/STTran/action_genome/frames/1221S.mp4 already exists. Skipping dumping into this directory.
  RuntimeWarning)
ActionGenome/tools/dump_frames.py:46: RuntimeWarning: Frame directory /home/axa230262/scratch/STTran/action_genome/frames/129SP.mp4 already exists. Skipping dumping into this directory.
  RuntimeWarning)
ActionGenome/tools/dump_frames.py:46: RuntimeWarning: Frame directory /home/axa230262/scratch/STTran/action_genome/frames/12N1H.mp4 already exists. Skipping dumping into this directory.
  RuntimeWarning)
ActionGenome/tools/dump_frames.py:46: RuntimeWarning: Frame directory /home/axa230262/scratch/STTran/action_genome/frames/12QGZ.mp4 already exists. Skipping dumping into this directory.
  RuntimeWarning)
ActionGenome/tools/dump_frames.py:46: RuntimeWarning: Frame directory /home/axa230262/scratch/STTran/action_genome/frames/12T13.mp4 already exists. Skipping dumping into this directory.
  RuntimeWarning)
ActionGenome/tools/dump_frames.py:46: RuntimeWarning: Frame directory /home/axa230262/scratch/STTran/action_genome/frames/12VVC.mp4 already exists. Skipping dumping into this directory.
  RuntimeWarning)
ActionGenome/tools/dump_frames.py:46: RuntimeWarning: Frame directory /home/axa230262/scratch/STTran/action_genome/frames/12XD3.mp4 already exists. Skipping dumping into this directory.
  RuntimeWarning)
ActionGenome/tools/dump_frames.py:46: RuntimeWarning: Frame directory /home/axa230262/scratch/STTran/action_genome/frames/132HR.mp4 already exists. Skipping dumping into this directory.
  RuntimeWarning)
ActionGenome/tools/dump_frames.py:46: RuntimeWarning: Frame directory /home/axa230262/scratch/STTran/action_genome/frames/1333C.mp4 already exists. Skipping dumping into this directory.
  RuntimeWarning)
ActionGenome/tools/dump_frames.py:46: RuntimeWarning: Frame directory /home/axa230262/scratch/STTran/action_genome/frames/136V6.mp4 already exists. Skipping dumping into this directory.
  RuntimeWarning)
ActionGenome/tools/dump_frames.py:46: RuntimeWarning: Frame directory /home/axa230262/scratch/STTran/action_genome/frames/1375X.mp4 already exists. Skipping dumping into this directory.
  RuntimeWarning)
ActionGenome/tools/dump_frames.py:46: RuntimeWarning: Frame directory /home/axa230262/scratch/STTran/action_genome/frames/138LG.mp4 already exists. Skipping dumping into this directory.
  RuntimeWarning)
ActionGenome/tools/dump_frames.py:46: RuntimeWarning: Frame directory /home/axa230262/scratch/STTran/action_genome/frames/13AUQ.mp4 already exists. Skipping dumping into this directory.
  RuntimeWarning)
ActionGenome/tools/dump_frames.py:46: RuntimeWarning: Frame directory /home/axa230262/scratch/STTran/action_genome/frames/13IJA.mp4 already exists. Skipping dumping into this directory.
  RuntimeWarning)
ActionGenome/tools/dump_frames.py:46: RuntimeWarning: Frame directory /home/axa230262/scratch/STTran/action_genome/frames/13IOT.mp4 already exists. Skipping dumping into this directory.
  RuntimeWarning)
ActionGenome/tools/dump_frames.py:46: RuntimeWarning: Frame directory /home/axa230262/scratch/STTran/action_genome/frames/13IS9.mp4 already exists. Skipping dumping into this directory.
  RuntimeWarning)
ActionGenome/tools/dump_frames.py:46: RuntimeWarning: Frame directory /home/axa230262/scratch/STTran/action_genome/frames/13MWT.mp4 already exists. Skipping dumping into this directory.
  RuntimeWarning)
ActionGenome/tools/dump_frames.py:46: RuntimeWarning: Frame directory /home/axa230262/scratch/STTran/action_genome/frames/13XM4.mp4 already exists. Skipping dumping into this directory.
  RuntimeWarning)
ActionGenome/tools/dump_frames.py:46: RuntimeWarning: Frame directory /home/axa230262/scratch/STTran/action_genome/frames/13YII.mp4 already exists. Skipping dumping into this directory.
  RuntimeWarning)
ActionGenome/tools/dump_frames.py:46: RuntimeWarning: Frame directory /home/axa230262/scratch/STTran/action_genome/frames/1440M.mp4 already exists. Skipping dumping into this directory.
  RuntimeWarning)
ActionGenome/tools/dump_frames.py:46: RuntimeWarning: Frame directory /home/axa230262/scratch/STTran/action_genome/frames/144JW.mp4 already exists. Skipping dumping into this directory.
  RuntimeWarning)
ActionGenome/tools/dump_frames.py:46: RuntimeWarning: Frame directory /home/axa230262/scratch/STTran/action_genome/frames/14A2O.mp4 already exists. Skipping dumping into this directory.
  RuntimeWarning)
ActionGenome/tools/dump_frames.py:46: RuntimeWarning: Frame directory /home/axa230262/scratch/STTran/action_genome/frames/14HG1.mp4 already exists. Skipping dumping into this directory.
  RuntimeWarning)
ActionGenome/tools/dump_frames.py:46: RuntimeWarning: Frame directory /home/axa230262/scratch/STTran/action_genome/frames/14JPP.mp4 already exists. Skipping dumping into this directory.
  RuntimeWarning)
ActionGenome/tools/dump_frames.py:46: RuntimeWarning: Frame directory /home/axa230262/scratch/STTran/action_genome/frames/14TJT.mp4 already exists. Skipping dumping into this directory.
  RuntimeWarning)
ActionGenome/tools/dump_frames.py:46: RuntimeWarning: Frame directory /home/axa230262/scratch/STTran/action_genome/frames/14VCB.mp4 already exists. Skipping dumping into this directory.
  RuntimeWarning)
ActionGenome/tools/dump_frames.py:46: RuntimeWarning: Frame directory /home/axa230262/scratch/STTran/action_genome/frames/14XKK.mp4 already exists. Skipping dumping into this directory.
  RuntimeWarning)
ActionGenome/tools/dump_frames.py:46: RuntimeWarning: Frame directory /home/axa230262/scratch/STTran/action_genome/frames/14Z7D.mp4 already exists. Skipping dumping into this directory.
  RuntimeWarning)
ActionGenome/tools/dump_frames.py:46: RuntimeWarning: Frame directory /home/axa230262/scratch/STTran/action_genome/frames/150E6.mp4 already exists. Skipping dumping into this directory.
  RuntimeWarning)
ActionGenome/tools/dump_frames.py:46: RuntimeWarning: Frame directory /home/axa230262/scratch/STTran/action_genome/frames/1514T.mp4 already exists. Skipping dumping into this directory.
  RuntimeWarning)
ActionGenome/tools/dump_frames.py:46: RuntimeWarning: Frame directory /home/axa230262/scratch/STTran/action_genome/frames/151DU.mp4 already exists. Skipping dumping into this directory.
  RuntimeWarning)
ActionGenome/tools/dump_frames.py:46: RuntimeWarning: Frame directory /home/axa230262/scratch/STTran/action_genome/frames/154TJ.mp4 already exists. Skipping dumping into this directory.
  RuntimeWarning)
ActionGenome/tools/dump_frames.py:46: RuntimeWarning: Frame directory /home/axa230262/scratch/STTran/action_genome/frames/15FVJ.mp4 already exists. Skipping dumping into this directory.
  RuntimeWarning)
ActionGenome/tools/dump_frames.py:46: RuntimeWarning: Frame directory /home/axa230262/scratch/STTran/action_genome/frames/15OH5.mp4 already exists. Skipping dumping into this directory.
  RuntimeWarning)
ActionGenome/tools/dump_frames.py:46: RuntimeWarning: Frame directory /home/axa230262/scratch/STTran/action_genome/frames/15PMU.mp4 already exists. Skipping dumping into this directory.
  RuntimeWarning)
ActionGenome/tools/dump_frames.py:46: RuntimeWarning: Frame directory /home/axa230262/scratch/STTran/action_genome/frames/15RTV.mp4 already exists. Skipping dumping into this directory.
  RuntimeWarning)
ActionGenome/tools/dump_frames.py:46: RuntimeWarning: Frame directory /home/axa230262/scratch/STTran/action_genome/frames/15TWQ.mp4 already exists. Skipping dumping into this directory.
  RuntimeWarning)
ActionGenome/tools/dump_frames.py:46: RuntimeWarning: Frame directory /home/axa230262/scratch/STTran/action_genome/frames/165K2.mp4 already exists. Skipping dumping into this directory.
  RuntimeWarning)
ActionGenome/tools/dump_frames.py:46: RuntimeWarning: Frame directory /home/axa230262/scratch/STTran/action_genome/frames/16CWY.mp4 already exists. Skipping dumping into this directory.
  RuntimeWarning)
ActionGenome/tools/dump_frames.py:46: RuntimeWarning: Frame directory /home/axa230262/scratch/STTran/action_genome/frames/16D5O.mp4 already exists. Skipping dumping into this directory.
  RuntimeWarning)
ActionGenome/tools/dump_frames.py:46: RuntimeWarning: Frame directory /home/axa230262/scratch/STTran/action_genome/frames/16IDQ.mp4 already exists. Skipping dumping into this directory.
  RuntimeWarning)
ActionGenome/tools/dump_frames.py:46: RuntimeWarning: Frame directory /home/axa230262/scratch/STTran/action_genome/frames/16KTS.mp4 already exists. Skipping dumping into this directory.
  RuntimeWarning)
ActionGenome/tools/dump_frames.py:46: RuntimeWarning: Frame directory /home/axa230262/scratch/STTran/action_genome/frames/16OAM.mp4 already exists. Skipping dumping into this directory.
  RuntimeWarning)
ActionGenome/tools/dump_frames.py:46: RuntimeWarning: Frame directory /home/axa230262/scratch/STTran/action_genome/frames/16S3C.mp4 already exists. Skipping dumping into this directory.
  RuntimeWarning)
ActionGenome/tools/dump_frames.py:46: RuntimeWarning: Frame directory /home/axa230262/scratch/STTran/action_genome/frames/16UNJ.mp4 already exists. Skipping dumping into this directory.
  RuntimeWarning)
ActionGenome/tools/dump_frames.py:46: RuntimeWarning: Frame directory /home/axa230262/scratch/STTran/action_genome/frames/16V9S.mp4 already exists. Skipping dumping into this directory.
  RuntimeWarning)
ActionGenome/tools/dump_frames.py:46: RuntimeWarning: Frame directory /home/axa230262/scratch/STTran/action_genome/frames/16WZF.mp4 already exists. Skipping dumping into this directory.
  RuntimeWarning)
ActionGenome/tools/dump_frames.py:46: RuntimeWarning: Frame directory /home/axa230262/scratch/STTran/action_genome/frames/170OQ.mp4 already exists. Skipping dumping into this directory.
  RuntimeWarning)
ActionGenome/tools/dump_frames.py:46: RuntimeWarning: Frame directory /home/axa230262/scratch/STTran/action_genome/frames/17AZ5.mp4 already exists. Skipping dumping into this directory.
  RuntimeWarning)
ActionGenome/tools/dump_frames.py:46: RuntimeWarning: Frame directory /home/axa230262/scratch/STTran/action_genome/frames/17DOT.mp4 already exists. Skipping dumping into this directory.
  RuntimeWarning)
ActionGenome/tools/dump_frames.py:46: RuntimeWarning: Frame directory /home/axa230262/scratch/STTran/action_genome/frames/17LNN.mp4 already exists. Skipping dumping into this directory.
  RuntimeWarning)
ActionGenome/tools/dump_frames.py:46: RuntimeWarning: Frame directory /home/axa230262/scratch/STTran/action_genome/frames/17P5V.mp4 already exists. Skipping dumping into this directory.
  RuntimeWarning)
ActionGenome/tools/dump_frames.py:46: RuntimeWarning: Frame directory /home/axa230262/scratch/STTran/action_genome/frames/17RPG.mp4 already exists. Skipping dumping into this directory.
  RuntimeWarning)
ActionGenome/tools/dump_frames.py:46: RuntimeWarning: Frame directory /home/axa230262/scratch/STTran/action_genome/frames/186EF.mp4 already exists. Skipping dumping into this directory.
  RuntimeWarning)
ActionGenome/tools/dump_frames.py:46: RuntimeWarning: Frame directory /home/axa230262/scratch/STTran/action_genome/frames/18CTK.mp4 already exists. Skipping dumping into this directory.
  RuntimeWarning)
ActionGenome/tools/dump_frames.py:46: RuntimeWarning: Frame directory /home/axa230262/scratch/STTran/action_genome/frames/18FTZ.mp4 already exists. Skipping dumping into this directory.
  RuntimeWarning)
ActionGenome/tools/dump_frames.py:46: RuntimeWarning: Frame directory /home/axa230262/scratch/STTran/action_genome/frames/18HFG.mp4 already exists. Skipping dumping into this directory.
  RuntimeWarning)
ActionGenome/tools/dump_frames.py:46: RuntimeWarning: Frame directory /home/axa230262/scratch/STTran/action_genome/frames/18IDK.mp4 already exists. Skipping dumping into this directory.
  RuntimeWarning)
ActionGenome/tools/dump_frames.py:46: RuntimeWarning: Frame directory /home/axa230262/scratch/STTran/action_genome/frames/194WK.mp4 already exists. Skipping dumping into this directory.
  RuntimeWarning)
ActionGenome/tools/dump_frames.py:46: RuntimeWarning: Frame directory /home/axa230262/scratch/STTran/action_genome/frames/19BHU.mp4 already exists. Skipping dumping into this directory.
  RuntimeWarning)
  4%|▍         | 365/9601 [00:00<00:02, 3644.14it/s]ActionGenome/tools/dump_frames.py:46: RuntimeWarning: Frame directory /home/axa230262/scratch/STTran/action_genome/frames/19MUM.mp4 already exists. Skipping dumping into this directory.
  RuntimeWarning)
ActionGenome/tools/dump_frames.py:46: RuntimeWarning: Frame directory /home/axa230262/scratch/STTran/action_genome/frames/19PNV.mp4 already exists. Skipping dumping into this directory.
  RuntimeWarning)
ActionGenome/tools/dump_frames.py:46: RuntimeWarning: Frame directory /home/axa230262/scratch/STTran/action_genome/frames/19SJ6.mp4 already exists. Skipping dumping into this directory.
  RuntimeWarning)
ActionGenome/tools/dump_frames.py:46: RuntimeWarning: Frame directory /home/axa230262/scratch/STTran/action_genome/frames/19UA5.mp4 already exists. Skipping dumping into this directory.
  RuntimeWarning)
ActionGenome/tools/dump_frames.py:46: RuntimeWarning: Frame directory /home/axa230262/scratch/STTran/action_genome/frames/19ZGX.mp4 already exists. Skipping dumping into this directory.
  RuntimeWarning)
ActionGenome/tools/dump_frames.py:46: RuntimeWarning: Frame directory /home/axa230262/scratch/STTran/action_genome/frames/19ZJB.mp4 already exists. Skipping dumping into this directory.
  RuntimeWarning)
ActionGenome/tools/dump_frames.py:46: RuntimeWarning: Frame directory /home/axa230262/scratch/STTran/action_genome/frames/1AA3I.mp4 already exists. Skipping dumping into this directory.
  RuntimeWarning)
ActionGenome/tools/dump_frames.py:46: RuntimeWarning: Frame directory /home/axa230262/scratch/STTran/action_genome/frames/1AA6Z.mp4 already exists. Skipping dumping into this directory.
  RuntimeWarning)
ActionGenome/tools/dump_frames.py:46: RuntimeWarning: Frame directory /home/axa230262/scratch/STTran/action_genome/frames/1AC4H.mp4 already exists. Skipping dumping into this directory.
  RuntimeWarning)
ActionGenome/tools/dump_frames.py:46: RuntimeWarning: Frame directory /home/axa230262/scratch/STTran/action_genome/frames/1AI3U.mp4 already exists. Skipping dumping into this directory.
  RuntimeWarning)
ActionGenome/tools/dump_frames.py:46: RuntimeWarning: Frame directory /home/axa230262/scratch/STTran/action_genome/frames/1AR0K.mp4 already exists. Skipping dumping into this directory.
  RuntimeWarning)
ActionGenome/tools/dump_frames.py:46: RuntimeWarning: Frame directory /home/axa230262/scratch/STTran/action_genome/frames/1B2P0.mp4 already exists. Skipping dumping into this directory.
  RuntimeWarning)
ActionGenome/tools/dump_frames.py:46: RuntimeWarning: Frame directory /home/axa230262/scratch/STTran/action_genome/frames/1B9C8.mp4 already exists. Skipping dumping into this directory.
  RuntimeWarning)
ActionGenome/tools/dump_frames.py:46: RuntimeWarning: Frame directory /home/axa230262/scratch/STTran/action_genome/frames/1B9DK.mp4 already exists. Skipping dumping into this directory.
  RuntimeWarning)
ActionGenome/tools/dump_frames.py:46: RuntimeWarning: Frame directory /home/axa230262/scratch/STTran/action_genome/frames/1BBIY.mp4 already exists. Skipping dumping into this directory.
  RuntimeWarning)
ActionGenome/tools/dump_frames.py:46: RuntimeWarning: Frame directory /home/axa230262/scratch/STTran/action_genome/frames/1BEFM.mp4 already exists. Skipping dumping into this directory.
  RuntimeWarning)
ActionGenome/tools/dump_frames.py:46: RuntimeWarning: Frame directory /home/axa230262/scratch/STTran/action_genome/frames/1BGZ0.mp4 already exists. Skipping dumping into this directory.
  RuntimeWarning)
ActionGenome/tools/dump_frames.py:46: RuntimeWarning: Frame directory /home/axa230262/scratch/STTran/action_genome/frames/1BPX5.mp4 already exists. Skipping dumping into this directory.
  RuntimeWarning)
ActionGenome/tools/dump_frames.py:46: RuntimeWarning: Frame directory /home/axa230262/scratch/STTran/action_genome/frames/1BUFQ.mp4 already exists. Skipping dumping into this directory.
  RuntimeWarning)
ActionGenome/tools/dump_frames.py:46: RuntimeWarning: Frame directory /home/axa230262/scratch/STTran/action_genome/frames/1BVUA.mp4 already exists. Skipping dumping into this directory.
  RuntimeWarning)
ActionGenome/tools/dump_frames.py:46: RuntimeWarning: Frame directory /home/axa230262/scratch/STTran/action_genome/frames/1BXYR.mp4 already exists. Skipping dumping into this directory.
  RuntimeWarning)
ActionGenome/tools/dump_frames.py:46: RuntimeWarning: Frame directory /home/axa230262/scratch/STTran/action_genome/frames/1C6P3.mp4 already exists. Skipping dumping into this directory.
  RuntimeWarning)
ActionGenome/tools/dump_frames.py:46: RuntimeWarning: Frame directory /home/axa230262/scratch/STTran/action_genome/frames/1CITG.mp4 already exists. Skipping dumping into this directory.
  RuntimeWarning)
ActionGenome/tools/dump_frames.py:46: RuntimeWarning: Frame directory /home/axa230262/scratch/STTran/action_genome/frames/1CYLM.mp4 already exists. Skipping dumping into this directory.
  RuntimeWarning)
ActionGenome/tools/dump_frames.py:46: RuntimeWarning: Frame directory /home/axa230262/scratch/STTran/action_genome/frames/1D2OX.mp4 already exists. Skipping dumping into this directory.
  RuntimeWarning)
ActionGenome/tools/dump_frames.py:46: RuntimeWarning: Frame directory /home/axa230262/scratch/STTran/action_genome/frames/1D31Z.mp4 already exists. Skipping dumping into this directory.
  RuntimeWarning)
ActionGenome/tools/dump_frames.py:46: RuntimeWarning: Frame directory /home/axa230262/scratch/STTran/action_genome/frames/1DGC9.mp4 already exists. Skipping dumping into this directory.
  RuntimeWarning)
ActionGenome/tools/dump_frames.py:46: RuntimeWarning: Frame directory /home/axa230262/scratch/STTran/action_genome/frames/1DGSW.mp4 already exists. Skipping dumping into this directory.
  RuntimeWarning)
ActionGenome/tools/dump_frames.py:46: RuntimeWarning: Frame directory /home/axa230262/scratch/STTran/action_genome/frames/1DL0E.mp4 already exists. Skipping dumping into this directory.
  RuntimeWarning)
ActionGenome/tools/dump_frames.py:46: RuntimeWarning: Frame directory /home/axa230262/scratch/STTran/action_genome/frames/1DNAX.mp4 already exists. Skipping dumping into this directory.
  RuntimeWarning)
ActionGenome/tools/dump_frames.py:46: RuntimeWarning: Frame directory /home/axa230262/scratch/STTran/action_genome/frames/1DW7H.mp4 already exists. Skipping dumping into this directory.
  RuntimeWarning)
ActionGenome/tools/dump_frames.py:46: RuntimeWarning: Frame directory /home/axa230262/scratch/STTran/action_genome/frames/1DYYP.mp4 already exists. Skipping dumping into this directory.
  RuntimeWarning)
ActionGenome/tools/dump_frames.py:46: RuntimeWarning: Frame directory /home/axa230262/scratch/STTran/action_genome/frames/1E1EN.mp4 already exists. Skipping dumping into this directory.
  RuntimeWarning)
ActionGenome/tools/dump_frames.py:46: RuntimeWarning: Frame directory /home/axa230262/scratch/STTran/action_genome/frames/1E1VE.mp4 already exists. Skipping dumping into this directory.
  RuntimeWarning)
ActionGenome/tools/dump_frames.py:46: RuntimeWarning: Frame directory /home/axa230262/scratch/STTran/action_genome/frames/1E7VU.mp4 already exists. Skipping dumping into this directory.
  RuntimeWarning)
ActionGenome/tools/dump_frames.py:46: RuntimeWarning: Frame directory /home/axa230262/scratch/STTran/action_genome/frames/1ECM2.mp4 already exists. Skipping dumping into this directory.
  RuntimeWarning)
ActionGenome/tools/dump_frames.py:46: RuntimeWarning: Frame directory /home/axa230262/scratch/STTran/action_genome/frames/1EJKT.mp4 already exists. Skipping dumping into this directory.
  RuntimeWarning)
ActionGenome/tools/dump_frames.py:46: RuntimeWarning: Frame directory /home/axa230262/scratch/STTran/action_genome/frames/1ELWC.mp4 already exists. Skipping dumping into this directory.
  RuntimeWarning)
ActionGenome/tools/dump_frames.py:46: RuntimeWarning: Frame directory /home/axa230262/scratch/STTran/action_genome/frames/1ERM9.mp4 already exists. Skipping dumping into this directory.
  RuntimeWarning)
ActionGenome/tools/dump_frames.py:46: RuntimeWarning: Frame directory /home/axa230262/scratch/STTran/action_genome/frames/1ES35.mp4 already exists. Skipping dumping into this directory.
  RuntimeWarning)
ActionGenome/tools/dump_frames.py:46: RuntimeWarning: Frame directory /home/axa230262/scratch/STTran/action_genome/frames/1ESKX.mp4 already exists. Skipping dumping into this directory.
  RuntimeWarning)
ActionGenome/tools/dump_frames.py:46: RuntimeWarning: Frame directory /home/axa230262/scratch/STTran/action_genome/frames/1EX1G.mp4 already exists. Skipping dumping into this directory.
  RuntimeWarning)
ActionGenome/tools/dump_frames.py:46: RuntimeWarning: Frame directory /home/axa230262/scratch/STTran/action_genome/frames/1F4JZ.mp4 already exists. Skipping dumping into this directory.
  RuntimeWarning)
ActionGenome/tools/dump_frames.py:46: RuntimeWarning: Frame directory /home/axa230262/scratch/STTran/action_genome/frames/1F4YB.mp4 already exists. Skipping dumping into this directory.
  RuntimeWarning)
ActionGenome/tools/dump_frames.py:46: RuntimeWarning: Frame directory /home/axa230262/scratch/STTran/action_genome/frames/1F706.mp4 already exists. Skipping dumping into this directory.
  RuntimeWarning)
ActionGenome/tools/dump_frames.py:46: RuntimeWarning: Frame directory /home/axa230262/scratch/STTran/action_genome/frames/1FA5M.mp4 already exists. Skipping dumping into this directory.
  RuntimeWarning)
ActionGenome/tools/dump_frames.py:46: RuntimeWarning: Frame directory /home/axa230262/scratch/STTran/action_genome/frames/1FGXJ.mp4 already exists. Skipping dumping into this directory.
  RuntimeWarning)
ActionGenome/tools/dump_frames.py:46: RuntimeWarning: Frame directory /home/axa230262/scratch/STTran/action_genome/frames/1FIGA.mp4 already exists. Skipping dumping into this directory.
  RuntimeWarning)
ActionGenome/tools/dump_frames.py:46: RuntimeWarning: Frame directory /home/axa230262/scratch/STTran/action_genome/frames/1FPW9.mp4 already exists. Skipping dumping into this directory.
  RuntimeWarning)
ActionGenome/tools/dump_frames.py:46: RuntimeWarning: Frame directory /home/axa230262/scratch/STTran/action_genome/frames/1FX8Q.mp4 already exists. Skipping dumping into this directory.
  RuntimeWarning)
ActionGenome/tools/dump_frames.py:46: RuntimeWarning: Frame directory /home/axa230262/scratch/STTran/action_genome/frames/1G2QC.mp4 already exists. Skipping dumping into this directory.
  RuntimeWarning)
ActionGenome/tools/dump_frames.py:46: RuntimeWarning: Frame directory /home/axa230262/scratch/STTran/action_genome/frames/1G90H.mp4 already exists. Skipping dumping into this directory.
  RuntimeWarning)
ActionGenome/tools/dump_frames.py:46: RuntimeWarning: Frame directory /home/axa230262/scratch/STTran/action_genome/frames/1G9R7.mp4 already exists. Skipping dumping into this directory.
  RuntimeWarning)
ActionGenome/tools/dump_frames.py:46: RuntimeWarning: Frame directory /home/axa230262/scratch/STTran/action_genome/frames/1GGRY.mp4 already exists. Skipping dumping into this directory.
  RuntimeWarning)
ActionGenome/tools/dump_frames.py:46: RuntimeWarning: Frame directory /home/axa230262/scratch/STTran/action_genome/frames/1GII3.mp4 already exists. Skipping dumping into this directory.
  RuntimeWarning)
ActionGenome/tools/dump_frames.py:46: RuntimeWarning: Frame directory /home/axa230262/scratch/STTran/action_genome/frames/1GKWJ.mp4 already exists. Skipping dumping into this directory.
  RuntimeWarning)
ActionGenome/tools/dump_frames.py:46: RuntimeWarning: Frame directory /home/axa230262/scratch/STTran/action_genome/frames/1GQ73.mp4 already exists. Skipping dumping into this directory.
  RuntimeWarning)
ActionGenome/tools/dump_frames.py:46: RuntimeWarning: Frame directory /home/axa230262/scratch/STTran/action_genome/frames/1GQAJ.mp4 already exists. Skipping dumping into this directory.
  RuntimeWarning)
ActionGenome/tools/dump_frames.py:46: RuntimeWarning: Frame directory /home/axa230262/scratch/STTran/action_genome/frames/1H6PS.mp4 already exists. Skipping dumping into this directory.
  RuntimeWarning)
ActionGenome/tools/dump_frames.py:46: RuntimeWarning: Frame directory /home/axa230262/scratch/STTran/action_genome/frames/1HAYV.mp4 already exists. Skipping dumping into this directory.
  RuntimeWarning)
ActionGenome/tools/dump_frames.py:46: RuntimeWarning: Frame directory /home/axa230262/scratch/STTran/action_genome/frames/1HDAC.mp4 already exists. Skipping dumping into this directory.
  RuntimeWarning)
ActionGenome/tools/dump_frames.py:46: RuntimeWarning: Frame directory /home/axa230262/scratch/STTran/action_genome/frames/1HGEX.mp4 already exists. Skipping dumping into this directory.
  RuntimeWarning)
ActionGenome/tools/dump_frames.py:46: RuntimeWarning: Frame directory /home/axa230262/scratch/STTran/action_genome/frames/1HHP1.mp4 already exists. Skipping dumping into this directory.
  RuntimeWarning)
ActionGenome/tools/dump_frames.py:46: RuntimeWarning: Frame directory /home/axa230262/scratch/STTran/action_genome/frames/1HL2K.mp4 already exists. Skipping dumping into this directory.
  RuntimeWarning)
ActionGenome/tools/dump_frames.py:46: RuntimeWarning: Frame directory /home/axa230262/scratch/STTran/action_genome/frames/1HP1X.mp4 already exists. Skipping dumping into this directory.
  RuntimeWarning)
ActionGenome/tools/dump_frames.py:46: RuntimeWarning: Frame directory /home/axa230262/scratch/STTran/action_genome/frames/1HYO4.mp4 already exists. Skipping dumping into this directory.
  RuntimeWarning)
ActionGenome/tools/dump_frames.py:46: RuntimeWarning: Frame directory /home/axa230262/scratch/STTran/action_genome/frames/1HZGH.mp4 already exists. Skipping dumping into this directory.
  RuntimeWarning)
ActionGenome/tools/dump_frames.py:46: RuntimeWarning: Frame directory /home/axa230262/scratch/STTran/action_genome/frames/1IIS5.mp4 already exists. Skipping dumping into this directory.
  RuntimeWarning)
ActionGenome/tools/dump_frames.py:46: RuntimeWarning: Frame directory /home/axa230262/scratch/STTran/action_genome/frames/1IJ7V.mp4 already exists. Skipping dumping into this directory.
  RuntimeWarning)
ActionGenome/tools/dump_frames.py:46: RuntimeWarning: Frame directory /home/axa230262/scratch/STTran/action_genome/frames/1IPYC.mp4 already exists. Skipping dumping into this directory.
  RuntimeWarning)
ActionGenome/tools/dump_frames.py:46: RuntimeWarning: Frame directory /home/axa230262/scratch/STTran/action_genome/frames/1IYEW.mp4 already exists. Skipping dumping into this directory.
  RuntimeWarning)
ActionGenome/tools/dump_frames.py:46: RuntimeWarning: Frame directory /home/axa230262/scratch/STTran/action_genome/frames/1J3I0.mp4 already exists. Skipping dumping into this directory.
  RuntimeWarning)
ActionGenome/tools/dump_frames.py:46: RuntimeWarning: Frame directory /home/axa230262/scratch/STTran/action_genome/frames/1JGLR.mp4 already exists. Skipping dumping into this directory.
  RuntimeWarning)
ActionGenome/tools/dump_frames.py:46: RuntimeWarning: Frame directory /home/axa230262/scratch/STTran/action_genome/frames/1JGRO.mp4 already exists. Skipping dumping into this directory.
  RuntimeWarning)
ActionGenome/tools/dump_frames.py:46: RuntimeWarning: Frame directory /home/axa230262/scratch/STTran/action_genome/frames/1JH1W.mp4 already exists. Skipping dumping into this directory.
  RuntimeWarning)
ActionGenome/tools/dump_frames.py:46: RuntimeWarning: Frame directory /home/axa230262/scratch/STTran/action_genome/frames/1JYPW.mp4 already exists. Skipping dumping into this directory.
  RuntimeWarning)
ActionGenome/tools/dump_frames.py:46: RuntimeWarning: Frame directory /home/axa230262/scratch/STTran/action_genome/frames/1K0GV.mp4 already exists. Skipping dumping into this directory.
  RuntimeWarning)
ActionGenome/tools/dump_frames.py:46: RuntimeWarning: Frame directory /home/axa230262/scratch/STTran/action_genome/frames/1K0SU.mp4 already exists. Skipping dumping into this directory.
  RuntimeWarning)
ActionGenome/tools/dump_frames.py:46: RuntimeWarning: Frame directory /home/axa230262/scratch/STTran/action_genome/frames/1K4ZT.mp4 already exists. Skipping dumping into this directory.
  RuntimeWarning)
ActionGenome/tools/dump_frames.py:46: RuntimeWarning: Frame directory /home/axa230262/scratch/STTran/action_genome/frames/1KC11.mp4 already exists. Skipping dumping into this directory.
  RuntimeWarning)
ActionGenome/tools/dump_frames.py:46: RuntimeWarning: Frame directory /home/axa230262/scratch/STTran/action_genome/frames/1KDFH.mp4 already exists. Skipping dumping into this directory.
  RuntimeWarning)
ActionGenome/tools/dump_frames.py:46: RuntimeWarning: Frame directory /home/axa230262/scratch/STTran/action_genome/frames/1KFLX.mp4 already exists. Skipping dumping into this directory.
  RuntimeWarning)
ActionGenome/tools/dump_frames.py:46: RuntimeWarning: Frame directory /home/axa230262/scratch/STTran/action_genome/frames/1KJI0.mp4 already exists. Skipping dumping into this directory.
  RuntimeWarning)
ActionGenome/tools/dump_frames.py:46: RuntimeWarning: Frame directory /home/axa230262/scratch/STTran/action_genome/frames/1KKYX.mp4 already exists. Skipping dumping into this directory.
  RuntimeWarning)
ActionGenome/tools/dump_frames.py:46: RuntimeWarning: Frame directory /home/axa230262/scratch/STTran/action_genome/frames/1KOZ4.mp4 already exists. Skipping dumping into this directory.
  RuntimeWarning)
ActionGenome/tools/dump_frames.py:46: RuntimeWarning: Frame directory /home/axa230262/scratch/STTran/action_genome/frames/1L220.mp4 already exists. Skipping dumping into this directory.
  RuntimeWarning)
ActionGenome/tools/dump_frames.py:46: RuntimeWarning: Frame directory /home/axa230262/scratch/STTran/action_genome/frames/1L2G1.mp4 already exists. Skipping dumping into this directory.
  RuntimeWarning)
ActionGenome/tools/dump_frames.py:46: RuntimeWarning: Frame directory /home/axa230262/scratch/STTran/action_genome/frames/1L376.mp4 already exists. Skipping dumping into this directory.
  RuntimeWarning)
ActionGenome/tools/dump_frames.py:46: RuntimeWarning: Frame directory /home/axa230262/scratch/STTran/action_genome/frames/1L5D3.mp4 already exists. Skipping dumping into this directory.
  RuntimeWarning)
ActionGenome/tools/dump_frames.py:46: RuntimeWarning: Frame directory /home/axa230262/scratch/STTran/action_genome/frames/1L7XE.mp4 already exists. Skipping dumping into this directory.
  RuntimeWarning)
ActionGenome/tools/dump_frames.py:46: RuntimeWarning: Frame directory /home/axa230262/scratch/STTran/action_genome/frames/1LARL.mp4 already exists. Skipping dumping into this directory.
  RuntimeWarning)
ActionGenome/tools/dump_frames.py:46: RuntimeWarning: Frame directory /home/axa230262/scratch/STTran/action_genome/frames/1LBUG.mp4 already exists. Skipping dumping into this directory.
  RuntimeWarning)
ActionGenome/tools/dump_frames.py:46: RuntimeWarning: Frame directory /home/axa230262/scratch/STTran/action_genome/frames/1LEE4.mp4 already exists. Skipping dumping into this directory.
  RuntimeWarning)
ActionGenome/tools/dump_frames.py:46: RuntimeWarning: Frame directory /home/axa230262/scratch/STTran/action_genome/frames/1LKPL.mp4 already exists. Skipping dumping into this directory.
  RuntimeWarning)
ActionGenome/tools/dump_frames.py:46: RuntimeWarning: Frame directory /home/axa230262/scratch/STTran/action_genome/frames/1LSEQ.mp4 already exists. Skipping dumping into this directory.
  RuntimeWarning)
ActionGenome/tools/dump_frames.py:46: RuntimeWarning: Frame directory /home/axa230262/scratch/STTran/action_genome/frames/1LZ53.mp4 already exists. Skipping dumping into this directory.
  RuntimeWarning)
ActionGenome/tools/dump_frames.py:46: RuntimeWarning: Frame directory /home/axa230262/scratch/STTran/action_genome/frames/1M89F.mp4 already exists. Skipping dumping into this directory.
  RuntimeWarning)
ActionGenome/tools/dump_frames.py:46: RuntimeWarning: Frame directory /home/axa230262/scratch/STTran/action_genome/frames/1M8EE.mp4 already exists. Skipping dumping into this directory.
  RuntimeWarning)
ActionGenome/tools/dump_frames.py:46: RuntimeWarning: Frame directory /home/axa230262/scratch/STTran/action_genome/frames/1MD1H.mp4 already exists. Skipping dumping into this directory.
  RuntimeWarning)
ActionGenome/tools/dump_frames.py:46: RuntimeWarning: Frame directory /home/axa230262/scratch/STTran/action_genome/frames/1MU5L.mp4 already exists. Skipping dumping into this directory.
  RuntimeWarning)
ActionGenome/tools/dump_frames.py:46: RuntimeWarning: Frame directory /home/axa230262/scratch/STTran/action_genome/frames/1MZJF.mp4 already exists. Skipping dumping into this directory.
  RuntimeWarning)
ActionGenome/tools/dump_frames.py:46: RuntimeWarning: Frame directory /home/axa230262/scratch/STTran/action_genome/frames/1N1UT.mp4 already exists. Skipping dumping into this directory.
  RuntimeWarning)
ActionGenome/tools/dump_frames.py:46: RuntimeWarning: Frame directory /home/axa230262/scratch/STTran/action_genome/frames/1NDVD.mp4 already exists. Skipping dumping into this directory.
  RuntimeWarning)
ActionGenome/tools/dump_frames.py:46: RuntimeWarning: Frame directory /home/axa230262/scratch/STTran/action_genome/frames/1NJOQ.mp4 already exists. Skipping dumping into this directory.
  RuntimeWarning)
ActionGenome/tools/dump_frames.py:46: RuntimeWarning: Frame directory /home/axa230262/scratch/STTran/action_genome/frames/1NNFV.mp4 already exists. Skipping dumping into this directory.
  RuntimeWarning)
ActionGenome/tools/dump_frames.py:46: RuntimeWarning: Frame directory /home/axa230262/scratch/STTran/action_genome/frames/1NT8P.mp4 already exists. Skipping dumping into this directory.
  RuntimeWarning)
ActionGenome/tools/dump_frames.py:46: RuntimeWarning: Frame directory /home/axa230262/scratch/STTran/action_genome/frames/1NVWD.mp4 already exists. Skipping dumping into this directory.
  RuntimeWarning)
ActionGenome/tools/dump_frames.py:46: RuntimeWarning: Frame directory /home/axa230262/scratch/STTran/action_genome/frames/1NYKM.mp4 already exists. Skipping dumping into this directory.
  RuntimeWarning)
ActionGenome/tools/dump_frames.py:46: RuntimeWarning: Frame directory /home/axa230262/scratch/STTran/action_genome/frames/1O1JS.mp4 already exists. Skipping dumping into this directory.
  RuntimeWarning)
ActionGenome/tools/dump_frames.py:46: RuntimeWarning: Frame directory /home/axa230262/scratch/STTran/action_genome/frames/1O4ZZ.mp4 already exists. Skipping dumping into this directory.
  RuntimeWarning)
ActionGenome/tools/dump_frames.py:46: RuntimeWarning: Frame directory /home/axa230262/scratch/STTran/action_genome/frames/1O6PH.mp4 already exists. Skipping dumping into this directory.
  RuntimeWarning)
ActionGenome/tools/dump_frames.py:46: RuntimeWarning: Frame directory /home/axa230262/scratch/STTran/action_genome/frames/1OF1O.mp4 already exists. Skipping dumping into this directory.
  RuntimeWarning)
ActionGenome/tools/dump_frames.py:46: RuntimeWarning: Frame directory /home/axa230262/scratch/STTran/action_genome/frames/1OIPY.mp4 already exists. Skipping dumping into this directory.
  RuntimeWarning)
ActionGenome/tools/dump_frames.py:46: RuntimeWarning: Frame directory /home/axa230262/scratch/STTran/action_genome/frames/1OVB8.mp4 already exists. Skipping dumping into this directory.
  RuntimeWarning)
ActionGenome/tools/dump_frames.py:46: RuntimeWarning: Frame directory /home/axa230262/scratch/STTran/action_genome/frames/1P7GJ.mp4 already exists. Skipping dumping into this directory.
  RuntimeWarning)
ActionGenome/tools/dump_frames.py:46: RuntimeWarning: Frame directory /home/axa230262/scratch/STTran/action_genome/frames/1P97N.mp4 already exists. Skipping dumping into this directory.
  RuntimeWarning)
ActionGenome/tools/dump_frames.py:46: RuntimeWarning: Frame directory /home/axa230262/scratch/STTran/action_genome/frames/1PALI.mp4 already exists. Skipping dumping into this directory.
  RuntimeWarning)
ActionGenome/tools/dump_frames.py:46: RuntimeWarning: Frame directory /home/axa230262/scratch/STTran/action_genome/frames/1PB6T.mp4 already exists. Skipping dumping into this directory.
  RuntimeWarning)
ActionGenome/tools/dump_frames.py:46: RuntimeWarning: Frame directory /home/axa230262/scratch/STTran/action_genome/frames/1PCR7.mp4 already exists. Skipping dumping into this directory.
  RuntimeWarning)
ActionGenome/tools/dump_frames.py:46: RuntimeWarning: Frame directory /home/axa230262/scratch/STTran/action_genome/frames/1PILH.mp4 already exists. Skipping dumping into this directory.
  RuntimeWarning)
ActionGenome/tools/dump_frames.py:46: RuntimeWarning: Frame directory /home/axa230262/scratch/STTran/action_genome/frames/1Q4P9.mp4 already exists. Skipping dumping into this directory.
  RuntimeWarning)
ActionGenome/tools/dump_frames.py:46: RuntimeWarning: Frame directory /home/axa230262/scratch/STTran/action_genome/frames/1Q4SL.mp4 already exists. Skipping dumping into this directory.
  RuntimeWarning)
ActionGenome/tools/dump_frames.py:46: RuntimeWarning: Frame directory /home/axa230262/scratch/STTran/action_genome/frames/1Q5ST.mp4 already exists. Skipping dumping into this directory.
  RuntimeWarning)
ActionGenome/tools/dump_frames.py:46: RuntimeWarning: Frame directory /home/axa230262/scratch/STTran/action_genome/frames/1Q6M7.mp4 already exists. Skipping dumping into this directory.
  RuntimeWarning)
ActionGenome/tools/dump_frames.py:46: RuntimeWarning: Frame directory /home/axa230262/scratch/STTran/action_genome/frames/1Q8WU.mp4 already exists. Skipping dumping into this directory.
  RuntimeWarning)
ActionGenome/tools/dump_frames.py:46: RuntimeWarning: Frame directory /home/axa230262/scratch/STTran/action_genome/frames/1QP1S.mp4 already exists. Skipping dumping into this directory.
  RuntimeWarning)
ActionGenome/tools/dump_frames.py:46: RuntimeWarning: Frame directory /home/axa230262/scratch/STTran/action_genome/frames/1QT62.mp4 already exists. Skipping dumping into this directory.
  RuntimeWarning)
ActionGenome/tools/dump_frames.py:46: RuntimeWarning: Frame directory /home/axa230262/scratch/STTran/action_genome/frames/1R9XW.mp4 already exists. Skipping dumping into this directory.
  RuntimeWarning)
ActionGenome/tools/dump_frames.py:46: RuntimeWarning: Frame directory /home/axa230262/scratch/STTran/action_genome/frames/1RB92.mp4 already exists. Skipping dumping into this directory.
  RuntimeWarning)
ActionGenome/tools/dump_frames.py:46: RuntimeWarning: Frame directory /home/axa230262/scratch/STTran/action_genome/frames/1RD2K.mp4 already exists. Skipping dumping into this directory.
  RuntimeWarning)
ActionGenome/tools/dump_frames.py:46: RuntimeWarning: Frame directory /home/axa230262/scratch/STTran/action_genome/frames/1RHDP.mp4 already exists. Skipping dumping into this directory.
  RuntimeWarning)
ActionGenome/tools/dump_frames.py:46: RuntimeWarning: Frame directory /home/axa230262/scratch/STTran/action_genome/frames/1RNK6.mp4 already exists. Skipping dumping into this directory.
  RuntimeWarning)
ActionGenome/tools/dump_frames.py:46: RuntimeWarning: Frame directory /home/axa230262/scratch/STTran/action_genome/frames/1ROX7.mp4 already exists. Skipping dumping into this directory.
  RuntimeWarning)
ActionGenome/tools/dump_frames.py:46: RuntimeWarning: Frame directory /home/axa230262/scratch/STTran/action_genome/frames/1S6FD.mp4 already exists. Skipping dumping into this directory.
  RuntimeWarning)
ActionGenome/tools/dump_frames.py:46: RuntimeWarning: Frame directory /home/axa230262/scratch/STTran/action_genome/frames/1SCAZ.mp4 already exists. Skipping dumping into this directory.
  RuntimeWarning)
ActionGenome/tools/dump_frames.py:46: RuntimeWarning: Frame directory /home/axa230262/scratch/STTran/action_genome/frames/1SCZE.mp4 already exists. Skipping dumping into this directory.
  RuntimeWarning)
ActionGenome/tools/dump_frames.py:46: RuntimeWarning: Frame directory /home/axa230262/scratch/STTran/action_genome/frames/1SJQX.mp4 already exists. Skipping dumping into this directory.
  RuntimeWarning)
ActionGenome/tools/dump_frames.py:46: RuntimeWarning: Frame directory /home/axa230262/scratch/STTran/action_genome/frames/1SKLG.mp4 already exists. Skipping dumping into this directory.
  RuntimeWarning)
ActionGenome/tools/dump_frames.py:46: RuntimeWarning: Frame directory /home/axa230262/scratch/STTran/action_genome/frames/1SLTT.mp4 already exists. Skipping dumping into this directory.
  RuntimeWarning)
ActionGenome/tools/dump_frames.py:46: RuntimeWarning: Frame directory /home/axa230262/scratch/STTran/action_genome/frames/1SMZZ.mp4 already exists. Skipping dumping into this directory.
  RuntimeWarning)
ActionGenome/tools/dump_frames.py:46: RuntimeWarning: Frame directory /home/axa230262/scratch/STTran/action_genome/frames/1SUIC.mp4 already exists. Skipping dumping into this directory.
  RuntimeWarning)
ActionGenome/tools/dump_frames.py:46: RuntimeWarning: Frame directory /home/axa230262/scratch/STTran/action_genome/frames/1SVJS.mp4 already exists. Skipping dumping into this directory.
  RuntimeWarning)
ActionGenome/tools/dump_frames.py:46: RuntimeWarning: Frame directory /home/axa230262/scratch/STTran/action_genome/frames/1T2W4.mp4 already exists. Skipping dumping into this directory.
  RuntimeWarning)
ActionGenome/tools/dump_frames.py:46: RuntimeWarning: Frame directory /home/axa230262/scratch/STTran/action_genome/frames/1T3B4.mp4 already exists. Skipping dumping into this directory.
  RuntimeWarning)
ActionGenome/tools/dump_frames.py:46: RuntimeWarning: Frame directory /home/axa230262/scratch/STTran/action_genome/frames/1T8RK.mp4 already exists. Skipping dumping into this directory.
  RuntimeWarning)
ActionGenome/tools/dump_frames.py:46: RuntimeWarning: Frame directory /home/axa230262/scratch/STTran/action_genome/frames/1TAMK.mp4 already exists. Skipping dumping into this directory.
  RuntimeWarning)
ActionGenome/tools/dump_frames.py:46: RuntimeWarning: Frame directory /home/axa230262/scratch/STTran/action_genome/frames/1TGKL.mp4 already exists. Skipping dumping into this directory.
  RuntimeWarning)
ActionGenome/tools/dump_frames.py:46: RuntimeWarning: Frame directory /home/axa230262/scratch/STTran/action_genome/frames/1THHL.mp4 already exists. Skipping dumping into this directory.
  RuntimeWarning)
ActionGenome/tools/dump_frames.py:46: RuntimeWarning: Frame directory /home/axa230262/scratch/STTran/action_genome/frames/1TIAK.mp4 already exists. Skipping dumping into this directory.
  RuntimeWarning)
ActionGenome/tools/dump_frames.py:46: RuntimeWarning: Frame directory /home/axa230262/scratch/STTran/action_genome/frames/1TW98.mp4 already exists. Skipping dumping into this directory.
  RuntimeWarning)
ActionGenome/tools/dump_frames.py:46: RuntimeWarning: Frame directory /home/axa230262/scratch/STTran/action_genome/frames/1TWH6.mp4 already exists. Skipping dumping into this directory.
  RuntimeWarning)
ActionGenome/tools/dump_frames.py:46: RuntimeWarning: Frame directory /home/axa230262/scratch/STTran/action_genome/frames/1TZK5.mp4 already exists. Skipping dumping into this directory.
  RuntimeWarning)
ActionGenome/tools/dump_frames.py:46: RuntimeWarning: Frame directory /home/axa230262/scratch/STTran/action_genome/frames/1U9TF.mp4 already exists. Skipping dumping into this directory.
  RuntimeWarning)
ActionGenome/tools/dump_frames.py:46: RuntimeWarning: Frame directory /home/axa230262/scratch/STTran/action_genome/frames/1UFW1.mp4 already exists. Skipping dumping into this directory.
  RuntimeWarning)
ActionGenome/tools/dump_frames.py:46: RuntimeWarning: Frame directory /home/axa230262/scratch/STTran/action_genome/frames/1UHL7.mp4 already exists. Skipping dumping into this directory.
  RuntimeWarning)
ActionGenome/tools/dump_frames.py:46: RuntimeWarning: Frame directory /home/axa230262/scratch/STTran/action_genome/frames/1UI6I.mp4 already exists. Skipping dumping into this directory.
  RuntimeWarning)
ActionGenome/tools/dump_frames.py:46: RuntimeWarning: Frame directory /home/axa230262/scratch/STTran/action_genome/frames/1UNXY.mp4 already exists. Skipping dumping into this directory.
  RuntimeWarning)
ActionGenome/tools/dump_frames.py:46: RuntimeWarning: Frame directory /home/axa230262/scratch/STTran/action_genome/frames/1UPHI.mp4 already exists. Skipping dumping into this directory.
  RuntimeWarning)
ActionGenome/tools/dump_frames.py:46: RuntimeWarning: Frame directory /home/axa230262/scratch/STTran/action_genome/frames/1US0H.mp4 already exists. Skipping dumping into this directory.
  RuntimeWarning)
ActionGenome/tools/dump_frames.py:46: RuntimeWarning: Frame directory /home/axa230262/scratch/STTran/action_genome/frames/1UXVA.mp4 already exists. Skipping dumping into this directory.
  RuntimeWarning)
ActionGenome/tools/dump_frames.py:46: RuntimeWarning: Frame directory /home/axa230262/scratch/STTran/action_genome/frames/1V30R.mp4 already exists. Skipping dumping into this directory.
  RuntimeWarning)
ActionGenome/tools/dump_frames.py:46: RuntimeWarning: Frame directory /home/axa230262/scratch/STTran/action_genome/frames/1VF27.mp4 already exists. Skipping dumping into this directory.
  RuntimeWarning)
ActionGenome/tools/dump_frames.py:46: RuntimeWarning: Frame directory /home/axa230262/scratch/STTran/action_genome/frames/1VIQC.mp4 already exists. Skipping dumping into this directory.
  RuntimeWarning)
ActionGenome/tools/dump_frames.py:46: RuntimeWarning: Frame directory /home/axa230262/scratch/STTran/action_genome/frames/1VMZM.mp4 already exists. Skipping dumping into this directory.
  RuntimeWarning)
ActionGenome/tools/dump_frames.py:46: RuntimeWarning: Frame directory /home/axa230262/scratch/STTran/action_genome/frames/1VRH1.mp4 already exists. Skipping dumping into this directory.
  RuntimeWarning)
ActionGenome/tools/dump_frames.py:46: RuntimeWarning: Frame directory /home/axa230262/scratch/STTran/action_genome/frames/1VUDV.mp4 already exists. Skipping dumping into this directory.
  RuntimeWarning)
ActionGenome/tools/dump_frames.py:46: RuntimeWarning: Frame directory /home/axa230262/scratch/STTran/action_genome/frames/1VUWS.mp4 already exists. Skipping dumping into this directory.
  RuntimeWarning)
ActionGenome/tools/dump_frames.py:46: RuntimeWarning: Frame directory /home/axa230262/scratch/STTran/action_genome/frames/1W28T.mp4 already exists. Skipping dumping into this directory.
  RuntimeWarning)
ActionGenome/tools/dump_frames.py:46: RuntimeWarning: Frame directory /home/axa230262/scratch/STTran/action_genome/frames/1W2NR.mp4 already exists. Skipping dumping into this directory.
  RuntimeWarning)
ActionGenome/tools/dump_frames.py:46: RuntimeWarning: Frame directory /home/axa230262/scratch/STTran/action_genome/frames/1W6YY.mp4 already exists. Skipping dumping into this directory.
  RuntimeWarning)
ActionGenome/tools/dump_frames.py:46: RuntimeWarning: Frame directory /home/axa230262/scratch/STTran/action_genome/frames/1W6ZK.mp4 already exists. Skipping dumping into this directory.
  RuntimeWarning)
ActionGenome/tools/dump_frames.py:46: RuntimeWarning: Frame directory /home/axa230262/scratch/STTran/action_genome/frames/1WAOU.mp4 already exists. Skipping dumping into this directory.
  RuntimeWarning)
ActionGenome/tools/dump_frames.py:46: RuntimeWarning: Frame directory /home/axa230262/scratch/STTran/action_genome/frames/1WEDJ.mp4 already exists. Skipping dumping into this directory.
  RuntimeWarning)
ActionGenome/tools/dump_frames.py:46: RuntimeWarning: Frame directory /home/axa230262/scratch/STTran/action_genome/frames/1WFWL.mp4 already exists. Skipping dumping into this directory.
  RuntimeWarning)
ActionGenome/tools/dump_frames.py:46: RuntimeWarning: Frame directory /home/axa230262/scratch/STTran/action_genome/frames/1WI77.mp4 already exists. Skipping dumping into this directory.
  RuntimeWarning)
ActionGenome/tools/dump_frames.py:46: RuntimeWarning: Frame directory /home/axa230262/scratch/STTran/action_genome/frames/1WJ6O.mp4 already exists. Skipping dumping into this directory.
  RuntimeWarning)
ActionGenome/tools/dump_frames.py:46: RuntimeWarning: Frame directory /home/axa230262/scratch/STTran/action_genome/frames/1WLKW.mp4 already exists. Skipping dumping into this directory.
  RuntimeWarning)
ActionGenome/tools/dump_frames.py:46: RuntimeWarning: Frame directory /home/axa230262/scratch/STTran/action_genome/frames/1WWJZ.mp4 already exists. Skipping dumping into this directory.
  RuntimeWarning)
ActionGenome/tools/dump_frames.py:46: RuntimeWarning: Frame directory /home/axa230262/scratch/STTran/action_genome/frames/1X0M3.mp4 already exists. Skipping dumping into this directory.
  RuntimeWarning)
ActionGenome/tools/dump_frames.py:46: RuntimeWarning: Frame directory /home/axa230262/scratch/STTran/action_genome/frames/1X4SD.mp4 already exists. Skipping dumping into this directory.
  RuntimeWarning)
ActionGenome/tools/dump_frames.py:46: RuntimeWarning: Frame directory /home/axa230262/scratch/STTran/action_genome/frames/1X59T.mp4 already exists. Skipping dumping into this directory.
  RuntimeWarning)
ActionGenome/tools/dump_frames.py:46: RuntimeWarning: Frame directory /home/axa230262/scratch/STTran/action_genome/frames/1X765.mp4 already exists. Skipping dumping into this directory.
  RuntimeWarning)
ActionGenome/tools/dump_frames.py:46: RuntimeWarning: Frame directory /home/axa230262/scratch/STTran/action_genome/frames/1X7OW.mp4 already exists. Skipping dumping into this directory.
  RuntimeWarning)
ActionGenome/tools/dump_frames.py:46: RuntimeWarning: Frame directory /home/axa230262/scratch/STTran/action_genome/frames/1X9A1.mp4 already exists. Skipping dumping into this directory.
  RuntimeWarning)
ActionGenome/tools/dump_frames.py:46: RuntimeWarning: Frame directory /home/axa230262/scratch/STTran/action_genome/frames/1XBU2.mp4 already exists. Skipping dumping into this directory.
  RuntimeWarning)
ActionGenome/tools/dump_frames.py:46: RuntimeWarning: Frame directory /home/axa230262/scratch/STTran/action_genome/frames/1XFDY.mp4 already exists. Skipping dumping into this directory.
  RuntimeWarning)
ActionGenome/tools/dump_frames.py:46: RuntimeWarning: Frame directory /home/axa230262/scratch/STTran/action_genome/frames/1XFP6.mp4 already exists. Skipping dumping into this directory.
  RuntimeWarning)
ActionGenome/tools/dump_frames.py:46: RuntimeWarning: Frame directory /home/axa230262/scratch/STTran/action_genome/frames/1XK68.mp4 already exists. Skipping dumping into this directory.
  RuntimeWarning)
ActionGenome/tools/dump_frames.py:46: RuntimeWarning: Frame directory /home/axa230262/scratch/STTran/action_genome/frames/1XOQ8.mp4 already exists. Skipping dumping into this directory.
  RuntimeWarning)
ActionGenome/tools/dump_frames.py:46: RuntimeWarning: Frame directory /home/axa230262/scratch/STTran/action_genome/frames/1Y09V.mp4 already exists. Skipping dumping into this directory.
  RuntimeWarning)
ActionGenome/tools/dump_frames.py:46: RuntimeWarning: Frame directory /home/axa230262/scratch/STTran/action_genome/frames/1Y5H7.mp4 already exists. Skipping dumping into this directory.
  RuntimeWarning)
ActionGenome/tools/dump_frames.py:46: RuntimeWarning: Frame directory /home/axa230262/scratch/STTran/action_genome/frames/1YAYG.mp4 already exists. Skipping dumping into this directory.
  RuntimeWarning)
ActionGenome/tools/dump_frames.py:46: RuntimeWarning: Frame directory /home/axa230262/scratch/STTran/action_genome/frames/1YBKW.mp4 already exists. Skipping dumping into this directory.
  RuntimeWarning)
ActionGenome/tools/dump_frames.py:46: RuntimeWarning: Frame directory /home/axa230262/scratch/STTran/action_genome/frames/1YC83.mp4 already exists. Skipping dumping into this directory.
  RuntimeWarning)
ActionGenome/tools/dump_frames.py:46: RuntimeWarning: Frame directory /home/axa230262/scratch/STTran/action_genome/frames/1YDCG.mp4 already exists. Skipping dumping into this directory.
  RuntimeWarning)
ActionGenome/tools/dump_frames.py:46: RuntimeWarning: Frame directory /home/axa230262/scratch/STTran/action_genome/frames/1YH1Y.mp4 already exists. Skipping dumping into this directory.
  RuntimeWarning)
ActionGenome/tools/dump_frames.py:46: RuntimeWarning: Frame directory /home/axa230262/scratch/STTran/action_genome/frames/1YSGI.mp4 already exists. Skipping dumping into this directory.
  RuntimeWarning)
ActionGenome/tools/dump_frames.py:46: RuntimeWarning: Frame directory /home/axa230262/scratch/STTran/action_genome/frames/1YTD7.mp4 already exists. Skipping dumping into this directory.
  RuntimeWarning)
ActionGenome/tools/dump_frames.py:46: RuntimeWarning: Frame directory /home/axa230262/scratch/STTran/action_genome/frames/1Z5FK.mp4 already exists. Skipping dumping into this directory.
  RuntimeWarning)
ActionGenome/tools/dump_frames.py:46: RuntimeWarning: Frame directory /home/axa230262/scratch/STTran/action_genome/frames/1ZAN8.mp4 already exists. Skipping dumping into this directory.
  RuntimeWarning)
ActionGenome/tools/dump_frames.py:46: RuntimeWarning: Frame directory /home/axa230262/scratch/STTran/action_genome/frames/1ZB73.mp4 already exists. Skipping dumping into this directory.
  RuntimeWarning)
ActionGenome/tools/dump_frames.py:46: RuntimeWarning: Frame directory /home/axa230262/scratch/STTran/action_genome/frames/1ZBM9.mp4 already exists. Skipping dumping into this directory.
  RuntimeWarning)
ActionGenome/tools/dump_frames.py:46: RuntimeWarning: Frame directory /home/axa230262/scratch/STTran/action_genome/frames/1ZBUS.mp4 already exists. Skipping dumping into this directory.
  RuntimeWarning)
ActionGenome/tools/dump_frames.py:46: RuntimeWarning: Frame directory /home/axa230262/scratch/STTran/action_genome/frames/1ZEJJ.mp4 already exists. Skipping dumping into this directory.
  RuntimeWarning)
ActionGenome/tools/dump_frames.py:46: RuntimeWarning: Frame directory /home/axa230262/scratch/STTran/action_genome/frames/1ZWPP.mp4 already exists. Skipping dumping into this directory.
  RuntimeWarning)
ActionGenome/tools/dump_frames.py:46: RuntimeWarning: Frame directory /home/axa230262/scratch/STTran/action_genome/frames/201W8.mp4 already exists. Skipping dumping into this directory.
  RuntimeWarning)
ActionGenome/tools/dump_frames.py:46: RuntimeWarning: Frame directory /home/axa230262/scratch/STTran/action_genome/frames/2074D.mp4 already exists. Skipping dumping into this directory.
  RuntimeWarning)
ActionGenome/tools/dump_frames.py:46: RuntimeWarning: Frame directory /home/axa230262/scratch/STTran/action_genome/frames/20LDB.mp4 already exists. Skipping dumping into this directory.
  RuntimeWarning)
ActionGenome/tools/dump_frames.py:46: RuntimeWarning: Frame directory /home/axa230262/scratch/STTran/action_genome/frames/20NI0.mp4 already exists. Skipping dumping into this directory.
  RuntimeWarning)
ActionGenome/tools/dump_frames.py:46: RuntimeWarning: Frame directory /home/axa230262/scratch/STTran/action_genome/frames/20WZU.mp4 already exists. Skipping dumping into this directory.
  RuntimeWarning)
ActionGenome/tools/dump_frames.py:46: RuntimeWarning: Frame directory /home/axa230262/scratch/STTran/action_genome/frames/20YRU.mp4 already exists. Skipping dumping into this directory.
  RuntimeWarning)
ActionGenome/tools/dump_frames.py:46: RuntimeWarning: Frame directory /home/axa230262/scratch/STTran/action_genome/frames/215QU.mp4 already exists. Skipping dumping into this directory.
  RuntimeWarning)
ActionGenome/tools/dump_frames.py:46: RuntimeWarning: Frame directory /home/axa230262/scratch/STTran/action_genome/frames/21A0W.mp4 already exists. Skipping dumping into this directory.
  RuntimeWarning)
ActionGenome/tools/dump_frames.py:46: RuntimeWarning: Frame directory /home/axa230262/scratch/STTran/action_genome/frames/21E40.mp4 already exists. Skipping dumping into this directory.
  RuntimeWarning)
ActionGenome/tools/dump_frames.py:46: RuntimeWarning: Frame directory /home/axa230262/scratch/STTran/action_genome/frames/21F9H.mp4 already exists. Skipping dumping into this directory.
  RuntimeWarning)
ActionGenome/tools/dump_frames.py:46: RuntimeWarning: Frame directory /home/axa230262/scratch/STTran/action_genome/frames/21MI8.mp4 already exists. Skipping dumping into this directory.
  RuntimeWarning)
ActionGenome/tools/dump_frames.py:46: RuntimeWarning: Frame directory /home/axa230262/scratch/STTran/action_genome/frames/21O5C.mp4 already exists. Skipping dumping into this directory.
  RuntimeWarning)
ActionGenome/tools/dump_frames.py:46: RuntimeWarning: Frame directory /home/axa230262/scratch/STTran/action_genome/frames/21WN7.mp4 already exists. Skipping dumping into this directory.
  RuntimeWarning)
ActionGenome/tools/dump_frames.py:46: RuntimeWarning: Frame directory /home/axa230262/scratch/STTran/action_genome/frames/229ZR.mp4 already exists. Skipping dumping into this directory.
  RuntimeWarning)
ActionGenome/tools/dump_frames.py:46: RuntimeWarning: Frame directory /home/axa230262/scratch/STTran/action_genome/frames/22A2G.mp4 already exists. Skipping dumping into this directory.
  RuntimeWarning)
ActionGenome/tools/dump_frames.py:46: RuntimeWarning: Frame directory /home/axa230262/scratch/STTran/action_genome/frames/22FJU.mp4 already exists. Skipping dumping into this directory.
  RuntimeWarning)
ActionGenome/tools/dump_frames.py:46: RuntimeWarning: Frame directory /home/axa230262/scratch/STTran/action_genome/frames/22ROE.mp4 already exists. Skipping dumping into this directory.
  RuntimeWarning)
ActionGenome/tools/dump_frames.py:46: RuntimeWarning: Frame directory /home/axa230262/scratch/STTran/action_genome/frames/23QFL.mp4 already exists. Skipping dumping into this directory.
  RuntimeWarning)
ActionGenome/tools/dump_frames.py:46: RuntimeWarning: Frame directory /home/axa230262/scratch/STTran/action_genome/frames/23X63.mp4 already exists. Skipping dumping into this directory.
  RuntimeWarning)
ActionGenome/tools/dump_frames.py:46: RuntimeWarning: Frame directory /home/axa230262/scratch/STTran/action_genome/frames/23Y3I.mp4 already exists. Skipping dumping into this directory.
  RuntimeWarning)
ActionGenome/tools/dump_frames.py:46: RuntimeWarning: Frame directory /home/axa230262/scratch/STTran/action_genome/frames/23YS1.mp4 already exists. Skipping dumping into this directory.
  RuntimeWarning)
ActionGenome/tools/dump_frames.py:46: RuntimeWarning: Frame directory /home/axa230262/scratch/STTran/action_genome/frames/243Y9.mp4 already exists. Skipping dumping into this directory.
  RuntimeWarning)
ActionGenome/tools/dump_frames.py:46: RuntimeWarning: Frame directory /home/axa230262/scratch/STTran/action_genome/frames/2443O.mp4 already exists. Skipping dumping into this directory.
  RuntimeWarning)
ActionGenome/tools/dump_frames.py:46: RuntimeWarning: Frame directory /home/axa230262/scratch/STTran/action_genome/frames/24B2K.mp4 already exists. Skipping dumping into this directory.
  RuntimeWarning)
ActionGenome/tools/dump_frames.py:46: RuntimeWarning: Frame directory /home/axa230262/scratch/STTran/action_genome/frames/24KQ5.mp4 already exists. Skipping dumping into this directory.
  RuntimeWarning)
ActionGenome/tools/dump_frames.py:46: RuntimeWarning: Frame directory /home/axa230262/scratch/STTran/action_genome/frames/24SKP.mp4 already exists. Skipping dumping into this directory.
  RuntimeWarning)
ActionGenome/tools/dump_frames.py:46: RuntimeWarning: Frame directory /home/axa230262/scratch/STTran/action_genome/frames/24XDE.mp4 already exists. Skipping dumping into this directory.
  RuntimeWarning)
ActionGenome/tools/dump_frames.py:46: RuntimeWarning: Frame directory /home/axa230262/scratch/STTran/action_genome/frames/24XHS.mp4 already exists. Skipping dumping into this directory.
  RuntimeWarning)
ActionGenome/tools/dump_frames.py:46: RuntimeWarning: Frame directory /home/axa230262/scratch/STTran/action_genome/frames/250SN.mp4 already exists. Skipping dumping into this directory.
  RuntimeWarning)
ActionGenome/tools/dump_frames.py:46: RuntimeWarning: Frame directory /home/axa230262/scratch/STTran/action_genome/frames/2544C.mp4 already exists. Skipping dumping into this directory.
  RuntimeWarning)
ActionGenome/tools/dump_frames.py:46: RuntimeWarning: Frame directory /home/axa230262/scratch/STTran/action_genome/frames/25BZ1.mp4 already exists. Skipping dumping into this directory.
  RuntimeWarning)
ActionGenome/tools/dump_frames.py:46: RuntimeWarning: Frame directory /home/axa230262/scratch/STTran/action_genome/frames/25O6O.mp4 already exists. Skipping dumping into this directory.
  RuntimeWarning)
ActionGenome/tools/dump_frames.py:46: RuntimeWarning: Frame directory /home/axa230262/scratch/STTran/action_genome/frames/25QPB.mp4 already exists. Skipping dumping into this directory.
  RuntimeWarning)
ActionGenome/tools/dump_frames.py:46: RuntimeWarning: Frame directory /home/axa230262/scratch/STTran/action_genome/frames/25YVM.mp4 already exists. Skipping dumping into this directory.
  RuntimeWarning)
ActionGenome/tools/dump_frames.py:46: RuntimeWarning: Frame directory /home/axa230262/scratch/STTran/action_genome/frames/268ET.mp4 already exists. Skipping dumping into this directory.
  RuntimeWarning)
ActionGenome/tools/dump_frames.py:46: RuntimeWarning: Frame directory /home/axa230262/scratch/STTran/action_genome/frames/26JZM.mp4 already exists. Skipping dumping into this directory.
  RuntimeWarning)
ActionGenome/tools/dump_frames.py:46: RuntimeWarning: Frame directory /home/axa230262/scratch/STTran/action_genome/frames/26RQN.mp4 already exists. Skipping dumping into this directory.
  RuntimeWarning)
ActionGenome/tools/dump_frames.py:46: RuntimeWarning: Frame directory /home/axa230262/scratch/STTran/action_genome/frames/26YPV.mp4 already exists. Skipping dumping into this directory.
  RuntimeWarning)
ActionGenome/tools/dump_frames.py:46: RuntimeWarning: Frame directory /home/axa230262/scratch/STTran/action_genome/frames/275W0.mp4 already exists. Skipping dumping into this directory.
  RuntimeWarning)
ActionGenome/tools/dump_frames.py:46: RuntimeWarning: Frame directory /home/axa230262/scratch/STTran/action_genome/frames/279W6.mp4 already exists. Skipping dumping into this directory.
  RuntimeWarning)
ActionGenome/tools/dump_frames.py:46: RuntimeWarning: Frame directory /home/axa230262/scratch/STTran/action_genome/frames/27DCQ.mp4 already exists. Skipping dumping into this directory.
  RuntimeWarning)
ActionGenome/tools/dump_frames.py:46: RuntimeWarning: Frame directory /home/axa230262/scratch/STTran/action_genome/frames/27IOX.mp4 already exists. Skipping dumping into this directory.
  RuntimeWarning)
ActionGenome/tools/dump_frames.py:46: RuntimeWarning: Frame directory /home/axa230262/scratch/STTran/action_genome/frames/27JQL.mp4 already exists. Skipping dumping into this directory.
  RuntimeWarning)
ActionGenome/tools/dump_frames.py:46: RuntimeWarning: Frame directory /home/axa230262/scratch/STTran/action_genome/frames/27KAK.mp4 already exists. Skipping dumping into this directory.
  RuntimeWarning)
ActionGenome/tools/dump_frames.py:46: RuntimeWarning: Frame directory /home/axa230262/scratch/STTran/action_genome/frames/27SS2.mp4 already exists. Skipping dumping into this directory.
  RuntimeWarning)
ActionGenome/tools/dump_frames.py:46: RuntimeWarning: Frame directory /home/axa230262/scratch/STTran/action_genome/frames/27ZT9.mp4 already exists. Skipping dumping into this directory.
  RuntimeWarning)
ActionGenome/tools/dump_frames.py:46: RuntimeWarning: Frame directory /home/axa230262/scratch/STTran/action_genome/frames/282ZZ.mp4 already exists. Skipping dumping into this directory.
  RuntimeWarning)
ActionGenome/tools/dump_frames.py:46: RuntimeWarning: Frame directory /home/axa230262/scratch/STTran/action_genome/frames/2846J.mp4 already exists. Skipping dumping into this directory.
  RuntimeWarning)
ActionGenome/tools/dump_frames.py:46: RuntimeWarning: Frame directory /home/axa230262/scratch/STTran/action_genome/frames/287ST.mp4 already exists. Skipping dumping into this directory.
  RuntimeWarning)
ActionGenome/tools/dump_frames.py:46: RuntimeWarning: Frame directory /home/axa230262/scratch/STTran/action_genome/frames/28BVI.mp4 already exists. Skipping dumping into this directory.
  RuntimeWarning)
ActionGenome/tools/dump_frames.py:46: RuntimeWarning: Frame directory /home/axa230262/scratch/STTran/action_genome/frames/28D7L.mp4 already exists. Skipping dumping into this directory.
  RuntimeWarning)
ActionGenome/tools/dump_frames.py:46: RuntimeWarning: Frame directory /home/axa230262/scratch/STTran/action_genome/frames/291LH.mp4 already exists. Skipping dumping into this directory.
  RuntimeWarning)
ActionGenome/tools/dump_frames.py:46: RuntimeWarning: Frame directory /home/axa230262/scratch/STTran/action_genome/frames/293L4.mp4 already exists. Skipping dumping into this directory.
  RuntimeWarning)
ActionGenome/tools/dump_frames.py:46: RuntimeWarning: Frame directory /home/axa230262/scratch/STTran/action_genome/frames/293PC.mp4 already exists. Skipping dumping into this directory.
  RuntimeWarning)
ActionGenome/tools/dump_frames.py:46: RuntimeWarning: Frame directory /home/axa230262/scratch/STTran/action_genome/frames/29757.mp4 already exists. Skipping dumping into this directory.
  RuntimeWarning)
ActionGenome/tools/dump_frames.py:46: RuntimeWarning: Frame directory /home/axa230262/scratch/STTran/action_genome/frames/297S4.mp4 already exists. Skipping dumping into this directory.
  RuntimeWarning)
ActionGenome/tools/dump_frames.py:46: RuntimeWarning: Frame directory /home/axa230262/scratch/STTran/action_genome/frames/29B3I.mp4 already exists. Skipping dumping into this directory.
  RuntimeWarning)
ActionGenome/tools/dump_frames.py:46: RuntimeWarning: Frame directory /home/axa230262/scratch/STTran/action_genome/frames/29C6X.mp4 already exists. Skipping dumping into this directory.
  RuntimeWarning)
ActionGenome/tools/dump_frames.py:46: RuntimeWarning: Frame directory /home/axa230262/scratch/STTran/action_genome/frames/29CB7.mp4 already exists. Skipping dumping into this directory.
  RuntimeWarning)
ActionGenome/tools/dump_frames.py:46: RuntimeWarning: Frame directory /home/axa230262/scratch/STTran/action_genome/frames/29E4A.mp4 already exists. Skipping dumping into this directory.
  RuntimeWarning)
ActionGenome/tools/dump_frames.py:46: RuntimeWarning: Frame directory /home/axa230262/scratch/STTran/action_genome/frames/29JK6.mp4 already exists. Skipping dumping into this directory.
  RuntimeWarning)
ActionGenome/tools/dump_frames.py:46: RuntimeWarning: Frame directory /home/axa230262/scratch/STTran/action_genome/frames/29LL7.mp4 already exists. Skipping dumping into this directory.
  RuntimeWarning)
ActionGenome/tools/dump_frames.py:46: RuntimeWarning: Frame directory /home/axa230262/scratch/STTran/action_genome/frames/29OV5.mp4 already exists. Skipping dumping into this directory.
  RuntimeWarning)
ActionGenome/tools/dump_frames.py:46: RuntimeWarning: Frame directory /home/axa230262/scratch/STTran/action_genome/frames/29R4M.mp4 already exists. Skipping dumping into this directory.
  RuntimeWarning)
ActionGenome/tools/dump_frames.py:46: RuntimeWarning: Frame directory /home/axa230262/scratch/STTran/action_genome/frames/29T54.mp4 already exists. Skipping dumping into this directory.
  RuntimeWarning)
ActionGenome/tools/dump_frames.py:46: RuntimeWarning: Frame directory /home/axa230262/scratch/STTran/action_genome/frames/29UVO.mp4 already exists. Skipping dumping into this directory.
  RuntimeWarning)
ActionGenome/tools/dump_frames.py:46: RuntimeWarning: Frame directory /home/axa230262/scratch/STTran/action_genome/frames/29V7T.mp4 already exists. Skipping dumping into this directory.
  RuntimeWarning)
ActionGenome/tools/dump_frames.py:46: RuntimeWarning: Frame directory /home/axa230262/scratch/STTran/action_genome/frames/29WOY.mp4 already exists. Skipping dumping into this directory.
  RuntimeWarning)
ActionGenome/tools/dump_frames.py:46: RuntimeWarning: Frame directory /home/axa230262/scratch/STTran/action_genome/frames/2ADJI.mp4 already exists. Skipping dumping into this directory.
  RuntimeWarning)
ActionGenome/tools/dump_frames.py:46: RuntimeWarning: Frame directory /home/axa230262/scratch/STTran/action_genome/frames/2AG8W.mp4 already exists. Skipping dumping into this directory.
  RuntimeWarning)
ActionGenome/tools/dump_frames.py:46: RuntimeWarning: Frame directory /home/axa230262/scratch/STTran/action_genome/frames/2AIP4.mp4 already exists. Skipping dumping into this directory.
  RuntimeWarning)
ActionGenome/tools/dump_frames.py:46: RuntimeWarning: Frame directory /home/axa230262/scratch/STTran/action_genome/frames/2B3BL.mp4 already exists. Skipping dumping into this directory.
  RuntimeWarning)
ActionGenome/tools/dump_frames.py:46: RuntimeWarning: Frame directory /home/axa230262/scratch/STTran/action_genome/frames/2B577.mp4 already exists. Skipping dumping into this directory.
  RuntimeWarning)
ActionGenome/tools/dump_frames.py:46: RuntimeWarning: Frame directory /home/axa230262/scratch/STTran/action_genome/frames/2B8ML.mp4 already exists. Skipping dumping into this directory.
  RuntimeWarning)
ActionGenome/tools/dump_frames.py:46: RuntimeWarning: Frame directory /home/axa230262/scratch/STTran/action_genome/frames/2BFZG.mp4 already exists. Skipping dumping into this directory.
  RuntimeWarning)
ActionGenome/tools/dump_frames.py:46: RuntimeWarning: Frame directory /home/axa230262/scratch/STTran/action_genome/frames/2BO2G.mp4 already exists. Skipping dumping into this directory.
  RuntimeWarning)
ActionGenome/tools/dump_frames.py:46: RuntimeWarning: Frame directory /home/axa230262/scratch/STTran/action_genome/frames/2BS0V.mp4 already exists. Skipping dumping into this directory.
  RuntimeWarning)
ActionGenome/tools/dump_frames.py:46: RuntimeWarning: Frame directory /home/axa230262/scratch/STTran/action_genome/frames/2BUDH.mp4 already exists. Skipping dumping into this directory.
  RuntimeWarning)
ActionGenome/tools/dump_frames.py:46: RuntimeWarning: Frame directory /home/axa230262/scratch/STTran/action_genome/frames/2C253.mp4 already exists. Skipping dumping into this directory.
  RuntimeWarning)
ActionGenome/tools/dump_frames.py:46: RuntimeWarning: Frame directory /home/axa230262/scratch/STTran/action_genome/frames/2C2AI.mp4 already exists. Skipping dumping into this directory.
  RuntimeWarning)
ActionGenome/tools/dump_frames.py:46: RuntimeWarning: Frame directory /home/axa230262/scratch/STTran/action_genome/frames/2C6ER.mp4 already exists. Skipping dumping into this directory.
  RuntimeWarning)
ActionGenome/tools/dump_frames.py:46: RuntimeWarning: Frame directory /home/axa230262/scratch/STTran/action_genome/frames/2CDEG.mp4 already exists. Skipping dumping into this directory.
  RuntimeWarning)
ActionGenome/tools/dump_frames.py:46: RuntimeWarning: Frame directory /home/axa230262/scratch/STTran/action_genome/frames/2CDOS.mp4 already exists. Skipping dumping into this directory.
  RuntimeWarning)
ActionGenome/tools/dump_frames.py:46: RuntimeWarning: Frame directory /home/axa230262/scratch/STTran/action_genome/frames/2CFCW.mp4 already exists. Skipping dumping into this directory.
  RuntimeWarning)
ActionGenome/tools/dump_frames.py:46: RuntimeWarning: Frame directory /home/axa230262/scratch/STTran/action_genome/frames/2CJC9.mp4 already exists. Skipping dumping into this directory.
  RuntimeWarning)
ActionGenome/tools/dump_frames.py:46: RuntimeWarning: Frame directory /home/axa230262/scratch/STTran/action_genome/frames/2CR02.mp4 already exists. Skipping dumping into this directory.
  RuntimeWarning)
ActionGenome/tools/dump_frames.py:46: RuntimeWarning: Frame directory /home/axa230262/scratch/STTran/action_genome/frames/2CR09.mp4 already exists. Skipping dumping into this directory.
  RuntimeWarning)
ActionGenome/tools/dump_frames.py:46: RuntimeWarning: Frame directory /home/axa230262/scratch/STTran/action_genome/frames/2D5GN.mp4 already exists. Skipping dumping into this directory.
  RuntimeWarning)
ActionGenome/tools/dump_frames.py:46: RuntimeWarning: Frame directory /home/axa230262/scratch/STTran/action_genome/frames/2D98B.mp4 already exists. Skipping dumping into this directory.
  RuntimeWarning)
ActionGenome/tools/dump_frames.py:46: RuntimeWarning: Frame directory /home/axa230262/scratch/STTran/action_genome/frames/2DDGF.mp4 already exists. Skipping dumping into this directory.
  RuntimeWarning)
ActionGenome/tools/dump_frames.py:46: RuntimeWarning: Frame directory /home/axa230262/scratch/STTran/action_genome/frames/2DO31.mp4 already exists. Skipping dumping into this directory.
  RuntimeWarning)
ActionGenome/tools/dump_frames.py:46: RuntimeWarning: Frame directory /home/axa230262/scratch/STTran/action_genome/frames/2DPEC.mp4 already exists. Skipping dumping into this directory.
  RuntimeWarning)
ActionGenome/tools/dump_frames.py:46: RuntimeWarning: Frame directory /home/axa230262/scratch/STTran/action_genome/frames/2DPW0.mp4 already exists. Skipping dumping into this directory.
  RuntimeWarning)
ActionGenome/tools/dump_frames.py:46: RuntimeWarning: Frame directory /home/axa230262/scratch/STTran/action_genome/frames/2DTZ3.mp4 already exists. Skipping dumping into this directory.
  RuntimeWarning)
ActionGenome/tools/dump_frames.py:46: RuntimeWarning: Frame directory /home/axa230262/scratch/STTran/action_genome/frames/2E8GU.mp4 already exists. Skipping dumping into this directory.
  RuntimeWarning)
ActionGenome/tools/dump_frames.py:46: RuntimeWarning: Frame directory /home/axa230262/scratch/STTran/action_genome/frames/2ECXI.mp4 already exists. Skipping dumping into this directory.
  RuntimeWarning)
ActionGenome/tools/dump_frames.py:46: RuntimeWarning: Frame directory /home/axa230262/scratch/STTran/action_genome/frames/2EPFZ.mp4 already exists. Skipping dumping into this directory.
  RuntimeWarning)
ActionGenome/tools/dump_frames.py:46: RuntimeWarning: Frame directory /home/axa230262/scratch/STTran/action_genome/frames/2F7AQ.mp4 already exists. Skipping dumping into this directory.
  RuntimeWarning)
ActionGenome/tools/dump_frames.py:46: RuntimeWarning: Frame directory /home/axa230262/scratch/STTran/action_genome/frames/2FC4V.mp4 already exists. Skipping dumping into this directory.
  RuntimeWarning)
ActionGenome/tools/dump_frames.py:46: RuntimeWarning: Frame directory /home/axa230262/scratch/STTran/action_genome/frames/2FECZ.mp4 already exists. Skipping dumping into this directory.
  RuntimeWarning)
ActionGenome/tools/dump_frames.py:46: RuntimeWarning: Frame directory /home/axa230262/scratch/STTran/action_genome/frames/2FG3P.mp4 already exists. Skipping dumping into this directory.
  RuntimeWarning)
ActionGenome/tools/dump_frames.py:46: RuntimeWarning: Frame directory /home/axa230262/scratch/STTran/action_genome/frames/2FH2V.mp4 already exists. Skipping dumping into this directory.
  RuntimeWarning)
ActionGenome/tools/dump_frames.py:46: RuntimeWarning: Frame directory /home/axa230262/scratch/STTran/action_genome/frames/2FL0X.mp4 already exists. Skipping dumping into this directory.
  RuntimeWarning)
ActionGenome/tools/dump_frames.py:46: RuntimeWarning: Frame directory /home/axa230262/scratch/STTran/action_genome/frames/2FLXE.mp4 already exists. Skipping dumping into this directory.
  RuntimeWarning)
ActionGenome/tools/dump_frames.py:46: RuntimeWarning: Frame directory /home/axa230262/scratch/STTran/action_genome/frames/2FPB3.mp4 already exists. Skipping dumping into this directory.
  RuntimeWarning)
ActionGenome/tools/dump_frames.py:46: RuntimeWarning: Frame directory /home/axa230262/scratch/STTran/action_genome/frames/2FW38.mp4 already exists. Skipping dumping into this directory.
  RuntimeWarning)
ActionGenome/tools/dump_frames.py:46: RuntimeWarning: Frame directory /home/axa230262/scratch/STTran/action_genome/frames/2G59W.mp4 already exists. Skipping dumping into this directory.
  RuntimeWarning)
ActionGenome/tools/dump_frames.py:46: RuntimeWarning: Frame directory /home/axa230262/scratch/STTran/action_genome/frames/2G6A8.mp4 already exists. Skipping dumping into this directory.
  RuntimeWarning)
ActionGenome/tools/dump_frames.py:46: RuntimeWarning: Frame directory /home/axa230262/scratch/STTran/action_genome/frames/2GF6R.mp4 already exists. Skipping dumping into this directory.
  RuntimeWarning)
ActionGenome/tools/dump_frames.py:46: RuntimeWarning: Frame directory /home/axa230262/scratch/STTran/action_genome/frames/2GGH3.mp4 already exists. Skipping dumping into this directory.
  RuntimeWarning)
ActionGenome/tools/dump_frames.py:46: RuntimeWarning: Frame directory /home/axa230262/scratch/STTran/action_genome/frames/2GQDN.mp4 already exists. Skipping dumping into this directory.
  RuntimeWarning)
ActionGenome/tools/dump_frames.py:46: RuntimeWarning: Frame directory /home/axa230262/scratch/STTran/action_genome/frames/2GRGY.mp4 already exists. Skipping dumping into this directory.
  RuntimeWarning)
ActionGenome/tools/dump_frames.py:46: RuntimeWarning: Frame directory /home/axa230262/scratch/STTran/action_genome/frames/2H56B.mp4 already exists. Skipping dumping into this directory.
  RuntimeWarning)
ActionGenome/tools/dump_frames.py:46: RuntimeWarning: Frame directory /home/axa230262/scratch/STTran/action_genome/frames/2H5YP.mp4 already exists. Skipping dumping into this directory.
  RuntimeWarning)
ActionGenome/tools/dump_frames.py:46: RuntimeWarning: Frame directory /home/axa230262/scratch/STTran/action_genome/frames/2H9YB.mp4 already exists. Skipping dumping into this directory.
  RuntimeWarning)
ActionGenome/tools/dump_frames.py:46: RuntimeWarning: Frame directory /home/axa230262/scratch/STTran/action_genome/frames/2HAMN.mp4 already exists. Skipping dumping into this directory.
  RuntimeWarning)
ActionGenome/tools/dump_frames.py:46: RuntimeWarning: Frame directory /home/axa230262/scratch/STTran/action_genome/frames/2HEUO.mp4 already exists. Skipping dumping into this directory.
  RuntimeWarning)
ActionGenome/tools/dump_frames.py:46: RuntimeWarning: Frame directory /home/axa230262/scratch/STTran/action_genome/frames/2I871.mp4 already exists. Skipping dumping into this directory.
  RuntimeWarning)
ActionGenome/tools/dump_frames.py:46: RuntimeWarning: Frame directory /home/axa230262/scratch/STTran/action_genome/frames/2IC8O.mp4 already exists. Skipping dumping into this directory.
  RuntimeWarning)
ActionGenome/tools/dump_frames.py:46: RuntimeWarning: Frame directory /home/axa230262/scratch/STTran/action_genome/frames/2INEX.mp4 already exists. Skipping dumping into this directory.
  RuntimeWarning)
ActionGenome/tools/dump_frames.py:46: RuntimeWarning: Frame directory /home/axa230262/scratch/STTran/action_genome/frames/2IS9G.mp4 already exists. Skipping dumping into this directory.
  RuntimeWarning)
ActionGenome/tools/dump_frames.py:46: RuntimeWarning: Frame directory /home/axa230262/scratch/STTran/action_genome/frames/2IX2Z.mp4 already exists. Skipping dumping into this directory.
  RuntimeWarning)
ActionGenome/tools/dump_frames.py:46: RuntimeWarning: Frame directory /home/axa230262/scratch/STTran/action_genome/frames/2J2EW.mp4 already exists. Skipping dumping into this directory.
  RuntimeWarning)
ActionGenome/tools/dump_frames.py:46: RuntimeWarning: Frame directory /home/axa230262/scratch/STTran/action_genome/frames/2J4MA.mp4 already exists. Skipping dumping into this directory.
  RuntimeWarning)
ActionGenome/tools/dump_frames.py:46: RuntimeWarning: Frame directory /home/axa230262/scratch/STTran/action_genome/frames/2JKR8.mp4 already exists. Skipping dumping into this directory.
  RuntimeWarning)
ActionGenome/tools/dump_frames.py:46: RuntimeWarning: Frame directory /home/axa230262/scratch/STTran/action_genome/frames/2JOTF.mp4 already exists. Skipping dumping into this directory.
  RuntimeWarning)
ActionGenome/tools/dump_frames.py:46: RuntimeWarning: Frame directory /home/axa230262/scratch/STTran/action_genome/frames/2JP64.mp4 already exists. Skipping dumping into this directory.
  RuntimeWarning)
ActionGenome/tools/dump_frames.py:46: RuntimeWarning: Frame directory /home/axa230262/scratch/STTran/action_genome/frames/2JR26.mp4 already exists. Skipping dumping into this directory.
  RuntimeWarning)
ActionGenome/tools/dump_frames.py:46: RuntimeWarning: Frame directory /home/axa230262/scratch/STTran/action_genome/frames/2JT00.mp4 already exists. Skipping dumping into this directory.
  RuntimeWarning)
ActionGenome/tools/dump_frames.py:46: RuntimeWarning: Frame directory /home/axa230262/scratch/STTran/action_genome/frames/2JTRG.mp4 already exists. Skipping dumping into this directory.
  RuntimeWarning)
ActionGenome/tools/dump_frames.py:46: RuntimeWarning: Frame directory /home/axa230262/scratch/STTran/action_genome/frames/2JWHI.mp4 already exists. Skipping dumping into this directory.
  RuntimeWarning)
ActionGenome/tools/dump_frames.py:46: RuntimeWarning: Frame directory /home/axa230262/scratch/STTran/action_genome/frames/2JYRQ.mp4 already exists. Skipping dumping into this directory.
  RuntimeWarning)
ActionGenome/tools/dump_frames.py:46: RuntimeWarning: Frame directory /home/axa230262/scratch/STTran/action_genome/frames/2K5GR.mp4 already exists. Skipping dumping into this directory.
  RuntimeWarning)
ActionGenome/tools/dump_frames.py:46: RuntimeWarning: Frame directory /home/axa230262/scratch/STTran/action_genome/frames/2K755.mp4 already exists. Skipping dumping into this directory.
  RuntimeWarning)
ActionGenome/tools/dump_frames.py:46: RuntimeWarning: Frame directory /home/axa230262/scratch/STTran/action_genome/frames/2KAWJ.mp4 already exists. Skipping dumping into this directory.
  RuntimeWarning)
ActionGenome/tools/dump_frames.py:46: RuntimeWarning: Frame directory /home/axa230262/scratch/STTran/action_genome/frames/2KGV3.mp4 already exists. Skipping dumping into this directory.
  RuntimeWarning)
ActionGenome/tools/dump_frames.py:46: RuntimeWarning: Frame directory /home/axa230262/scratch/STTran/action_genome/frames/2KMGY.mp4 already exists. Skipping dumping into this directory.
  RuntimeWarning)
ActionGenome/tools/dump_frames.py:46: RuntimeWarning: Frame directory /home/axa230262/scratch/STTran/action_genome/frames/2L6E2.mp4 already exists. Skipping dumping into this directory.
  RuntimeWarning)
ActionGenome/tools/dump_frames.py:46: RuntimeWarning: Frame directory /home/axa230262/scratch/STTran/action_genome/frames/2L7MW.mp4 already exists. Skipping dumping into this directory.
  RuntimeWarning)
ActionGenome/tools/dump_frames.py:46: RuntimeWarning: Frame directory /home/axa230262/scratch/STTran/action_genome/frames/2LCLG.mp4 already exists. Skipping dumping into this directory.
  RuntimeWarning)
ActionGenome/tools/dump_frames.py:46: RuntimeWarning: Frame directory /home/axa230262/scratch/STTran/action_genome/frames/2LERW.mp4 already exists. Skipping dumping into this directory.
  RuntimeWarning)
ActionGenome/tools/dump_frames.py:46: RuntimeWarning: Frame directory /home/axa230262/scratch/STTran/action_genome/frames/2LMQF.mp4 already exists. Skipping dumping into this directory.
  RuntimeWarning)
ActionGenome/tools/dump_frames.py:46: RuntimeWarning: Frame directory /home/axa230262/scratch/STTran/action_genome/frames/2LTCY.mp4 already exists. Skipping dumping into this directory.
  RuntimeWarning)
ActionGenome/tools/dump_frames.py:46: RuntimeWarning: Frame directory /home/axa230262/scratch/STTran/action_genome/frames/2M2O6.mp4 already exists. Skipping dumping into this directory.
  RuntimeWarning)
ActionGenome/tools/dump_frames.py:46: RuntimeWarning: Frame directory /home/axa230262/scratch/STTran/action_genome/frames/2M9YL.mp4 already exists. Skipping dumping into this directory.
  RuntimeWarning)
ActionGenome/tools/dump_frames.py:46: RuntimeWarning: Frame directory /home/axa230262/scratch/STTran/action_genome/frames/2MAZY.mp4 already exists. Skipping dumping into this directory.
  RuntimeWarning)
ActionGenome/tools/dump_frames.py:46: RuntimeWarning: Frame directory /home/axa230262/scratch/STTran/action_genome/frames/2MDHE.mp4 already exists. Skipping dumping into this directory.
  RuntimeWarning)
ActionGenome/tools/dump_frames.py:46: RuntimeWarning: Frame directory /home/axa230262/scratch/STTran/action_genome/frames/2MGC1.mp4 already exists. Skipping dumping into this directory.
  RuntimeWarning)
ActionGenome/tools/dump_frames.py:46: RuntimeWarning: Frame directory /home/axa230262/scratch/STTran/action_genome/frames/2MJ72.mp4 already exists. Skipping dumping into this directory.
  RuntimeWarning)
ActionGenome/tools/dump_frames.py:46: RuntimeWarning: Frame directory /home/axa230262/scratch/STTran/action_genome/frames/2MJA1.mp4 already exists. Skipping dumping into this directory.
  RuntimeWarning)
ActionGenome/tools/dump_frames.py:46: RuntimeWarning: Frame directory /home/axa230262/scratch/STTran/action_genome/frames/2MNJT.mp4 already exists. Skipping dumping into this directory.
  RuntimeWarning)
ActionGenome/tools/dump_frames.py:46: RuntimeWarning: Frame directory /home/axa230262/scratch/STTran/action_genome/frames/2MR5K.mp4 already exists. Skipping dumping into this directory.
  RuntimeWarning)
ActionGenome/tools/dump_frames.py:46: RuntimeWarning: Frame directory /home/axa230262/scratch/STTran/action_genome/frames/2MTYU.mp4 already exists. Skipping dumping into this directory.
  RuntimeWarning)
ActionGenome/tools/dump_frames.py:46: RuntimeWarning: Frame directory /home/axa230262/scratch/STTran/action_genome/frames/2MURI.mp4 already exists. Skipping dumping into this directory.
  RuntimeWarning)
ActionGenome/tools/dump_frames.py:46: RuntimeWarning: Frame directory /home/axa230262/scratch/STTran/action_genome/frames/2N5VN.mp4 already exists. Skipping dumping into this directory.
  RuntimeWarning)
ActionGenome/tools/dump_frames.py:46: RuntimeWarning: Frame directory /home/axa230262/scratch/STTran/action_genome/frames/2NKX2.mp4 already exists. Skipping dumping into this directory.
  RuntimeWarning)
ActionGenome/tools/dump_frames.py:46: RuntimeWarning: Frame directory /home/axa230262/scratch/STTran/action_genome/frames/2NOVW.mp4 already exists. Skipping dumping into this directory.
  RuntimeWarning)
ActionGenome/tools/dump_frames.py:46: RuntimeWarning: Frame directory /home/axa230262/scratch/STTran/action_genome/frames/2NV6L.mp4 already exists. Skipping dumping into this directory.
  RuntimeWarning)
ActionGenome/tools/dump_frames.py:46: RuntimeWarning: Frame directory /home/axa230262/scratch/STTran/action_genome/frames/2NXFV.mp4 already exists. Skipping dumping into this directory.
  RuntimeWarning)
ActionGenome/tools/dump_frames.py:46: RuntimeWarning: Frame directory /home/axa230262/scratch/STTran/action_genome/frames/2NZ5C.mp4 already exists. Skipping dumping into this directory.
  RuntimeWarning)
ActionGenome/tools/dump_frames.py:46: RuntimeWarning: Frame directory /home/axa230262/scratch/STTran/action_genome/frames/2O2LG.mp4 already exists. Skipping dumping into this directory.
  RuntimeWarning)
ActionGenome/tools/dump_frames.py:46: RuntimeWarning: Frame directory /home/axa230262/scratch/STTran/action_genome/frames/2O5NR.mp4 already exists. Skipping dumping into this directory.
  RuntimeWarning)
ActionGenome/tools/dump_frames.py:46: RuntimeWarning: Frame directory /home/axa230262/scratch/STTran/action_genome/frames/2O6RB.mp4 already exists. Skipping dumping into this directory.
  RuntimeWarning)
ActionGenome/tools/dump_frames.py:46: RuntimeWarning: Frame directory /home/axa230262/scratch/STTran/action_genome/frames/2ODLD.mp4 already exists. Skipping dumping into this directory.
  RuntimeWarning)
ActionGenome/tools/dump_frames.py:46: RuntimeWarning: Frame directory /home/axa230262/scratch/STTran/action_genome/frames/2OHTZ.mp4 already exists. Skipping dumping into this directory.
  RuntimeWarning)
ActionGenome/tools/dump_frames.py:46: RuntimeWarning: Frame directory /home/axa230262/scratch/STTran/action_genome/frames/2OJY8.mp4 already exists. Skipping dumping into this directory.
  RuntimeWarning)
ActionGenome/tools/dump_frames.py:46: RuntimeWarning: Frame directory /home/axa230262/scratch/STTran/action_genome/frames/2OK9A.mp4 already exists. Skipping dumping into this directory.
  RuntimeWarning)
ActionGenome/tools/dump_frames.py:46: RuntimeWarning: Frame directory /home/axa230262/scratch/STTran/action_genome/frames/2OREK.mp4 already exists. Skipping dumping into this directory.
  RuntimeWarning)
ActionGenome/tools/dump_frames.py:46: RuntimeWarning: Frame directory /home/axa230262/scratch/STTran/action_genome/frames/2OWA8.mp4 already exists. Skipping dumping into this directory.
  RuntimeWarning)
ActionGenome/tools/dump_frames.py:46: RuntimeWarning: Frame directory /home/axa230262/scratch/STTran/action_genome/frames/2OY8R.mp4 already exists. Skipping dumping into this directory.
  RuntimeWarning)
ActionGenome/tools/dump_frames.py:46: RuntimeWarning: Frame directory /home/axa230262/scratch/STTran/action_genome/frames/2P273.mp4 already exists. Skipping dumping into this directory.
  RuntimeWarning)
ActionGenome/tools/dump_frames.py:46: RuntimeWarning: Frame directory /home/axa230262/scratch/STTran/action_genome/frames/2P2ZC.mp4 already exists. Skipping dumping into this directory.
  RuntimeWarning)
ActionGenome/tools/dump_frames.py:46: RuntimeWarning: Frame directory /home/axa230262/scratch/STTran/action_genome/frames/2P6ZP.mp4 already exists. Skipping dumping into this directory.
  RuntimeWarning)
ActionGenome/tools/dump_frames.py:46: RuntimeWarning: Frame directory /home/axa230262/scratch/STTran/action_genome/frames/2P7A9.mp4 already exists. Skipping dumping into this directory.
  RuntimeWarning)
ActionGenome/tools/dump_frames.py:46: RuntimeWarning: Frame directory /home/axa230262/scratch/STTran/action_genome/frames/2PMYI.mp4 already exists. Skipping dumping into this directory.
  RuntimeWarning)
ActionGenome/tools/dump_frames.py:46: RuntimeWarning: Frame directory /home/axa230262/scratch/STTran/action_genome/frames/2PRCP.mp4 already exists. Skipping dumping into this directory.
  RuntimeWarning)
ActionGenome/tools/dump_frames.py:46: RuntimeWarning: Frame directory /home/axa230262/scratch/STTran/action_genome/frames/2PREF.mp4 already exists. Skipping dumping into this directory.
  RuntimeWarning)
ActionGenome/tools/dump_frames.py:46: RuntimeWarning: Frame directory /home/axa230262/scratch/STTran/action_genome/frames/2PZBY.mp4 already exists. Skipping dumping into this directory.
  RuntimeWarning)
ActionGenome/tools/dump_frames.py:46: RuntimeWarning: Frame directory /home/axa230262/scratch/STTran/action_genome/frames/2Q2LA.mp4 already exists. Skipping dumping into this directory.
  RuntimeWarning)
ActionGenome/tools/dump_frames.py:46: RuntimeWarning: Frame directory /home/axa230262/scratch/STTran/action_genome/frames/2Q3ZJ.mp4 already exists. Skipping dumping into this directory.
  RuntimeWarning)
ActionGenome/tools/dump_frames.py:46: RuntimeWarning: Frame directory /home/axa230262/scratch/STTran/action_genome/frames/2Q5Y2.mp4 already exists. Skipping dumping into this directory.
  RuntimeWarning)
ActionGenome/tools/dump_frames.py:46: RuntimeWarning: Frame directory /home/axa230262/scratch/STTran/action_genome/frames/2Q6SZ.mp4 already exists. Skipping dumping into this directory.
  RuntimeWarning)
ActionGenome/tools/dump_frames.py:46: RuntimeWarning: Frame directory /home/axa230262/scratch/STTran/action_genome/frames/2QI8F.mp4 already exists. Skipping dumping into this directory.
  RuntimeWarning)
ActionGenome/tools/dump_frames.py:46: RuntimeWarning: Frame directory /home/axa230262/scratch/STTran/action_genome/frames/2QWGI.mp4 already exists. Skipping dumping into this directory.
  RuntimeWarning)
ActionGenome/tools/dump_frames.py:46: RuntimeWarning: Frame directory /home/axa230262/scratch/STTran/action_genome/frames/2QXXW.mp4 already exists. Skipping dumping into this directory.
  RuntimeWarning)
ActionGenome/tools/dump_frames.py:46: RuntimeWarning: Frame directory /home/axa230262/scratch/STTran/action_genome/frames/2QYZA.mp4 already exists. Skipping dumping into this directory.
  RuntimeWarning)
ActionGenome/tools/dump_frames.py:46: RuntimeWarning: Frame directory /home/axa230262/scratch/STTran/action_genome/frames/2R13Z.mp4 already exists. Skipping dumping into this directory.
  RuntimeWarning)
ActionGenome/tools/dump_frames.py:46: RuntimeWarning: Frame directory /home/axa230262/scratch/STTran/action_genome/frames/2RFLZ.mp4 already exists. Skipping dumping into this directory.
  RuntimeWarning)
ActionGenome/tools/dump_frames.py:46: RuntimeWarning: Frame directory /home/axa230262/scratch/STTran/action_genome/frames/2RJF6.mp4 already exists. Skipping dumping into this directory.
  RuntimeWarning)
ActionGenome/tools/dump_frames.py:46: RuntimeWarning: Frame directory /home/axa230262/scratch/STTran/action_genome/frames/2RRSO.mp4 already exists. Skipping dumping into this directory.
  RuntimeWarning)
ActionGenome/tools/dump_frames.py:46: RuntimeWarning: Frame directory /home/axa230262/scratch/STTran/action_genome/frames/2RTH2.mp4 already exists. Skipping dumping into this directory.
  RuntimeWarning)
ActionGenome/tools/dump_frames.py:46: RuntimeWarning: Frame directory /home/axa230262/scratch/STTran/action_genome/frames/2RU6J.mp4 already exists. Skipping dumping into this directory.
  RuntimeWarning)
ActionGenome/tools/dump_frames.py:46: RuntimeWarning: Frame directory /home/axa230262/scratch/STTran/action_genome/frames/2S0PU.mp4 already exists. Skipping dumping into this directory.
  RuntimeWarning)
ActionGenome/tools/dump_frames.py:46: RuntimeWarning: Frame directory /home/axa230262/scratch/STTran/action_genome/frames/2S6V7.mp4 already exists. Skipping dumping into this directory.
  RuntimeWarning)
ActionGenome/tools/dump_frames.py:46: RuntimeWarning: Frame directory /home/axa230262/scratch/STTran/action_genome/frames/2S9LB.mp4 already exists. Skipping dumping into this directory.
  RuntimeWarning)
ActionGenome/tools/dump_frames.py:46: RuntimeWarning: Frame directory /home/axa230262/scratch/STTran/action_genome/frames/2SIO0.mp4 already exists. Skipping dumping into this directory.
  RuntimeWarning)
ActionGenome/tools/dump_frames.py:46: RuntimeWarning: Frame directory /home/axa230262/scratch/STTran/action_genome/frames/2SKOA.mp4 already exists. Skipping dumping into this directory.
  RuntimeWarning)
ActionGenome/tools/dump_frames.py:46: RuntimeWarning: Frame directory /home/axa230262/scratch/STTran/action_genome/frames/2SQ8M.mp4 already exists. Skipping dumping into this directory.
  RuntimeWarning)
ActionGenome/tools/dump_frames.py:46: RuntimeWarning: Frame directory /home/axa230262/scratch/STTran/action_genome/frames/2SSGN.mp4 already exists. Skipping dumping into this directory.
  RuntimeWarning)
ActionGenome/tools/dump_frames.py:46: RuntimeWarning: Frame directory /home/axa230262/scratch/STTran/action_genome/frames/2STCL.mp4 already exists. Skipping dumping into this directory.
  RuntimeWarning)
ActionGenome/tools/dump_frames.py:46: RuntimeWarning: Frame directory /home/axa230262/scratch/STTran/action_genome/frames/2SYBS.mp4 already exists. Skipping dumping into this directory.
  RuntimeWarning)
ActionGenome/tools/dump_frames.py:46: RuntimeWarning: Frame directory /home/axa230262/scratch/STTran/action_genome/frames/2T4AO.mp4 already exists. Skipping dumping into this directory.
  RuntimeWarning)
ActionGenome/tools/dump_frames.py:46: RuntimeWarning: Frame directory /home/axa230262/scratch/STTran/action_genome/frames/2TAT3.mp4 already exists. Skipping dumping into this directory.
  RuntimeWarning)
ActionGenome/tools/dump_frames.py:46: RuntimeWarning: Frame directory /home/axa230262/scratch/STTran/action_genome/frames/2TBSE.mp4 already exists. Skipping dumping into this directory.
  RuntimeWarning)
ActionGenome/tools/dump_frames.py:46: RuntimeWarning: Frame directory /home/axa230262/scratch/STTran/action_genome/frames/2TU40.mp4 already exists. Skipping dumping into this directory.
  RuntimeWarning)
  8%|▊         | 775/9601 [00:00<00:02, 3911.86it/s]ActionGenome/tools/dump_frames.py:46: RuntimeWarning: Frame directory /home/axa230262/scratch/STTran/action_genome/frames/2TWI2.mp4 already exists. Skipping dumping into this directory.
  RuntimeWarning)
ActionGenome/tools/dump_frames.py:46: RuntimeWarning: Frame directory /home/axa230262/scratch/STTran/action_genome/frames/2U0GH.mp4 already exists. Skipping dumping into this directory.
  RuntimeWarning)
ActionGenome/tools/dump_frames.py:46: RuntimeWarning: Frame directory /home/axa230262/scratch/STTran/action_genome/frames/2U0QT.mp4 already exists. Skipping dumping into this directory.
  RuntimeWarning)
ActionGenome/tools/dump_frames.py:46: RuntimeWarning: Frame directory /home/axa230262/scratch/STTran/action_genome/frames/2U3X0.mp4 already exists. Skipping dumping into this directory.
  RuntimeWarning)
ActionGenome/tools/dump_frames.py:46: RuntimeWarning: Frame directory /home/axa230262/scratch/STTran/action_genome/frames/2U903.mp4 already exists. Skipping dumping into this directory.
  RuntimeWarning)
ActionGenome/tools/dump_frames.py:46: RuntimeWarning: Frame directory /home/axa230262/scratch/STTran/action_genome/frames/2UQKZ.mp4 already exists. Skipping dumping into this directory.
  RuntimeWarning)
ActionGenome/tools/dump_frames.py:46: RuntimeWarning: Frame directory /home/axa230262/scratch/STTran/action_genome/frames/2URXS.mp4 already exists. Skipping dumping into this directory.
  RuntimeWarning)
ActionGenome/tools/dump_frames.py:46: RuntimeWarning: Frame directory /home/axa230262/scratch/STTran/action_genome/frames/2USX0.mp4 already exists. Skipping dumping into this directory.
  RuntimeWarning)
ActionGenome/tools/dump_frames.py:46: RuntimeWarning: Frame directory /home/axa230262/scratch/STTran/action_genome/frames/2UXXB.mp4 already exists. Skipping dumping into this directory.
  RuntimeWarning)
ActionGenome/tools/dump_frames.py:46: RuntimeWarning: Frame directory /home/axa230262/scratch/STTran/action_genome/frames/2UZUJ.mp4 already exists. Skipping dumping into this directory.
  RuntimeWarning)
ActionGenome/tools/dump_frames.py:46: RuntimeWarning: Frame directory /home/axa230262/scratch/STTran/action_genome/frames/2VCOB.mp4 already exists. Skipping dumping into this directory.
  RuntimeWarning)
ActionGenome/tools/dump_frames.py:46: RuntimeWarning: Frame directory /home/axa230262/scratch/STTran/action_genome/frames/2VNXF.mp4 already exists. Skipping dumping into this directory.
  RuntimeWarning)
ActionGenome/tools/dump_frames.py:46: RuntimeWarning: Frame directory /home/axa230262/scratch/STTran/action_genome/frames/2WGSN.mp4 already exists. Skipping dumping into this directory.
  RuntimeWarning)
ActionGenome/tools/dump_frames.py:46: RuntimeWarning: Frame directory /home/axa230262/scratch/STTran/action_genome/frames/2WH4F.mp4 already exists. Skipping dumping into this directory.
  RuntimeWarning)
ActionGenome/tools/dump_frames.py:46: RuntimeWarning: Frame directory /home/axa230262/scratch/STTran/action_genome/frames/2WN4P.mp4 already exists. Skipping dumping into this directory.
  RuntimeWarning)
ActionGenome/tools/dump_frames.py:46: RuntimeWarning: Frame directory /home/axa230262/scratch/STTran/action_genome/frames/2WW04.mp4 already exists. Skipping dumping into this directory.
  RuntimeWarning)
ActionGenome/tools/dump_frames.py:46: RuntimeWarning: Frame directory /home/axa230262/scratch/STTran/action_genome/frames/2WX2Z.mp4 already exists. Skipping dumping into this directory.
  RuntimeWarning)
ActionGenome/tools/dump_frames.py:46: RuntimeWarning: Frame directory /home/axa230262/scratch/STTran/action_genome/frames/2X2C5.mp4 already exists. Skipping dumping into this directory.
  RuntimeWarning)
ActionGenome/tools/dump_frames.py:46: RuntimeWarning: Frame directory /home/axa230262/scratch/STTran/action_genome/frames/2X7F6.mp4 already exists. Skipping dumping into this directory.
  RuntimeWarning)
ActionGenome/tools/dump_frames.py:46: RuntimeWarning: Frame directory /home/axa230262/scratch/STTran/action_genome/frames/2X7OY.mp4 already exists. Skipping dumping into this directory.
  RuntimeWarning)
ActionGenome/tools/dump_frames.py:46: RuntimeWarning: Frame directory /home/axa230262/scratch/STTran/action_genome/frames/2XG25.mp4 already exists. Skipping dumping into this directory.
  RuntimeWarning)
ActionGenome/tools/dump_frames.py:46: RuntimeWarning: Frame directory /home/axa230262/scratch/STTran/action_genome/frames/2XJG9.mp4 already exists. Skipping dumping into this directory.
  RuntimeWarning)
ActionGenome/tools/dump_frames.py:46: RuntimeWarning: Frame directory /home/axa230262/scratch/STTran/action_genome/frames/2XKVQ.mp4 already exists. Skipping dumping into this directory.
  RuntimeWarning)
ActionGenome/tools/dump_frames.py:46: RuntimeWarning: Frame directory /home/axa230262/scratch/STTran/action_genome/frames/2XLVN.mp4 already exists. Skipping dumping into this directory.
  RuntimeWarning)
ActionGenome/tools/dump_frames.py:46: RuntimeWarning: Frame directory /home/axa230262/scratch/STTran/action_genome/frames/2XSK6.mp4 already exists. Skipping dumping into this directory.
  RuntimeWarning)
ActionGenome/tools/dump_frames.py:46: RuntimeWarning: Frame directory /home/axa230262/scratch/STTran/action_genome/frames/2XT4N.mp4 already exists. Skipping dumping into this directory.
  RuntimeWarning)
ActionGenome/tools/dump_frames.py:46: RuntimeWarning: Frame directory /home/axa230262/scratch/STTran/action_genome/frames/2XVR0.mp4 already exists. Skipping dumping into this directory.
  RuntimeWarning)
ActionGenome/tools/dump_frames.py:46: RuntimeWarning: Frame directory /home/axa230262/scratch/STTran/action_genome/frames/2XXH8.mp4 already exists. Skipping dumping into this directory.
  RuntimeWarning)
ActionGenome/tools/dump_frames.py:46: RuntimeWarning: Frame directory /home/axa230262/scratch/STTran/action_genome/frames/2Y8XQ.mp4 already exists. Skipping dumping into this directory.
  RuntimeWarning)
ActionGenome/tools/dump_frames.py:46: RuntimeWarning: Frame directory /home/axa230262/scratch/STTran/action_genome/frames/2YJUQ.mp4 already exists. Skipping dumping into this directory.
  RuntimeWarning)
ActionGenome/tools/dump_frames.py:46: RuntimeWarning: Frame directory /home/axa230262/scratch/STTran/action_genome/frames/2YK65.mp4 already exists. Skipping dumping into this directory.
  RuntimeWarning)
ActionGenome/tools/dump_frames.py:46: RuntimeWarning: Frame directory /home/axa230262/scratch/STTran/action_genome/frames/2YO6G.mp4 already exists. Skipping dumping into this directory.
  RuntimeWarning)
ActionGenome/tools/dump_frames.py:46: RuntimeWarning: Frame directory /home/axa230262/scratch/STTran/action_genome/frames/2YT8V.mp4 already exists. Skipping dumping into this directory.
  RuntimeWarning)
ActionGenome/tools/dump_frames.py:46: RuntimeWarning: Frame directory /home/axa230262/scratch/STTran/action_genome/frames/2YXJO.mp4 already exists. Skipping dumping into this directory.
  RuntimeWarning)
ActionGenome/tools/dump_frames.py:46: RuntimeWarning: Frame directory /home/axa230262/scratch/STTran/action_genome/frames/2Z0LU.mp4 already exists. Skipping dumping into this directory.
  RuntimeWarning)
ActionGenome/tools/dump_frames.py:46: RuntimeWarning: Frame directory /home/axa230262/scratch/STTran/action_genome/frames/2Z2CS.mp4 already exists. Skipping dumping into this directory.
  RuntimeWarning)
ActionGenome/tools/dump_frames.py:46: RuntimeWarning: Frame directory /home/axa230262/scratch/STTran/action_genome/frames/2Z59F.mp4 already exists. Skipping dumping into this directory.
  RuntimeWarning)
ActionGenome/tools/dump_frames.py:46: RuntimeWarning: Frame directory /home/axa230262/scratch/STTran/action_genome/frames/2Z60J.mp4 already exists. Skipping dumping into this directory.
  RuntimeWarning)
ActionGenome/tools/dump_frames.py:46: RuntimeWarning: Frame directory /home/axa230262/scratch/STTran/action_genome/frames/2Z8G8.mp4 already exists. Skipping dumping into this directory.
  RuntimeWarning)
ActionGenome/tools/dump_frames.py:46: RuntimeWarning: Frame directory /home/axa230262/scratch/STTran/action_genome/frames/2Z8HO.mp4 already exists. Skipping dumping into this directory.
  RuntimeWarning)
ActionGenome/tools/dump_frames.py:46: RuntimeWarning: Frame directory /home/axa230262/scratch/STTran/action_genome/frames/2ZBL5.mp4 already exists. Skipping dumping into this directory.
  RuntimeWarning)
ActionGenome/tools/dump_frames.py:46: RuntimeWarning: Frame directory /home/axa230262/scratch/STTran/action_genome/frames/2ZDFA.mp4 already exists. Skipping dumping into this directory.
  RuntimeWarning)
ActionGenome/tools/dump_frames.py:46: RuntimeWarning: Frame directory /home/axa230262/scratch/STTran/action_genome/frames/2ZFG4.mp4 already exists. Skipping dumping into this directory.
  RuntimeWarning)
ActionGenome/tools/dump_frames.py:46: RuntimeWarning: Frame directory /home/axa230262/scratch/STTran/action_genome/frames/2ZFNL.mp4 already exists. Skipping dumping into this directory.
  RuntimeWarning)
ActionGenome/tools/dump_frames.py:46: RuntimeWarning: Frame directory /home/axa230262/scratch/STTran/action_genome/frames/2ZG3U.mp4 already exists. Skipping dumping into this directory.
  RuntimeWarning)
ActionGenome/tools/dump_frames.py:46: RuntimeWarning: Frame directory /home/axa230262/scratch/STTran/action_genome/frames/2ZICJ.mp4 already exists. Skipping dumping into this directory.
  RuntimeWarning)
ActionGenome/tools/dump_frames.py:46: RuntimeWarning: Frame directory /home/axa230262/scratch/STTran/action_genome/frames/2ZINN.mp4 already exists. Skipping dumping into this directory.
  RuntimeWarning)
ActionGenome/tools/dump_frames.py:46: RuntimeWarning: Frame directory /home/axa230262/scratch/STTran/action_genome/frames/2ZTNY.mp4 already exists. Skipping dumping into this directory.
  RuntimeWarning)
ActionGenome/tools/dump_frames.py:46: RuntimeWarning: Frame directory /home/axa230262/scratch/STTran/action_genome/frames/2ZXJ5.mp4 already exists. Skipping dumping into this directory.
  RuntimeWarning)
ActionGenome/tools/dump_frames.py:46: RuntimeWarning: Frame directory /home/axa230262/scratch/STTran/action_genome/frames/300LS.mp4 already exists. Skipping dumping into this directory.
  RuntimeWarning)
ActionGenome/tools/dump_frames.py:46: RuntimeWarning: Frame directory /home/axa230262/scratch/STTran/action_genome/frames/3064K.mp4 already exists. Skipping dumping into this directory.
  RuntimeWarning)
ActionGenome/tools/dump_frames.py:46: RuntimeWarning: Frame directory /home/axa230262/scratch/STTran/action_genome/frames/306S9.mp4 already exists. Skipping dumping into this directory.
  RuntimeWarning)
ActionGenome/tools/dump_frames.py:46: RuntimeWarning: Frame directory /home/axa230262/scratch/STTran/action_genome/frames/30I35.mp4 already exists. Skipping dumping into this directory.
  RuntimeWarning)
ActionGenome/tools/dump_frames.py:46: RuntimeWarning: Frame directory /home/axa230262/scratch/STTran/action_genome/frames/30JQT.mp4 already exists. Skipping dumping into this directory.
  RuntimeWarning)
ActionGenome/tools/dump_frames.py:46: RuntimeWarning: Frame directory /home/axa230262/scratch/STTran/action_genome/frames/30K2N.mp4 already exists. Skipping dumping into this directory.
  RuntimeWarning)
ActionGenome/tools/dump_frames.py:46: RuntimeWarning: Frame directory /home/axa230262/scratch/STTran/action_genome/frames/30LGT.mp4 already exists. Skipping dumping into this directory.
  RuntimeWarning)
ActionGenome/tools/dump_frames.py:46: RuntimeWarning: Frame directory /home/axa230262/scratch/STTran/action_genome/frames/30PG2.mp4 already exists. Skipping dumping into this directory.
  RuntimeWarning)
ActionGenome/tools/dump_frames.py:46: RuntimeWarning: Frame directory /home/axa230262/scratch/STTran/action_genome/frames/30TL5.mp4 already exists. Skipping dumping into this directory.
  RuntimeWarning)
ActionGenome/tools/dump_frames.py:46: RuntimeWarning: Frame directory /home/axa230262/scratch/STTran/action_genome/frames/313G8.mp4 already exists. Skipping dumping into this directory.
  RuntimeWarning)
ActionGenome/tools/dump_frames.py:46: RuntimeWarning: Frame directory /home/axa230262/scratch/STTran/action_genome/frames/318CP.mp4 already exists. Skipping dumping into this directory.
  RuntimeWarning)
ActionGenome/tools/dump_frames.py:46: RuntimeWarning: Frame directory /home/axa230262/scratch/STTran/action_genome/frames/31LW5.mp4 already exists. Skipping dumping into this directory.
  RuntimeWarning)
ActionGenome/tools/dump_frames.py:46: RuntimeWarning: Frame directory /home/axa230262/scratch/STTran/action_genome/frames/31TDO.mp4 already exists. Skipping dumping into this directory.
  RuntimeWarning)
ActionGenome/tools/dump_frames.py:46: RuntimeWarning: Frame directory /home/axa230262/scratch/STTran/action_genome/frames/31YNM.mp4 already exists. Skipping dumping into this directory.
  RuntimeWarning)
ActionGenome/tools/dump_frames.py:46: RuntimeWarning: Frame directory /home/axa230262/scratch/STTran/action_genome/frames/320VL.mp4 already exists. Skipping dumping into this directory.
  RuntimeWarning)
ActionGenome/tools/dump_frames.py:46: RuntimeWarning: Frame directory /home/axa230262/scratch/STTran/action_genome/frames/320ZB.mp4 already exists. Skipping dumping into this directory.
  RuntimeWarning)
ActionGenome/tools/dump_frames.py:46: RuntimeWarning: Frame directory /home/axa230262/scratch/STTran/action_genome/frames/327L5.mp4 already exists. Skipping dumping into this directory.
  RuntimeWarning)
ActionGenome/tools/dump_frames.py:46: RuntimeWarning: Frame directory /home/axa230262/scratch/STTran/action_genome/frames/32K2C.mp4 already exists. Skipping dumping into this directory.
  RuntimeWarning)
ActionGenome/tools/dump_frames.py:46: RuntimeWarning: Frame directory /home/axa230262/scratch/STTran/action_genome/frames/32MUM.mp4 already exists. Skipping dumping into this directory.
  RuntimeWarning)
ActionGenome/tools/dump_frames.py:46: RuntimeWarning: Frame directory /home/axa230262/scratch/STTran/action_genome/frames/32N81.mp4 already exists. Skipping dumping into this directory.
  RuntimeWarning)
ActionGenome/tools/dump_frames.py:46: RuntimeWarning: Frame directory /home/axa230262/scratch/STTran/action_genome/frames/330ZE.mp4 already exists. Skipping dumping into this directory.
  RuntimeWarning)
ActionGenome/tools/dump_frames.py:46: RuntimeWarning: Frame directory /home/axa230262/scratch/STTran/action_genome/frames/334W9.mp4 already exists. Skipping dumping into this directory.
  RuntimeWarning)
ActionGenome/tools/dump_frames.py:46: RuntimeWarning: Frame directory /home/axa230262/scratch/STTran/action_genome/frames/337O2.mp4 already exists. Skipping dumping into this directory.
  RuntimeWarning)
ActionGenome/tools/dump_frames.py:46: RuntimeWarning: Frame directory /home/axa230262/scratch/STTran/action_genome/frames/33I4D.mp4 already exists. Skipping dumping into this directory.
  RuntimeWarning)
ActionGenome/tools/dump_frames.py:46: RuntimeWarning: Frame directory /home/axa230262/scratch/STTran/action_genome/frames/33OVO.mp4 already exists. Skipping dumping into this directory.
  RuntimeWarning)
ActionGenome/tools/dump_frames.py:46: RuntimeWarning: Frame directory /home/axa230262/scratch/STTran/action_genome/frames/342XO.mp4 already exists. Skipping dumping into this directory.
  RuntimeWarning)
ActionGenome/tools/dump_frames.py:46: RuntimeWarning: Frame directory /home/axa230262/scratch/STTran/action_genome/frames/34BYN.mp4 already exists. Skipping dumping into this directory.
  RuntimeWarning)
ActionGenome/tools/dump_frames.py:46: RuntimeWarning: Frame directory /home/axa230262/scratch/STTran/action_genome/frames/34DKM.mp4 already exists. Skipping dumping into this directory.
  RuntimeWarning)
ActionGenome/tools/dump_frames.py:46: RuntimeWarning: Frame directory /home/axa230262/scratch/STTran/action_genome/frames/34IUI.mp4 already exists. Skipping dumping into this directory.
  RuntimeWarning)
ActionGenome/tools/dump_frames.py:46: RuntimeWarning: Frame directory /home/axa230262/scratch/STTran/action_genome/frames/34J80.mp4 already exists. Skipping dumping into this directory.
  RuntimeWarning)
ActionGenome/tools/dump_frames.py:46: RuntimeWarning: Frame directory /home/axa230262/scratch/STTran/action_genome/frames/34OT4.mp4 already exists. Skipping dumping into this directory.
  RuntimeWarning)
ActionGenome/tools/dump_frames.py:46: RuntimeWarning: Frame directory /home/axa230262/scratch/STTran/action_genome/frames/3588V.mp4 already exists. Skipping dumping into this directory.
  RuntimeWarning)
ActionGenome/tools/dump_frames.py:46: RuntimeWarning: Frame directory /home/axa230262/scratch/STTran/action_genome/frames/358JF.mp4 already exists. Skipping dumping into this directory.
  RuntimeWarning)
ActionGenome/tools/dump_frames.py:46: RuntimeWarning: Frame directory /home/axa230262/scratch/STTran/action_genome/frames/35C4E.mp4 already exists. Skipping dumping into this directory.
  RuntimeWarning)
ActionGenome/tools/dump_frames.py:46: RuntimeWarning: Frame directory /home/axa230262/scratch/STTran/action_genome/frames/35LUV.mp4 already exists. Skipping dumping into this directory.
  RuntimeWarning)
ActionGenome/tools/dump_frames.py:46: RuntimeWarning: Frame directory /home/axa230262/scratch/STTran/action_genome/frames/35P3Q.mp4 already exists. Skipping dumping into this directory.
  RuntimeWarning)
ActionGenome/tools/dump_frames.py:46: RuntimeWarning: Frame directory /home/axa230262/scratch/STTran/action_genome/frames/35W7G.mp4 already exists. Skipping dumping into this directory.
  RuntimeWarning)
ActionGenome/tools/dump_frames.py:46: RuntimeWarning: Frame directory /home/axa230262/scratch/STTran/action_genome/frames/35ZZP.mp4 already exists. Skipping dumping into this directory.
  RuntimeWarning)
ActionGenome/tools/dump_frames.py:46: RuntimeWarning: Frame directory /home/axa230262/scratch/STTran/action_genome/frames/36AJ1.mp4 already exists. Skipping dumping into this directory.
  RuntimeWarning)
ActionGenome/tools/dump_frames.py:46: RuntimeWarning: Frame directory /home/axa230262/scratch/STTran/action_genome/frames/36EK5.mp4 already exists. Skipping dumping into this directory.
  RuntimeWarning)
ActionGenome/tools/dump_frames.py:46: RuntimeWarning: Frame directory /home/axa230262/scratch/STTran/action_genome/frames/36T5X.mp4 already exists. Skipping dumping into this directory.
  RuntimeWarning)
ActionGenome/tools/dump_frames.py:46: RuntimeWarning: Frame directory /home/axa230262/scratch/STTran/action_genome/frames/36VYU.mp4 already exists. Skipping dumping into this directory.
  RuntimeWarning)
ActionGenome/tools/dump_frames.py:46: RuntimeWarning: Frame directory /home/axa230262/scratch/STTran/action_genome/frames/36WU0.mp4 already exists. Skipping dumping into this directory.
  RuntimeWarning)
ActionGenome/tools/dump_frames.py:46: RuntimeWarning: Frame directory /home/axa230262/scratch/STTran/action_genome/frames/370X8.mp4 already exists. Skipping dumping into this directory.
  RuntimeWarning)
ActionGenome/tools/dump_frames.py:46: RuntimeWarning: Frame directory /home/axa230262/scratch/STTran/action_genome/frames/372CC.mp4 already exists. Skipping dumping into this directory.
  RuntimeWarning)
ActionGenome/tools/dump_frames.py:46: RuntimeWarning: Frame directory /home/axa230262/scratch/STTran/action_genome/frames/3731F.mp4 already exists. Skipping dumping into this directory.
  RuntimeWarning)
ActionGenome/tools/dump_frames.py:46: RuntimeWarning: Frame directory /home/axa230262/scratch/STTran/action_genome/frames/37GL4.mp4 already exists. Skipping dumping into this directory.
  RuntimeWarning)
ActionGenome/tools/dump_frames.py:46: RuntimeWarning: Frame directory /home/axa230262/scratch/STTran/action_genome/frames/37SE6.mp4 already exists. Skipping dumping into this directory.
  RuntimeWarning)
ActionGenome/tools/dump_frames.py:46: RuntimeWarning: Frame directory /home/axa230262/scratch/STTran/action_genome/frames/37Y0B.mp4 already exists. Skipping dumping into this directory.
  RuntimeWarning)
ActionGenome/tools/dump_frames.py:46: RuntimeWarning: Frame directory /home/axa230262/scratch/STTran/action_genome/frames/386XM.mp4 already exists. Skipping dumping into this directory.
  RuntimeWarning)
ActionGenome/tools/dump_frames.py:46: RuntimeWarning: Frame directory /home/axa230262/scratch/STTran/action_genome/frames/38B3F.mp4 already exists. Skipping dumping into this directory.
  RuntimeWarning)
ActionGenome/tools/dump_frames.py:46: RuntimeWarning: Frame directory /home/axa230262/scratch/STTran/action_genome/frames/38BDO.mp4 already exists. Skipping dumping into this directory.
  RuntimeWarning)
ActionGenome/tools/dump_frames.py:46: RuntimeWarning: Frame directory /home/axa230262/scratch/STTran/action_genome/frames/38I4G.mp4 already exists. Skipping dumping into this directory.
  RuntimeWarning)
ActionGenome/tools/dump_frames.py:46: RuntimeWarning: Frame directory /home/axa230262/scratch/STTran/action_genome/frames/38NUC.mp4 already exists. Skipping dumping into this directory.
  RuntimeWarning)
ActionGenome/tools/dump_frames.py:46: RuntimeWarning: Frame directory /home/axa230262/scratch/STTran/action_genome/frames/38QA4.mp4 already exists. Skipping dumping into this directory.
  RuntimeWarning)
ActionGenome/tools/dump_frames.py:46: RuntimeWarning: Frame directory /home/axa230262/scratch/STTran/action_genome/frames/38T9C.mp4 already exists. Skipping dumping into this directory.
  RuntimeWarning)
ActionGenome/tools/dump_frames.py:46: RuntimeWarning: Frame directory /home/axa230262/scratch/STTran/action_genome/frames/38TA9.mp4 already exists. Skipping dumping into this directory.
  RuntimeWarning)
ActionGenome/tools/dump_frames.py:46: RuntimeWarning: Frame directory /home/axa230262/scratch/STTran/action_genome/frames/38TF8.mp4 already exists. Skipping dumping into this directory.
  RuntimeWarning)
ActionGenome/tools/dump_frames.py:46: RuntimeWarning: Frame directory /home/axa230262/scratch/STTran/action_genome/frames/38ZFZ.mp4 already exists. Skipping dumping into this directory.
  RuntimeWarning)
ActionGenome/tools/dump_frames.py:46: RuntimeWarning: Frame directory /home/axa230262/scratch/STTran/action_genome/frames/391VK.mp4 already exists. Skipping dumping into this directory.
  RuntimeWarning)
ActionGenome/tools/dump_frames.py:46: RuntimeWarning: Frame directory /home/axa230262/scratch/STTran/action_genome/frames/39850.mp4 already exists. Skipping dumping into this directory.
  RuntimeWarning)
ActionGenome/tools/dump_frames.py:46: RuntimeWarning: Frame directory /home/axa230262/scratch/STTran/action_genome/frames/39E0I.mp4 already exists. Skipping dumping into this directory.
  RuntimeWarning)
ActionGenome/tools/dump_frames.py:46: RuntimeWarning: Frame directory /home/axa230262/scratch/STTran/action_genome/frames/39I5H.mp4 already exists. Skipping dumping into this directory.
  RuntimeWarning)
ActionGenome/tools/dump_frames.py:46: RuntimeWarning: Frame directory /home/axa230262/scratch/STTran/action_genome/frames/39LQ8.mp4 already exists. Skipping dumping into this directory.
  RuntimeWarning)
ActionGenome/tools/dump_frames.py:46: RuntimeWarning: Frame directory /home/axa230262/scratch/STTran/action_genome/frames/39SXL.mp4 already exists. Skipping dumping into this directory.
  RuntimeWarning)
ActionGenome/tools/dump_frames.py:46: RuntimeWarning: Frame directory /home/axa230262/scratch/STTran/action_genome/frames/39T0D.mp4 already exists. Skipping dumping into this directory.
  RuntimeWarning)
ActionGenome/tools/dump_frames.py:46: RuntimeWarning: Frame directory /home/axa230262/scratch/STTran/action_genome/frames/39TDM.mp4 already exists. Skipping dumping into this directory.
  RuntimeWarning)
ActionGenome/tools/dump_frames.py:46: RuntimeWarning: Frame directory /home/axa230262/scratch/STTran/action_genome/frames/3A400.mp4 already exists. Skipping dumping into this directory.
  RuntimeWarning)
ActionGenome/tools/dump_frames.py:46: RuntimeWarning: Frame directory /home/axa230262/scratch/STTran/action_genome/frames/3A4PE.mp4 already exists. Skipping dumping into this directory.
  RuntimeWarning)
ActionGenome/tools/dump_frames.py:46: RuntimeWarning: Frame directory /home/axa230262/scratch/STTran/action_genome/frames/3AE3T.mp4 already exists. Skipping dumping into this directory.
  RuntimeWarning)
ActionGenome/tools/dump_frames.py:46: RuntimeWarning: Frame directory /home/axa230262/scratch/STTran/action_genome/frames/3AEF5.mp4 already exists. Skipping dumping into this directory.
  RuntimeWarning)
ActionGenome/tools/dump_frames.py:46: RuntimeWarning: Frame directory /home/axa230262/scratch/STTran/action_genome/frames/3AHLN.mp4 already exists. Skipping dumping into this directory.
  RuntimeWarning)
ActionGenome/tools/dump_frames.py:46: RuntimeWarning: Frame directory /home/axa230262/scratch/STTran/action_genome/frames/3AKML.mp4 already exists. Skipping dumping into this directory.
  RuntimeWarning)
ActionGenome/tools/dump_frames.py:46: RuntimeWarning: Frame directory /home/axa230262/scratch/STTran/action_genome/frames/3APWC.mp4 already exists. Skipping dumping into this directory.
  RuntimeWarning)
ActionGenome/tools/dump_frames.py:46: RuntimeWarning: Frame directory /home/axa230262/scratch/STTran/action_genome/frames/3AU5K.mp4 already exists. Skipping dumping into this directory.
  RuntimeWarning)
ActionGenome/tools/dump_frames.py:46: RuntimeWarning: Frame directory /home/axa230262/scratch/STTran/action_genome/frames/3AVAH.mp4 already exists. Skipping dumping into this directory.
  RuntimeWarning)
ActionGenome/tools/dump_frames.py:46: RuntimeWarning: Frame directory /home/axa230262/scratch/STTran/action_genome/frames/3B81O.mp4 already exists. Skipping dumping into this directory.
  RuntimeWarning)
ActionGenome/tools/dump_frames.py:46: RuntimeWarning: Frame directory /home/axa230262/scratch/STTran/action_genome/frames/3B97C.mp4 already exists. Skipping dumping into this directory.
  RuntimeWarning)
ActionGenome/tools/dump_frames.py:46: RuntimeWarning: Frame directory /home/axa230262/scratch/STTran/action_genome/frames/3BH39.mp4 already exists. Skipping dumping into this directory.
  RuntimeWarning)
ActionGenome/tools/dump_frames.py:46: RuntimeWarning: Frame directory /home/axa230262/scratch/STTran/action_genome/frames/3BVG1.mp4 already exists. Skipping dumping into this directory.
  RuntimeWarning)
ActionGenome/tools/dump_frames.py:46: RuntimeWarning: Frame directory /home/axa230262/scratch/STTran/action_genome/frames/3C1ZN.mp4 already exists. Skipping dumping into this directory.
  RuntimeWarning)
ActionGenome/tools/dump_frames.py:46: RuntimeWarning: Frame directory /home/axa230262/scratch/STTran/action_genome/frames/3C36H.mp4 already exists. Skipping dumping into this directory.
  RuntimeWarning)
ActionGenome/tools/dump_frames.py:46: RuntimeWarning: Frame directory /home/axa230262/scratch/STTran/action_genome/frames/3C8OG.mp4 already exists. Skipping dumping into this directory.
  RuntimeWarning)
ActionGenome/tools/dump_frames.py:46: RuntimeWarning: Frame directory /home/axa230262/scratch/STTran/action_genome/frames/3C9L1.mp4 already exists. Skipping dumping into this directory.
  RuntimeWarning)
ActionGenome/tools/dump_frames.py:46: RuntimeWarning: Frame directory /home/axa230262/scratch/STTran/action_genome/frames/3C9R2.mp4 already exists. Skipping dumping into this directory.
  RuntimeWarning)
ActionGenome/tools/dump_frames.py:46: RuntimeWarning: Frame directory /home/axa230262/scratch/STTran/action_genome/frames/3CA1X.mp4 already exists. Skipping dumping into this directory.
  RuntimeWarning)
ActionGenome/tools/dump_frames.py:46: RuntimeWarning: Frame directory /home/axa230262/scratch/STTran/action_genome/frames/3CAPI.mp4 already exists. Skipping dumping into this directory.
  RuntimeWarning)
ActionGenome/tools/dump_frames.py:46: RuntimeWarning: Frame directory /home/axa230262/scratch/STTran/action_genome/frames/3CFFJ.mp4 already exists. Skipping dumping into this directory.
  RuntimeWarning)
ActionGenome/tools/dump_frames.py:46: RuntimeWarning: Frame directory /home/axa230262/scratch/STTran/action_genome/frames/3CGO0.mp4 already exists. Skipping dumping into this directory.
  RuntimeWarning)
ActionGenome/tools/dump_frames.py:46: RuntimeWarning: Frame directory /home/axa230262/scratch/STTran/action_genome/frames/3CIVD.mp4 already exists. Skipping dumping into this directory.
  RuntimeWarning)
ActionGenome/tools/dump_frames.py:46: RuntimeWarning: Frame directory /home/axa230262/scratch/STTran/action_genome/frames/3CKXF.mp4 already exists. Skipping dumping into this directory.
  RuntimeWarning)
ActionGenome/tools/dump_frames.py:46: RuntimeWarning: Frame directory /home/axa230262/scratch/STTran/action_genome/frames/3CLVI.mp4 already exists. Skipping dumping into this directory.
  RuntimeWarning)
ActionGenome/tools/dump_frames.py:46: RuntimeWarning: Frame directory /home/axa230262/scratch/STTran/action_genome/frames/3CPVF.mp4 already exists. Skipping dumping into this directory.
  RuntimeWarning)
ActionGenome/tools/dump_frames.py:46: RuntimeWarning: Frame directory /home/axa230262/scratch/STTran/action_genome/frames/3CTZL.mp4 already exists. Skipping dumping into this directory.
  RuntimeWarning)
ActionGenome/tools/dump_frames.py:46: RuntimeWarning: Frame directory /home/axa230262/scratch/STTran/action_genome/frames/3CW6P.mp4 already exists. Skipping dumping into this directory.
  RuntimeWarning)
ActionGenome/tools/dump_frames.py:46: RuntimeWarning: Frame directory /home/axa230262/scratch/STTran/action_genome/frames/3D0WV.mp4 already exists. Skipping dumping into this directory.
  RuntimeWarning)
ActionGenome/tools/dump_frames.py:46: RuntimeWarning: Frame directory /home/axa230262/scratch/STTran/action_genome/frames/3D81G.mp4 already exists. Skipping dumping into this directory.
  RuntimeWarning)
ActionGenome/tools/dump_frames.py:46: RuntimeWarning: Frame directory /home/axa230262/scratch/STTran/action_genome/frames/3D94R.mp4 already exists. Skipping dumping into this directory.
  RuntimeWarning)
ActionGenome/tools/dump_frames.py:46: RuntimeWarning: Frame directory /home/axa230262/scratch/STTran/action_genome/frames/3DFOQ.mp4 already exists. Skipping dumping into this directory.
  RuntimeWarning)
ActionGenome/tools/dump_frames.py:46: RuntimeWarning: Frame directory /home/axa230262/scratch/STTran/action_genome/frames/3DLKC.mp4 already exists. Skipping dumping into this directory.
  RuntimeWarning)
ActionGenome/tools/dump_frames.py:46: RuntimeWarning: Frame directory /home/axa230262/scratch/STTran/action_genome/frames/3DNW1.mp4 already exists. Skipping dumping into this directory.
  RuntimeWarning)
ActionGenome/tools/dump_frames.py:46: RuntimeWarning: Frame directory /home/axa230262/scratch/STTran/action_genome/frames/3DO3W.mp4 already exists. Skipping dumping into this directory.
  RuntimeWarning)
ActionGenome/tools/dump_frames.py:46: RuntimeWarning: Frame directory /home/axa230262/scratch/STTran/action_genome/frames/3DO95.mp4 already exists. Skipping dumping into this directory.
  RuntimeWarning)
ActionGenome/tools/dump_frames.py:46: RuntimeWarning: Frame directory /home/axa230262/scratch/STTran/action_genome/frames/3DUAO.mp4 already exists. Skipping dumping into this directory.
  RuntimeWarning)
ActionGenome/tools/dump_frames.py:46: RuntimeWarning: Frame directory /home/axa230262/scratch/STTran/action_genome/frames/3EDV7.mp4 already exists. Skipping dumping into this directory.
  RuntimeWarning)
ActionGenome/tools/dump_frames.py:46: RuntimeWarning: Frame directory /home/axa230262/scratch/STTran/action_genome/frames/3EHAJ.mp4 already exists. Skipping dumping into this directory.
  RuntimeWarning)
ActionGenome/tools/dump_frames.py:46: RuntimeWarning: Frame directory /home/axa230262/scratch/STTran/action_genome/frames/3EIRZ.mp4 already exists. Skipping dumping into this directory.
  RuntimeWarning)
ActionGenome/tools/dump_frames.py:46: RuntimeWarning: Frame directory /home/axa230262/scratch/STTran/action_genome/frames/3EJQW.mp4 already exists. Skipping dumping into this directory.
  RuntimeWarning)
ActionGenome/tools/dump_frames.py:46: RuntimeWarning: Frame directory /home/axa230262/scratch/STTran/action_genome/frames/3EYLH.mp4 already exists. Skipping dumping into this directory.
  RuntimeWarning)
ActionGenome/tools/dump_frames.py:46: RuntimeWarning: Frame directory /home/axa230262/scratch/STTran/action_genome/frames/3FEYY.mp4 already exists. Skipping dumping into this directory.
  RuntimeWarning)
ActionGenome/tools/dump_frames.py:46: RuntimeWarning: Frame directory /home/axa230262/scratch/STTran/action_genome/frames/3FMAS.mp4 already exists. Skipping dumping into this directory.
  RuntimeWarning)
ActionGenome/tools/dump_frames.py:46: RuntimeWarning: Frame directory /home/axa230262/scratch/STTran/action_genome/frames/3FX0M.mp4 already exists. Skipping dumping into this directory.
  RuntimeWarning)
ActionGenome/tools/dump_frames.py:46: RuntimeWarning: Frame directory /home/axa230262/scratch/STTran/action_genome/frames/3G1OQ.mp4 already exists. Skipping dumping into this directory.
  RuntimeWarning)
ActionGenome/tools/dump_frames.py:46: RuntimeWarning: Frame directory /home/axa230262/scratch/STTran/action_genome/frames/3G3PH.mp4 already exists. Skipping dumping into this directory.
  RuntimeWarning)
ActionGenome/tools/dump_frames.py:46: RuntimeWarning: Frame directory /home/axa230262/scratch/STTran/action_genome/frames/3G4PN.mp4 already exists. Skipping dumping into this directory.
  RuntimeWarning)
ActionGenome/tools/dump_frames.py:46: RuntimeWarning: Frame directory /home/axa230262/scratch/STTran/action_genome/frames/3G991.mp4 already exists. Skipping dumping into this directory.
  RuntimeWarning)
ActionGenome/tools/dump_frames.py:46: RuntimeWarning: Frame directory /home/axa230262/scratch/STTran/action_genome/frames/3GA59.mp4 already exists. Skipping dumping into this directory.
  RuntimeWarning)
ActionGenome/tools/dump_frames.py:46: RuntimeWarning: Frame directory /home/axa230262/scratch/STTran/action_genome/frames/3GFIC.mp4 already exists. Skipping dumping into this directory.
  RuntimeWarning)
ActionGenome/tools/dump_frames.py:46: RuntimeWarning: Frame directory /home/axa230262/scratch/STTran/action_genome/frames/3GNH7.mp4 already exists. Skipping dumping into this directory.
  RuntimeWarning)
ActionGenome/tools/dump_frames.py:46: RuntimeWarning: Frame directory /home/axa230262/scratch/STTran/action_genome/frames/3GXB7.mp4 already exists. Skipping dumping into this directory.
  RuntimeWarning)
ActionGenome/tools/dump_frames.py:46: RuntimeWarning: Frame directory /home/axa230262/scratch/STTran/action_genome/frames/3GY40.mp4 already exists. Skipping dumping into this directory.
  RuntimeWarning)
ActionGenome/tools/dump_frames.py:46: RuntimeWarning: Frame directory /home/axa230262/scratch/STTran/action_genome/frames/3H09L.mp4 already exists. Skipping dumping into this directory.
  RuntimeWarning)
ActionGenome/tools/dump_frames.py:46: RuntimeWarning: Frame directory /home/axa230262/scratch/STTran/action_genome/frames/3H0PT.mp4 already exists. Skipping dumping into this directory.
  RuntimeWarning)
ActionGenome/tools/dump_frames.py:46: RuntimeWarning: Frame directory /home/axa230262/scratch/STTran/action_genome/frames/3H1EA.mp4 already exists. Skipping dumping into this directory.
  RuntimeWarning)
ActionGenome/tools/dump_frames.py:46: RuntimeWarning: Frame directory /home/axa230262/scratch/STTran/action_genome/frames/3HF45.mp4 already exists. Skipping dumping into this directory.
  RuntimeWarning)
ActionGenome/tools/dump_frames.py:46: RuntimeWarning: Frame directory /home/axa230262/scratch/STTran/action_genome/frames/3HLP7.mp4 already exists. Skipping dumping into this directory.
  RuntimeWarning)
ActionGenome/tools/dump_frames.py:46: RuntimeWarning: Frame directory /home/axa230262/scratch/STTran/action_genome/frames/3HOJR.mp4 already exists. Skipping dumping into this directory.
  RuntimeWarning)
ActionGenome/tools/dump_frames.py:46: RuntimeWarning: Frame directory /home/axa230262/scratch/STTran/action_genome/frames/3HRNV.mp4 already exists. Skipping dumping into this directory.
  RuntimeWarning)
ActionGenome/tools/dump_frames.py:46: RuntimeWarning: Frame directory /home/axa230262/scratch/STTran/action_genome/frames/3HUXR.mp4 already exists. Skipping dumping into this directory.
  RuntimeWarning)
ActionGenome/tools/dump_frames.py:46: RuntimeWarning: Frame directory /home/axa230262/scratch/STTran/action_genome/frames/3I6XT.mp4 already exists. Skipping dumping into this directory.
  RuntimeWarning)
ActionGenome/tools/dump_frames.py:46: RuntimeWarning: Frame directory /home/axa230262/scratch/STTran/action_genome/frames/3IAPG.mp4 already exists. Skipping dumping into this directory.
  RuntimeWarning)
ActionGenome/tools/dump_frames.py:46: RuntimeWarning: Frame directory /home/axa230262/scratch/STTran/action_genome/frames/3IJGQ.mp4 already exists. Skipping dumping into this directory.
  RuntimeWarning)
ActionGenome/tools/dump_frames.py:46: RuntimeWarning: Frame directory /home/axa230262/scratch/STTran/action_genome/frames/3IMTV.mp4 already exists. Skipping dumping into this directory.
  RuntimeWarning)
ActionGenome/tools/dump_frames.py:46: RuntimeWarning: Frame directory /home/axa230262/scratch/STTran/action_genome/frames/3IPI3.mp4 already exists. Skipping dumping into this directory.
  RuntimeWarning)
ActionGenome/tools/dump_frames.py:46: RuntimeWarning: Frame directory /home/axa230262/scratch/STTran/action_genome/frames/3IRHH.mp4 already exists. Skipping dumping into this directory.
  RuntimeWarning)
ActionGenome/tools/dump_frames.py:46: RuntimeWarning: Frame directory /home/axa230262/scratch/STTran/action_genome/frames/3IS9Y.mp4 already exists. Skipping dumping into this directory.
  RuntimeWarning)
ActionGenome/tools/dump_frames.py:46: RuntimeWarning: Frame directory /home/axa230262/scratch/STTran/action_genome/frames/3J639.mp4 already exists. Skipping dumping into this directory.
  RuntimeWarning)
ActionGenome/tools/dump_frames.py:46: RuntimeWarning: Frame directory /home/axa230262/scratch/STTran/action_genome/frames/3J85M.mp4 already exists. Skipping dumping into this directory.
  RuntimeWarning)
ActionGenome/tools/dump_frames.py:46: RuntimeWarning: Frame directory /home/axa230262/scratch/STTran/action_genome/frames/3J9L5.mp4 already exists. Skipping dumping into this directory.
  RuntimeWarning)
ActionGenome/tools/dump_frames.py:46: RuntimeWarning: Frame directory /home/axa230262/scratch/STTran/action_genome/frames/3JCEI.mp4 already exists. Skipping dumping into this directory.
  RuntimeWarning)
ActionGenome/tools/dump_frames.py:46: RuntimeWarning: Frame directory /home/axa230262/scratch/STTran/action_genome/frames/3JJ7C.mp4 already exists. Skipping dumping into this directory.
  RuntimeWarning)
ActionGenome/tools/dump_frames.py:46: RuntimeWarning: Frame directory /home/axa230262/scratch/STTran/action_genome/frames/3JSX7.mp4 already exists. Skipping dumping into this directory.
  RuntimeWarning)
ActionGenome/tools/dump_frames.py:46: RuntimeWarning: Frame directory /home/axa230262/scratch/STTran/action_genome/frames/3JXKZ.mp4 already exists. Skipping dumping into this directory.
  RuntimeWarning)
ActionGenome/tools/dump_frames.py:46: RuntimeWarning: Frame directory /home/axa230262/scratch/STTran/action_genome/frames/3K2QE.mp4 already exists. Skipping dumping into this directory.
  RuntimeWarning)
ActionGenome/tools/dump_frames.py:46: RuntimeWarning: Frame directory /home/axa230262/scratch/STTran/action_genome/frames/3K6HO.mp4 already exists. Skipping dumping into this directory.
  RuntimeWarning)
ActionGenome/tools/dump_frames.py:46: RuntimeWarning: Frame directory /home/axa230262/scratch/STTran/action_genome/frames/3KDI5.mp4 already exists. Skipping dumping into this directory.
  RuntimeWarning)
ActionGenome/tools/dump_frames.py:46: RuntimeWarning: Frame directory /home/axa230262/scratch/STTran/action_genome/frames/3KWFT.mp4 already exists. Skipping dumping into this directory.
  RuntimeWarning)
ActionGenome/tools/dump_frames.py:46: RuntimeWarning: Frame directory /home/axa230262/scratch/STTran/action_genome/frames/3KZF7.mp4 already exists. Skipping dumping into this directory.
  RuntimeWarning)
ActionGenome/tools/dump_frames.py:46: RuntimeWarning: Frame directory /home/axa230262/scratch/STTran/action_genome/frames/3L3LC.mp4 already exists. Skipping dumping into this directory.
  RuntimeWarning)
ActionGenome/tools/dump_frames.py:46: RuntimeWarning: Frame directory /home/axa230262/scratch/STTran/action_genome/frames/3L7Y9.mp4 already exists. Skipping dumping into this directory.
  RuntimeWarning)
ActionGenome/tools/dump_frames.py:46: RuntimeWarning: Frame directory /home/axa230262/scratch/STTran/action_genome/frames/3LFV6.mp4 already exists. Skipping dumping into this directory.
  RuntimeWarning)
ActionGenome/tools/dump_frames.py:46: RuntimeWarning: Frame directory /home/axa230262/scratch/STTran/action_genome/frames/3LIGG.mp4 already exists. Skipping dumping into this directory.
  RuntimeWarning)
ActionGenome/tools/dump_frames.py:46: RuntimeWarning: Frame directory /home/axa230262/scratch/STTran/action_genome/frames/3LLDC.mp4 already exists. Skipping dumping into this directory.
  RuntimeWarning)
ActionGenome/tools/dump_frames.py:46: RuntimeWarning: Frame directory /home/axa230262/scratch/STTran/action_genome/frames/3LLSZ.mp4 already exists. Skipping dumping into this directory.
  RuntimeWarning)
ActionGenome/tools/dump_frames.py:46: RuntimeWarning: Frame directory /home/axa230262/scratch/STTran/action_genome/frames/3LLXX.mp4 already exists. Skipping dumping into this directory.
  RuntimeWarning)
ActionGenome/tools/dump_frames.py:46: RuntimeWarning: Frame directory /home/axa230262/scratch/STTran/action_genome/frames/3LM6H.mp4 already exists. Skipping dumping into this directory.
  RuntimeWarning)
ActionGenome/tools/dump_frames.py:46: RuntimeWarning: Frame directory /home/axa230262/scratch/STTran/action_genome/frames/3LMTS.mp4 already exists. Skipping dumping into this directory.
  RuntimeWarning)
ActionGenome/tools/dump_frames.py:46: RuntimeWarning: Frame directory /home/axa230262/scratch/STTran/action_genome/frames/3LN8C.mp4 already exists. Skipping dumping into this directory.
  RuntimeWarning)
ActionGenome/tools/dump_frames.py:46: RuntimeWarning: Frame directory /home/axa230262/scratch/STTran/action_genome/frames/3LUUF.mp4 already exists. Skipping dumping into this directory.
  RuntimeWarning)
ActionGenome/tools/dump_frames.py:46: RuntimeWarning: Frame directory /home/axa230262/scratch/STTran/action_genome/frames/3MAY9.mp4 already exists. Skipping dumping into this directory.
  RuntimeWarning)
ActionGenome/tools/dump_frames.py:46: RuntimeWarning: Frame directory /home/axa230262/scratch/STTran/action_genome/frames/3MIWR.mp4 already exists. Skipping dumping into this directory.
  RuntimeWarning)
ActionGenome/tools/dump_frames.py:46: RuntimeWarning: Frame directory /home/axa230262/scratch/STTran/action_genome/frames/3MLVF.mp4 already exists. Skipping dumping into this directory.
  RuntimeWarning)
ActionGenome/tools/dump_frames.py:46: RuntimeWarning: Frame directory /home/axa230262/scratch/STTran/action_genome/frames/3MPY7.mp4 already exists. Skipping dumping into this directory.
  RuntimeWarning)
ActionGenome/tools/dump_frames.py:46: RuntimeWarning: Frame directory /home/axa230262/scratch/STTran/action_genome/frames/3MSZA.mp4 already exists. Skipping dumping into this directory.
  RuntimeWarning)
ActionGenome/tools/dump_frames.py:46: RuntimeWarning: Frame directory /home/axa230262/scratch/STTran/action_genome/frames/3MV13.mp4 already exists. Skipping dumping into this directory.
  RuntimeWarning)
ActionGenome/tools/dump_frames.py:46: RuntimeWarning: Frame directory /home/axa230262/scratch/STTran/action_genome/frames/3MWAY.mp4 already exists. Skipping dumping into this directory.
  RuntimeWarning)
ActionGenome/tools/dump_frames.py:46: RuntimeWarning: Frame directory /home/axa230262/scratch/STTran/action_genome/frames/3MX8V.mp4 already exists. Skipping dumping into this directory.
  RuntimeWarning)
ActionGenome/tools/dump_frames.py:46: RuntimeWarning: Frame directory /home/axa230262/scratch/STTran/action_genome/frames/3MZZI.mp4 already exists. Skipping dumping into this directory.
  RuntimeWarning)
ActionGenome/tools/dump_frames.py:46: RuntimeWarning: Frame directory /home/axa230262/scratch/STTran/action_genome/frames/3N1I2.mp4 already exists. Skipping dumping into this directory.
  RuntimeWarning)
ActionGenome/tools/dump_frames.py:46: RuntimeWarning: Frame directory /home/axa230262/scratch/STTran/action_genome/frames/3ND23.mp4 already exists. Skipping dumping into this directory.
  RuntimeWarning)
ActionGenome/tools/dump_frames.py:46: RuntimeWarning: Frame directory /home/axa230262/scratch/STTran/action_genome/frames/3NE5P.mp4 already exists. Skipping dumping into this directory.
  RuntimeWarning)
ActionGenome/tools/dump_frames.py:46: RuntimeWarning: Frame directory /home/axa230262/scratch/STTran/action_genome/frames/3NKHT.mp4 already exists. Skipping dumping into this directory.
  RuntimeWarning)
ActionGenome/tools/dump_frames.py:46: RuntimeWarning: Frame directory /home/axa230262/scratch/STTran/action_genome/frames/3NOML.mp4 already exists. Skipping dumping into this directory.
  RuntimeWarning)
ActionGenome/tools/dump_frames.py:46: RuntimeWarning: Frame directory /home/axa230262/scratch/STTran/action_genome/frames/3O300.mp4 already exists. Skipping dumping into this directory.
  RuntimeWarning)
ActionGenome/tools/dump_frames.py:46: RuntimeWarning: Frame directory /home/axa230262/scratch/STTran/action_genome/frames/3O474.mp4 already exists. Skipping dumping into this directory.
  RuntimeWarning)
ActionGenome/tools/dump_frames.py:46: RuntimeWarning: Frame directory /home/axa230262/scratch/STTran/action_genome/frames/3O6KD.mp4 already exists. Skipping dumping into this directory.
  RuntimeWarning)
ActionGenome/tools/dump_frames.py:46: RuntimeWarning: Frame directory /home/axa230262/scratch/STTran/action_genome/frames/3OAGK.mp4 already exists. Skipping dumping into this directory.
  RuntimeWarning)
ActionGenome/tools/dump_frames.py:46: RuntimeWarning: Frame directory /home/axa230262/scratch/STTran/action_genome/frames/3OLX3.mp4 already exists. Skipping dumping into this directory.
  RuntimeWarning)
ActionGenome/tools/dump_frames.py:46: RuntimeWarning: Frame directory /home/axa230262/scratch/STTran/action_genome/frames/3ONCH.mp4 already exists. Skipping dumping into this directory.
  RuntimeWarning)
ActionGenome/tools/dump_frames.py:46: RuntimeWarning: Frame directory /home/axa230262/scratch/STTran/action_genome/frames/3OQ81.mp4 already exists. Skipping dumping into this directory.
  RuntimeWarning)
ActionGenome/tools/dump_frames.py:46: RuntimeWarning: Frame directory /home/axa230262/scratch/STTran/action_genome/frames/3OQ8M.mp4 already exists. Skipping dumping into this directory.
  RuntimeWarning)
ActionGenome/tools/dump_frames.py:46: RuntimeWarning: Frame directory /home/axa230262/scratch/STTran/action_genome/frames/3OUXT.mp4 already exists. Skipping dumping into this directory.
  RuntimeWarning)
ActionGenome/tools/dump_frames.py:46: RuntimeWarning: Frame directory /home/axa230262/scratch/STTran/action_genome/frames/3OZUX.mp4 already exists. Skipping dumping into this directory.
  RuntimeWarning)
ActionGenome/tools/dump_frames.py:46: RuntimeWarning: Frame directory /home/axa230262/scratch/STTran/action_genome/frames/3P055.mp4 already exists. Skipping dumping into this directory.
  RuntimeWarning)
ActionGenome/tools/dump_frames.py:46: RuntimeWarning: Frame directory /home/axa230262/scratch/STTran/action_genome/frames/3P38N.mp4 already exists. Skipping dumping into this directory.
  RuntimeWarning)
ActionGenome/tools/dump_frames.py:46: RuntimeWarning: Frame directory /home/axa230262/scratch/STTran/action_genome/frames/3P8NL.mp4 already exists. Skipping dumping into this directory.
  RuntimeWarning)
ActionGenome/tools/dump_frames.py:46: RuntimeWarning: Frame directory /home/axa230262/scratch/STTran/action_genome/frames/3PTQK.mp4 already exists. Skipping dumping into this directory.
  RuntimeWarning)
ActionGenome/tools/dump_frames.py:46: RuntimeWarning: Frame directory /home/axa230262/scratch/STTran/action_genome/frames/3PXGQ.mp4 already exists. Skipping dumping into this directory.
  RuntimeWarning)
ActionGenome/tools/dump_frames.py:46: RuntimeWarning: Frame directory /home/axa230262/scratch/STTran/action_genome/frames/3Q3YY.mp4 already exists. Skipping dumping into this directory.
  RuntimeWarning)
ActionGenome/tools/dump_frames.py:46: RuntimeWarning: Frame directory /home/axa230262/scratch/STTran/action_genome/frames/3Q6N1.mp4 already exists. Skipping dumping into this directory.
  RuntimeWarning)
ActionGenome/tools/dump_frames.py:46: RuntimeWarning: Frame directory /home/axa230262/scratch/STTran/action_genome/frames/3Q92U.mp4 already exists. Skipping dumping into this directory.
  RuntimeWarning)
ActionGenome/tools/dump_frames.py:46: RuntimeWarning: Frame directory /home/axa230262/scratch/STTran/action_genome/frames/3QGLU.mp4 already exists. Skipping dumping into this directory.
  RuntimeWarning)
ActionGenome/tools/dump_frames.py:46: RuntimeWarning: Frame directory /home/axa230262/scratch/STTran/action_genome/frames/3QL7J.mp4 already exists. Skipping dumping into this directory.
  RuntimeWarning)
ActionGenome/tools/dump_frames.py:46: RuntimeWarning: Frame directory /home/axa230262/scratch/STTran/action_genome/frames/3QVSC.mp4 already exists. Skipping dumping into this directory.
  RuntimeWarning)
ActionGenome/tools/dump_frames.py:46: RuntimeWarning: Frame directory /home/axa230262/scratch/STTran/action_genome/frames/3QXPC.mp4 already exists. Skipping dumping into this directory.
  RuntimeWarning)
ActionGenome/tools/dump_frames.py:46: RuntimeWarning: Frame directory /home/axa230262/scratch/STTran/action_genome/frames/3QY79.mp4 already exists. Skipping dumping into this directory.
  RuntimeWarning)
ActionGenome/tools/dump_frames.py:46: RuntimeWarning: Frame directory /home/axa230262/scratch/STTran/action_genome/frames/3R4DD.mp4 already exists. Skipping dumping into this directory.
  RuntimeWarning)
ActionGenome/tools/dump_frames.py:46: RuntimeWarning: Frame directory /home/axa230262/scratch/STTran/action_genome/frames/3R7NX.mp4 already exists. Skipping dumping into this directory.
  RuntimeWarning)
ActionGenome/tools/dump_frames.py:46: RuntimeWarning: Frame directory /home/axa230262/scratch/STTran/action_genome/frames/3R95N.mp4 already exists. Skipping dumping into this directory.
  RuntimeWarning)
ActionGenome/tools/dump_frames.py:46: RuntimeWarning: Frame directory /home/axa230262/scratch/STTran/action_genome/frames/3RN5M.mp4 already exists. Skipping dumping into this directory.
  RuntimeWarning)
ActionGenome/tools/dump_frames.py:46: RuntimeWarning: Frame directory /home/axa230262/scratch/STTran/action_genome/frames/3RSJV.mp4 already exists. Skipping dumping into this directory.
  RuntimeWarning)
ActionGenome/tools/dump_frames.py:46: RuntimeWarning: Frame directory /home/axa230262/scratch/STTran/action_genome/frames/3S6WL.mp4 already exists. Skipping dumping into this directory.
  RuntimeWarning)
ActionGenome/tools/dump_frames.py:46: RuntimeWarning: Frame directory /home/axa230262/scratch/STTran/action_genome/frames/3S70A.mp4 already exists. Skipping dumping into this directory.
  RuntimeWarning)
ActionGenome/tools/dump_frames.py:46: RuntimeWarning: Frame directory /home/axa230262/scratch/STTran/action_genome/frames/3SAO5.mp4 already exists. Skipping dumping into this directory.
  RuntimeWarning)
ActionGenome/tools/dump_frames.py:46: RuntimeWarning: Frame directory /home/axa230262/scratch/STTran/action_genome/frames/3SDJE.mp4 already exists. Skipping dumping into this directory.
  RuntimeWarning)
ActionGenome/tools/dump_frames.py:46: RuntimeWarning: Frame directory /home/axa230262/scratch/STTran/action_genome/frames/3SIOT.mp4 already exists. Skipping dumping into this directory.
  RuntimeWarning)
ActionGenome/tools/dump_frames.py:46: RuntimeWarning: Frame directory /home/axa230262/scratch/STTran/action_genome/frames/3SKPS.mp4 already exists. Skipping dumping into this directory.
  RuntimeWarning)
ActionGenome/tools/dump_frames.py:46: RuntimeWarning: Frame directory /home/axa230262/scratch/STTran/action_genome/frames/3SKWW.mp4 already exists. Skipping dumping into this directory.
  RuntimeWarning)
ActionGenome/tools/dump_frames.py:46: RuntimeWarning: Frame directory /home/axa230262/scratch/STTran/action_genome/frames/3SNSC.mp4 already exists. Skipping dumping into this directory.
  RuntimeWarning)
ActionGenome/tools/dump_frames.py:46: RuntimeWarning: Frame directory /home/axa230262/scratch/STTran/action_genome/frames/3STO2.mp4 already exists. Skipping dumping into this directory.
  RuntimeWarning)
ActionGenome/tools/dump_frames.py:46: RuntimeWarning: Frame directory /home/axa230262/scratch/STTran/action_genome/frames/3T785.mp4 already exists. Skipping dumping into this directory.
  RuntimeWarning)
ActionGenome/tools/dump_frames.py:46: RuntimeWarning: Frame directory /home/axa230262/scratch/STTran/action_genome/frames/3TK88.mp4 already exists. Skipping dumping into this directory.
  RuntimeWarning)
ActionGenome/tools/dump_frames.py:46: RuntimeWarning: Frame directory /home/axa230262/scratch/STTran/action_genome/frames/3TUUI.mp4 already exists. Skipping dumping into this directory.
  RuntimeWarning)
ActionGenome/tools/dump_frames.py:46: RuntimeWarning: Frame directory /home/axa230262/scratch/STTran/action_genome/frames/3TV9E.mp4 already exists. Skipping dumping into this directory.
  RuntimeWarning)
ActionGenome/tools/dump_frames.py:46: RuntimeWarning: Frame directory /home/axa230262/scratch/STTran/action_genome/frames/3U1SS.mp4 already exists. Skipping dumping into this directory.
  RuntimeWarning)
ActionGenome/tools/dump_frames.py:46: RuntimeWarning: Frame directory /home/axa230262/scratch/STTran/action_genome/frames/3U6HO.mp4 already exists. Skipping dumping into this directory.
  RuntimeWarning)
ActionGenome/tools/dump_frames.py:46: RuntimeWarning: Frame directory /home/axa230262/scratch/STTran/action_genome/frames/3U6OZ.mp4 already exists. Skipping dumping into this directory.
  RuntimeWarning)
ActionGenome/tools/dump_frames.py:46: RuntimeWarning: Frame directory /home/axa230262/scratch/STTran/action_genome/frames/3UACJ.mp4 already exists. Skipping dumping into this directory.
  RuntimeWarning)
ActionGenome/tools/dump_frames.py:46: RuntimeWarning: Frame directory /home/axa230262/scratch/STTran/action_genome/frames/3UWW0.mp4 already exists. Skipping dumping into this directory.
  RuntimeWarning)
ActionGenome/tools/dump_frames.py:46: RuntimeWarning: Frame directory /home/axa230262/scratch/STTran/action_genome/frames/3UXL9.mp4 already exists. Skipping dumping into this directory.
  RuntimeWarning)
ActionGenome/tools/dump_frames.py:46: RuntimeWarning: Frame directory /home/axa230262/scratch/STTran/action_genome/frames/3UZ88.mp4 already exists. Skipping dumping into this directory.
  RuntimeWarning)
ActionGenome/tools/dump_frames.py:46: RuntimeWarning: Frame directory /home/axa230262/scratch/STTran/action_genome/frames/3V2HJ.mp4 already exists. Skipping dumping into this directory.
  RuntimeWarning)
ActionGenome/tools/dump_frames.py:46: RuntimeWarning: Frame directory /home/axa230262/scratch/STTran/action_genome/frames/3V7MT.mp4 already exists. Skipping dumping into this directory.
  RuntimeWarning)
ActionGenome/tools/dump_frames.py:46: RuntimeWarning: Frame directory /home/axa230262/scratch/STTran/action_genome/frames/3V7X2.mp4 already exists. Skipping dumping into this directory.
  RuntimeWarning)
ActionGenome/tools/dump_frames.py:46: RuntimeWarning: Frame directory /home/axa230262/scratch/STTran/action_genome/frames/3VEJY.mp4 already exists. Skipping dumping into this directory.
  RuntimeWarning)
ActionGenome/tools/dump_frames.py:46: RuntimeWarning: Frame directory /home/axa230262/scratch/STTran/action_genome/frames/3VH9O.mp4 already exists. Skipping dumping into this directory.
  RuntimeWarning)
ActionGenome/tools/dump_frames.py:46: RuntimeWarning: Frame directory /home/axa230262/scratch/STTran/action_genome/frames/3VM0R.mp4 already exists. Skipping dumping into this directory.
  RuntimeWarning)
ActionGenome/tools/dump_frames.py:46: RuntimeWarning: Frame directory /home/axa230262/scratch/STTran/action_genome/frames/3VMTS.mp4 already exists. Skipping dumping into this directory.
  RuntimeWarning)
ActionGenome/tools/dump_frames.py:46: RuntimeWarning: Frame directory /home/axa230262/scratch/STTran/action_genome/frames/3VRTT.mp4 already exists. Skipping dumping into this directory.
  RuntimeWarning)
ActionGenome/tools/dump_frames.py:46: RuntimeWarning: Frame directory /home/axa230262/scratch/STTran/action_genome/frames/3VT73.mp4 already exists. Skipping dumping into this directory.
  RuntimeWarning)
ActionGenome/tools/dump_frames.py:46: RuntimeWarning: Frame directory /home/axa230262/scratch/STTran/action_genome/frames/3VWR9.mp4 already exists. Skipping dumping into this directory.
  RuntimeWarning)
ActionGenome/tools/dump_frames.py:46: RuntimeWarning: Frame directory /home/axa230262/scratch/STTran/action_genome/frames/3VWSP.mp4 already exists. Skipping dumping into this directory.
  RuntimeWarning)
ActionGenome/tools/dump_frames.py:46: RuntimeWarning: Frame directory /home/axa230262/scratch/STTran/action_genome/frames/3VYGU.mp4 already exists. Skipping dumping into this directory.
  RuntimeWarning)
ActionGenome/tools/dump_frames.py:46: RuntimeWarning: Frame directory /home/axa230262/scratch/STTran/action_genome/frames/3W1GP.mp4 already exists. Skipping dumping into this directory.
  RuntimeWarning)
ActionGenome/tools/dump_frames.py:46: RuntimeWarning: Frame directory /home/axa230262/scratch/STTran/action_genome/frames/3W31X.mp4 already exists. Skipping dumping into this directory.
  RuntimeWarning)
ActionGenome/tools/dump_frames.py:46: RuntimeWarning: Frame directory /home/axa230262/scratch/STTran/action_genome/frames/3W5GB.mp4 already exists. Skipping dumping into this directory.
  RuntimeWarning)
ActionGenome/tools/dump_frames.py:46: RuntimeWarning: Frame directory /home/axa230262/scratch/STTran/action_genome/frames/3W6CP.mp4 already exists. Skipping dumping into this directory.
  RuntimeWarning)
ActionGenome/tools/dump_frames.py:46: RuntimeWarning: Frame directory /home/axa230262/scratch/STTran/action_genome/frames/3W6TL.mp4 already exists. Skipping dumping into this directory.
  RuntimeWarning)
ActionGenome/tools/dump_frames.py:46: RuntimeWarning: Frame directory /home/axa230262/scratch/STTran/action_genome/frames/3WAWR.mp4 already exists. Skipping dumping into this directory.
  RuntimeWarning)
ActionGenome/tools/dump_frames.py:46: RuntimeWarning: Frame directory /home/axa230262/scratch/STTran/action_genome/frames/3WD4E.mp4 already exists. Skipping dumping into this directory.
  RuntimeWarning)
ActionGenome/tools/dump_frames.py:46: RuntimeWarning: Frame directory /home/axa230262/scratch/STTran/action_genome/frames/3WMV4.mp4 already exists. Skipping dumping into this directory.
  RuntimeWarning)
ActionGenome/tools/dump_frames.py:46: RuntimeWarning: Frame directory /home/axa230262/scratch/STTran/action_genome/frames/3WRE7.mp4 already exists. Skipping dumping into this directory.
  RuntimeWarning)
ActionGenome/tools/dump_frames.py:46: RuntimeWarning: Frame directory /home/axa230262/scratch/STTran/action_genome/frames/3X52E.mp4 already exists. Skipping dumping into this directory.
  RuntimeWarning)
ActionGenome/tools/dump_frames.py:46: RuntimeWarning: Frame directory /home/axa230262/scratch/STTran/action_genome/frames/3X6SI.mp4 already exists. Skipping dumping into this directory.
  RuntimeWarning)
ActionGenome/tools/dump_frames.py:46: RuntimeWarning: Frame directory /home/axa230262/scratch/STTran/action_genome/frames/3XDQC.mp4 already exists. Skipping dumping into this directory.
  RuntimeWarning)
ActionGenome/tools/dump_frames.py:46: RuntimeWarning: Frame directory /home/axa230262/scratch/STTran/action_genome/frames/3XH1V.mp4 already exists. Skipping dumping into this directory.
  RuntimeWarning)
ActionGenome/tools/dump_frames.py:46: RuntimeWarning: Frame directory /home/axa230262/scratch/STTran/action_genome/frames/3XKBC.mp4 already exists. Skipping dumping into this directory.
  RuntimeWarning)
ActionGenome/tools/dump_frames.py:46: RuntimeWarning: Frame directory /home/axa230262/scratch/STTran/action_genome/frames/3XL0K.mp4 already exists. Skipping dumping into this directory.
  RuntimeWarning)
ActionGenome/tools/dump_frames.py:46: RuntimeWarning: Frame directory /home/axa230262/scratch/STTran/action_genome/frames/3XM7Q.mp4 already exists. Skipping dumping into this directory.
  RuntimeWarning)
ActionGenome/tools/dump_frames.py:46: RuntimeWarning: Frame directory /home/axa230262/scratch/STTran/action_genome/frames/3XUPT.mp4 already exists. Skipping dumping into this directory.
  RuntimeWarning)
ActionGenome/tools/dump_frames.py:46: RuntimeWarning: Frame directory /home/axa230262/scratch/STTran/action_genome/frames/3YC35.mp4 already exists. Skipping dumping into this directory.
  RuntimeWarning)
ActionGenome/tools/dump_frames.py:46: RuntimeWarning: Frame directory /home/axa230262/scratch/STTran/action_genome/frames/3YGOV.mp4 already exists. Skipping dumping into this directory.
  RuntimeWarning)
ActionGenome/tools/dump_frames.py:46: RuntimeWarning: Frame directory /home/axa230262/scratch/STTran/action_genome/frames/3YNPY.mp4 already exists. Skipping dumping into this directory.
  RuntimeWarning)
ActionGenome/tools/dump_frames.py:46: RuntimeWarning: Frame directory /home/axa230262/scratch/STTran/action_genome/frames/3YQE2.mp4 already exists. Skipping dumping into this directory.
  RuntimeWarning)
ActionGenome/tools/dump_frames.py:46: RuntimeWarning: Frame directory /home/axa230262/scratch/STTran/action_genome/frames/3YVPG.mp4 already exists. Skipping dumping into this directory.
  RuntimeWarning)
ActionGenome/tools/dump_frames.py:46: RuntimeWarning: Frame directory /home/axa230262/scratch/STTran/action_genome/frames/3YY88.mp4 already exists. Skipping dumping into this directory.
  RuntimeWarning)
ActionGenome/tools/dump_frames.py:46: RuntimeWarning: Frame directory /home/axa230262/scratch/STTran/action_genome/frames/3Z08H.mp4 already exists. Skipping dumping into this directory.
  RuntimeWarning)
ActionGenome/tools/dump_frames.py:46: RuntimeWarning: Frame directory /home/axa230262/scratch/STTran/action_genome/frames/3Z1YC.mp4 already exists. Skipping dumping into this directory.
  RuntimeWarning)
ActionGenome/tools/dump_frames.py:46: RuntimeWarning: Frame directory /home/axa230262/scratch/STTran/action_genome/frames/3Z223.mp4 already exists. Skipping dumping into this directory.
  RuntimeWarning)
ActionGenome/tools/dump_frames.py:46: RuntimeWarning: Frame directory /home/axa230262/scratch/STTran/action_genome/frames/3Z7KH.mp4 already exists. Skipping dumping into this directory.
  RuntimeWarning)
ActionGenome/tools/dump_frames.py:46: RuntimeWarning: Frame directory /home/axa230262/scratch/STTran/action_genome/frames/3ZC4Y.mp4 already exists. Skipping dumping into this directory.
  RuntimeWarning)
ActionGenome/tools/dump_frames.py:46: RuntimeWarning: Frame directory /home/axa230262/scratch/STTran/action_genome/frames/3ZH9Z.mp4 already exists. Skipping dumping into this directory.
  RuntimeWarning)
ActionGenome/tools/dump_frames.py:46: RuntimeWarning: Frame directory /home/axa230262/scratch/STTran/action_genome/frames/3ZHEX.mp4 already exists. Skipping dumping into this directory.
  RuntimeWarning)
ActionGenome/tools/dump_frames.py:46: RuntimeWarning: Frame directory /home/axa230262/scratch/STTran/action_genome/frames/3ZKDY.mp4 already exists. Skipping dumping into this directory.
  RuntimeWarning)
ActionGenome/tools/dump_frames.py:46: RuntimeWarning: Frame directory /home/axa230262/scratch/STTran/action_genome/frames/3ZOI4.mp4 already exists. Skipping dumping into this directory.
  RuntimeWarning)
ActionGenome/tools/dump_frames.py:46: RuntimeWarning: Frame directory /home/axa230262/scratch/STTran/action_genome/frames/3ZUVI.mp4 already exists. Skipping dumping into this directory.
  RuntimeWarning)
ActionGenome/tools/dump_frames.py:46: RuntimeWarning: Frame directory /home/axa230262/scratch/STTran/action_genome/frames/4021D.mp4 already exists. Skipping dumping into this directory.
  RuntimeWarning)
ActionGenome/tools/dump_frames.py:46: RuntimeWarning: Frame directory /home/axa230262/scratch/STTran/action_genome/frames/4021N.mp4 already exists. Skipping dumping into this directory.
  RuntimeWarning)
ActionGenome/tools/dump_frames.py:46: RuntimeWarning: Frame directory /home/axa230262/scratch/STTran/action_genome/frames/40309.mp4 already exists. Skipping dumping into this directory.
  RuntimeWarning)
ActionGenome/tools/dump_frames.py:46: RuntimeWarning: Frame directory /home/axa230262/scratch/STTran/action_genome/frames/406LH.mp4 already exists. Skipping dumping into this directory.
  RuntimeWarning)
ActionGenome/tools/dump_frames.py:46: RuntimeWarning: Frame directory /home/axa230262/scratch/STTran/action_genome/frames/409X2.mp4 already exists. Skipping dumping into this directory.
  RuntimeWarning)
ActionGenome/tools/dump_frames.py:46: RuntimeWarning: Frame directory /home/axa230262/scratch/STTran/action_genome/frames/40DSU.mp4 already exists. Skipping dumping into this directory.
  RuntimeWarning)
ActionGenome/tools/dump_frames.py:46: RuntimeWarning: Frame directory /home/axa230262/scratch/STTran/action_genome/frames/40F42.mp4 already exists. Skipping dumping into this directory.
  RuntimeWarning)
ActionGenome/tools/dump_frames.py:46: RuntimeWarning: Frame directory /home/axa230262/scratch/STTran/action_genome/frames/40FKN.mp4 already exists. Skipping dumping into this directory.
  RuntimeWarning)
ActionGenome/tools/dump_frames.py:46: RuntimeWarning: Frame directory /home/axa230262/scratch/STTran/action_genome/frames/40IEF.mp4 already exists. Skipping dumping into this directory.
  RuntimeWarning)
ActionGenome/tools/dump_frames.py:46: RuntimeWarning: Frame directory /home/axa230262/scratch/STTran/action_genome/frames/40NIM.mp4 already exists. Skipping dumping into this directory.
  RuntimeWarning)
ActionGenome/tools/dump_frames.py:46: RuntimeWarning: Frame directory /home/axa230262/scratch/STTran/action_genome/frames/40TYU.mp4 already exists. Skipping dumping into this directory.
  RuntimeWarning)
ActionGenome/tools/dump_frames.py:46: RuntimeWarning: Frame directory /home/axa230262/scratch/STTran/action_genome/frames/40WPV.mp4 already exists. Skipping dumping into this directory.
  RuntimeWarning)
ActionGenome/tools/dump_frames.py:46: RuntimeWarning: Frame directory /home/axa230262/scratch/STTran/action_genome/frames/417RA.mp4 already exists. Skipping dumping into this directory.
  RuntimeWarning)
ActionGenome/tools/dump_frames.py:46: RuntimeWarning: Frame directory /home/axa230262/scratch/STTran/action_genome/frames/41A89.mp4 already exists. Skipping dumping into this directory.
  RuntimeWarning)
ActionGenome/tools/dump_frames.py:46: RuntimeWarning: Frame directory /home/axa230262/scratch/STTran/action_genome/frames/41CZS.mp4 already exists. Skipping dumping into this directory.
  RuntimeWarning)
ActionGenome/tools/dump_frames.py:46: RuntimeWarning: Frame directory /home/axa230262/scratch/STTran/action_genome/frames/41EQS.mp4 already exists. Skipping dumping into this directory.
  RuntimeWarning)
ActionGenome/tools/dump_frames.py:46: RuntimeWarning: Frame directory /home/axa230262/scratch/STTran/action_genome/frames/41F2M.mp4 already exists. Skipping dumping into this directory.
  RuntimeWarning)
ActionGenome/tools/dump_frames.py:46: RuntimeWarning: Frame directory /home/axa230262/scratch/STTran/action_genome/frames/41FNM.mp4 already exists. Skipping dumping into this directory.
  RuntimeWarning)
ActionGenome/tools/dump_frames.py:46: RuntimeWarning: Frame directory /home/axa230262/scratch/STTran/action_genome/frames/41GXC.mp4 already exists. Skipping dumping into this directory.
  RuntimeWarning)
ActionGenome/tools/dump_frames.py:46: RuntimeWarning: Frame directory /home/axa230262/scratch/STTran/action_genome/frames/41II2.mp4 already exists. Skipping dumping into this directory.
  RuntimeWarning)
ActionGenome/tools/dump_frames.py:46: RuntimeWarning: Frame directory /home/axa230262/scratch/STTran/action_genome/frames/41O3J.mp4 already exists. Skipping dumping into this directory.
  RuntimeWarning)
ActionGenome/tools/dump_frames.py:46: RuntimeWarning: Frame directory /home/axa230262/scratch/STTran/action_genome/frames/41SB2.mp4 already exists. Skipping dumping into this directory.
  RuntimeWarning)
ActionGenome/tools/dump_frames.py:46: RuntimeWarning: Frame directory /home/axa230262/scratch/STTran/action_genome/frames/41T8C.mp4 already exists. Skipping dumping into this directory.
  RuntimeWarning)
ActionGenome/tools/dump_frames.py:46: RuntimeWarning: Frame directory /home/axa230262/scratch/STTran/action_genome/frames/41ZY4.mp4 already exists. Skipping dumping into this directory.
  RuntimeWarning)
ActionGenome/tools/dump_frames.py:46: RuntimeWarning: Frame directory /home/axa230262/scratch/STTran/action_genome/frames/422BV.mp4 already exists. Skipping dumping into this directory.
  RuntimeWarning)
ActionGenome/tools/dump_frames.py:46: RuntimeWarning: Frame directory /home/axa230262/scratch/STTran/action_genome/frames/428VQ.mp4 already exists. Skipping dumping into this directory.
  RuntimeWarning)
ActionGenome/tools/dump_frames.py:46: RuntimeWarning: Frame directory /home/axa230262/scratch/STTran/action_genome/frames/42E9I.mp4 already exists. Skipping dumping into this directory.
  RuntimeWarning)
ActionGenome/tools/dump_frames.py:46: RuntimeWarning: Frame directory /home/axa230262/scratch/STTran/action_genome/frames/42K3H.mp4 already exists. Skipping dumping into this directory.
  RuntimeWarning)
ActionGenome/tools/dump_frames.py:46: RuntimeWarning: Frame directory /home/axa230262/scratch/STTran/action_genome/frames/42MC3.mp4 already exists. Skipping dumping into this directory.
  RuntimeWarning)
ActionGenome/tools/dump_frames.py:46: RuntimeWarning: Frame directory /home/axa230262/scratch/STTran/action_genome/frames/42MIK.mp4 already exists. Skipping dumping into this directory.
  RuntimeWarning)
ActionGenome/tools/dump_frames.py:46: RuntimeWarning: Frame directory /home/axa230262/scratch/STTran/action_genome/frames/42PMR.mp4 already exists. Skipping dumping into this directory.
  RuntimeWarning)
ActionGenome/tools/dump_frames.py:46: RuntimeWarning: Frame directory /home/axa230262/scratch/STTran/action_genome/frames/42SEP.mp4 already exists. Skipping dumping into this directory.
  RuntimeWarning)
ActionGenome/tools/dump_frames.py:46: RuntimeWarning: Frame directory /home/axa230262/scratch/STTran/action_genome/frames/42UH8.mp4 already exists. Skipping dumping into this directory.
  RuntimeWarning)
ActionGenome/tools/dump_frames.py:46: RuntimeWarning: Frame directory /home/axa230262/scratch/STTran/action_genome/frames/432NL.mp4 already exists. Skipping dumping into this directory.
  RuntimeWarning)
ActionGenome/tools/dump_frames.py:46: RuntimeWarning: Frame directory /home/axa230262/scratch/STTran/action_genome/frames/43CCM.mp4 already exists. Skipping dumping into this directory.
  RuntimeWarning)
ActionGenome/tools/dump_frames.py:46: RuntimeWarning: Frame directory /home/axa230262/scratch/STTran/action_genome/frames/43CF9.mp4 already exists. Skipping dumping into this directory.
  RuntimeWarning)
ActionGenome/tools/dump_frames.py:46: RuntimeWarning: Frame directory /home/axa230262/scratch/STTran/action_genome/frames/43FG9.mp4 already exists. Skipping dumping into this directory.
  RuntimeWarning)
ActionGenome/tools/dump_frames.py:46: RuntimeWarning: Frame directory /home/axa230262/scratch/STTran/action_genome/frames/43ODF.mp4 already exists. Skipping dumping into this directory.
  RuntimeWarning)
ActionGenome/tools/dump_frames.py:46: RuntimeWarning: Frame directory /home/axa230262/scratch/STTran/action_genome/frames/43OGO.mp4 already exists. Skipping dumping into this directory.
  RuntimeWarning)
ActionGenome/tools/dump_frames.py:46: RuntimeWarning: Frame directory /home/axa230262/scratch/STTran/action_genome/frames/43OXO.mp4 already exists. Skipping dumping into this directory.
  RuntimeWarning)
ActionGenome/tools/dump_frames.py:46: RuntimeWarning: Frame directory /home/axa230262/scratch/STTran/action_genome/frames/43UDQ.mp4 already exists. Skipping dumping into this directory.
  RuntimeWarning)
ActionGenome/tools/dump_frames.py:46: RuntimeWarning: Frame directory /home/axa230262/scratch/STTran/action_genome/frames/43UGG.mp4 already exists. Skipping dumping into this directory.
  RuntimeWarning)
ActionGenome/tools/dump_frames.py:46: RuntimeWarning: Frame directory /home/axa230262/scratch/STTran/action_genome/frames/448J4.mp4 already exists. Skipping dumping into this directory.
  RuntimeWarning)
ActionGenome/tools/dump_frames.py:46: RuntimeWarning: Frame directory /home/axa230262/scratch/STTran/action_genome/frames/44HW5.mp4 already exists. Skipping dumping into this directory.
  RuntimeWarning)
ActionGenome/tools/dump_frames.py:46: RuntimeWarning: Frame directory /home/axa230262/scratch/STTran/action_genome/frames/44PFW.mp4 already exists. Skipping dumping into this directory.
  RuntimeWarning)
ActionGenome/tools/dump_frames.py:46: RuntimeWarning: Frame directory /home/axa230262/scratch/STTran/action_genome/frames/44Q8A.mp4 already exists. Skipping dumping into this directory.
  RuntimeWarning)
ActionGenome/tools/dump_frames.py:46: RuntimeWarning: Frame directory /home/axa230262/scratch/STTran/action_genome/frames/44T8B.mp4 already exists. Skipping dumping into this directory.
  RuntimeWarning)
ActionGenome/tools/dump_frames.py:46: RuntimeWarning: Frame directory /home/axa230262/scratch/STTran/action_genome/frames/44Y6S.mp4 already exists. Skipping dumping into this directory.
  RuntimeWarning)
ActionGenome/tools/dump_frames.py:46: RuntimeWarning: Frame directory /home/axa230262/scratch/STTran/action_genome/frames/450TW.mp4 already exists. Skipping dumping into this directory.
  RuntimeWarning)
ActionGenome/tools/dump_frames.py:46: RuntimeWarning: Frame directory /home/axa230262/scratch/STTran/action_genome/frames/452FV.mp4 already exists. Skipping dumping into this directory.
  RuntimeWarning)
ActionGenome/tools/dump_frames.py:46: RuntimeWarning: Frame directory /home/axa230262/scratch/STTran/action_genome/frames/45BIP.mp4 already exists. Skipping dumping into this directory.
  RuntimeWarning)
ActionGenome/tools/dump_frames.py:46: RuntimeWarning: Frame directory /home/axa230262/scratch/STTran/action_genome/frames/45D5U.mp4 already exists. Skipping dumping into this directory.
  RuntimeWarning)
ActionGenome/tools/dump_frames.py:46: RuntimeWarning: Frame directory /home/axa230262/scratch/STTran/action_genome/frames/45FWP.mp4 already exists. Skipping dumping into this directory.
  RuntimeWarning)
ActionGenome/tools/dump_frames.py:46: RuntimeWarning: Frame directory /home/axa230262/scratch/STTran/action_genome/frames/45P7D.mp4 already exists. Skipping dumping into this directory.
  RuntimeWarning)
ActionGenome/tools/dump_frames.py:46: RuntimeWarning: Frame directory /home/axa230262/scratch/STTran/action_genome/frames/45Z2A.mp4 already exists. Skipping dumping into this directory.
  RuntimeWarning)
ActionGenome/tools/dump_frames.py:46: RuntimeWarning: Frame directory /home/axa230262/scratch/STTran/action_genome/frames/463UL.mp4 already exists. Skipping dumping into this directory.
  RuntimeWarning)
ActionGenome/tools/dump_frames.py:46: RuntimeWarning: Frame directory /home/axa230262/scratch/STTran/action_genome/frames/4683D.mp4 already exists. Skipping dumping into this directory.
  RuntimeWarning)
ActionGenome/tools/dump_frames.py:46: RuntimeWarning: Frame directory /home/axa230262/scratch/STTran/action_genome/frames/469E8.mp4 already exists. Skipping dumping into this directory.
  RuntimeWarning)
ActionGenome/tools/dump_frames.py:46: RuntimeWarning: Frame directory /home/axa230262/scratch/STTran/action_genome/frames/469ZJ.mp4 already exists. Skipping dumping into this directory.
  RuntimeWarning)
ActionGenome/tools/dump_frames.py:46: RuntimeWarning: Frame directory /home/axa230262/scratch/STTran/action_genome/frames/46A6J.mp4 already exists. Skipping dumping into this directory.
  RuntimeWarning)
ActionGenome/tools/dump_frames.py:46: RuntimeWarning: Frame directory /home/axa230262/scratch/STTran/action_genome/frames/46GP8.mp4 already exists. Skipping dumping into this directory.
  RuntimeWarning)
ActionGenome/tools/dump_frames.py:46: RuntimeWarning: Frame directory /home/axa230262/scratch/STTran/action_genome/frames/46Z16.mp4 already exists. Skipping dumping into this directory.
  RuntimeWarning)
ActionGenome/tools/dump_frames.py:46: RuntimeWarning: Frame directory /home/axa230262/scratch/STTran/action_genome/frames/4713W.mp4 already exists. Skipping dumping into this directory.
  RuntimeWarning)
ActionGenome/tools/dump_frames.py:46: RuntimeWarning: Frame directory /home/axa230262/scratch/STTran/action_genome/frames/472B0.mp4 already exists. Skipping dumping into this directory.
  RuntimeWarning)
ActionGenome/tools/dump_frames.py:46: RuntimeWarning: Frame directory /home/axa230262/scratch/STTran/action_genome/frames/472EJ.mp4 already exists. Skipping dumping into this directory.
  RuntimeWarning)
ActionGenome/tools/dump_frames.py:46: RuntimeWarning: Frame directory /home/axa230262/scratch/STTran/action_genome/frames/47532.mp4 already exists. Skipping dumping into this directory.
  RuntimeWarning)
ActionGenome/tools/dump_frames.py:46: RuntimeWarning: Frame directory /home/axa230262/scratch/STTran/action_genome/frames/47D1Y.mp4 already exists. Skipping dumping into this directory.
  RuntimeWarning)
ActionGenome/tools/dump_frames.py:46: RuntimeWarning: Frame directory /home/axa230262/scratch/STTran/action_genome/frames/47DR8.mp4 already exists. Skipping dumping into this directory.
  RuntimeWarning)
ActionGenome/tools/dump_frames.py:46: RuntimeWarning: Frame directory /home/axa230262/scratch/STTran/action_genome/frames/47I6H.mp4 already exists. Skipping dumping into this directory.
  RuntimeWarning)
ActionGenome/tools/dump_frames.py:46: RuntimeWarning: Frame directory /home/axa230262/scratch/STTran/action_genome/frames/47RAA.mp4 already exists. Skipping dumping into this directory.
  RuntimeWarning)
ActionGenome/tools/dump_frames.py:46: RuntimeWarning: Frame directory /home/axa230262/scratch/STTran/action_genome/frames/47Y1V.mp4 already exists. Skipping dumping into this directory.
  RuntimeWarning)
ActionGenome/tools/dump_frames.py:46: RuntimeWarning: Frame directory /home/axa230262/scratch/STTran/action_genome/frames/47Y1X.mp4 already exists. Skipping dumping into this directory.
  RuntimeWarning)
ActionGenome/tools/dump_frames.py:46: RuntimeWarning: Frame directory /home/axa230262/scratch/STTran/action_genome/frames/47ZXN.mp4 already exists. Skipping dumping into this directory.
  RuntimeWarning)
ActionGenome/tools/dump_frames.py:46: RuntimeWarning: Frame directory /home/axa230262/scratch/STTran/action_genome/frames/481PN.mp4 already exists. Skipping dumping into this directory.
  RuntimeWarning)
ActionGenome/tools/dump_frames.py:46: RuntimeWarning: Frame directory /home/axa230262/scratch/STTran/action_genome/frames/485G9.mp4 already exists. Skipping dumping into this directory.
  RuntimeWarning)
ActionGenome/tools/dump_frames.py:46: RuntimeWarning: Frame directory /home/axa230262/scratch/STTran/action_genome/frames/485I1.mp4 already exists. Skipping dumping into this directory.
  RuntimeWarning)
ActionGenome/tools/dump_frames.py:46: RuntimeWarning: Frame directory /home/axa230262/scratch/STTran/action_genome/frames/4878H.mp4 already exists. Skipping dumping into this directory.
  RuntimeWarning)
ActionGenome/tools/dump_frames.py:46: RuntimeWarning: Frame directory /home/axa230262/scratch/STTran/action_genome/frames/48BUM.mp4 already exists. Skipping dumping into this directory.
  RuntimeWarning)
ActionGenome/tools/dump_frames.py:46: RuntimeWarning: Frame directory /home/axa230262/scratch/STTran/action_genome/frames/48CYX.mp4 already exists. Skipping dumping into this directory.
  RuntimeWarning)
ActionGenome/tools/dump_frames.py:46: RuntimeWarning: Frame directory /home/axa230262/scratch/STTran/action_genome/frames/48EEP.mp4 already exists. Skipping dumping into this directory.
  RuntimeWarning)
ActionGenome/tools/dump_frames.py:46: RuntimeWarning: Frame directory /home/axa230262/scratch/STTran/action_genome/frames/48IQL.mp4 already exists. Skipping dumping into this directory.
  RuntimeWarning)
ActionGenome/tools/dump_frames.py:46: RuntimeWarning: Frame directory /home/axa230262/scratch/STTran/action_genome/frames/48WOM.mp4 already exists. Skipping dumping into this directory.
  RuntimeWarning)
ActionGenome/tools/dump_frames.py:46: RuntimeWarning: Frame directory /home/axa230262/scratch/STTran/action_genome/frames/48XER.mp4 already exists. Skipping dumping into this directory.
  RuntimeWarning)
ActionGenome/tools/dump_frames.py:46: RuntimeWarning: Frame directory /home/axa230262/scratch/STTran/action_genome/frames/490S2.mp4 already exists. Skipping dumping into this directory.
  RuntimeWarning)
ActionGenome/tools/dump_frames.py:46: RuntimeWarning: Frame directory /home/axa230262/scratch/STTran/action_genome/frames/491X2.mp4 already exists. Skipping dumping into this directory.
  RuntimeWarning)
ActionGenome/tools/dump_frames.py:46: RuntimeWarning: Frame directory /home/axa230262/scratch/STTran/action_genome/frames/493WS.mp4 already exists. Skipping dumping into this directory.
  RuntimeWarning)
ActionGenome/tools/dump_frames.py:46: RuntimeWarning: Frame directory /home/axa230262/scratch/STTran/action_genome/frames/4986V.mp4 already exists. Skipping dumping into this directory.
  RuntimeWarning)
ActionGenome/tools/dump_frames.py:46: RuntimeWarning: Frame directory /home/axa230262/scratch/STTran/action_genome/frames/49NHJ.mp4 already exists. Skipping dumping into this directory.
  RuntimeWarning)
ActionGenome/tools/dump_frames.py:46: RuntimeWarning: Frame directory /home/axa230262/scratch/STTran/action_genome/frames/49QXY.mp4 already exists. Skipping dumping into this directory.
  RuntimeWarning)
ActionGenome/tools/dump_frames.py:46: RuntimeWarning: Frame directory /home/axa230262/scratch/STTran/action_genome/frames/4A28I.mp4 already exists. Skipping dumping into this directory.
  RuntimeWarning)
ActionGenome/tools/dump_frames.py:46: RuntimeWarning: Frame directory /home/axa230262/scratch/STTran/action_genome/frames/4A81E.mp4 already exists. Skipping dumping into this directory.
  RuntimeWarning)
ActionGenome/tools/dump_frames.py:46: RuntimeWarning: Frame directory /home/axa230262/scratch/STTran/action_genome/frames/4ALLQ.mp4 already exists. Skipping dumping into this directory.
  RuntimeWarning)
ActionGenome/tools/dump_frames.py:46: RuntimeWarning: Frame directory /home/axa230262/scratch/STTran/action_genome/frames/4AQZ2.mp4 already exists. Skipping dumping into this directory.
  RuntimeWarning)
ActionGenome/tools/dump_frames.py:46: RuntimeWarning: Frame directory /home/axa230262/scratch/STTran/action_genome/frames/4ATDB.mp4 already exists. Skipping dumping into this directory.
  RuntimeWarning)
ActionGenome/tools/dump_frames.py:46: RuntimeWarning: Frame directory /home/axa230262/scratch/STTran/action_genome/frames/4BEZX.mp4 already exists. Skipping dumping into this directory.
  RuntimeWarning)
ActionGenome/tools/dump_frames.py:46: RuntimeWarning: Frame directory /home/axa230262/scratch/STTran/action_genome/frames/4BGWL.mp4 already exists. Skipping dumping into this directory.
  RuntimeWarning)
ActionGenome/tools/dump_frames.py:46: RuntimeWarning: Frame directory /home/axa230262/scratch/STTran/action_genome/frames/4BIMI.mp4 already exists. Skipping dumping into this directory.
  RuntimeWarning)
ActionGenome/tools/dump_frames.py:46: RuntimeWarning: Frame directory /home/axa230262/scratch/STTran/action_genome/frames/4BSR0.mp4 already exists. Skipping dumping into this directory.
  RuntimeWarning)
ActionGenome/tools/dump_frames.py:46: RuntimeWarning: Frame directory /home/axa230262/scratch/STTran/action_genome/frames/4BZI6.mp4 already exists. Skipping dumping into this directory.
  RuntimeWarning)
ActionGenome/tools/dump_frames.py:46: RuntimeWarning: Frame directory /home/axa230262/scratch/STTran/action_genome/frames/4C1KY.mp4 already exists. Skipping dumping into this directory.
  RuntimeWarning)
ActionGenome/tools/dump_frames.py:46: RuntimeWarning: Frame directory /home/axa230262/scratch/STTran/action_genome/frames/4C31V.mp4 already exists. Skipping dumping into this directory.
  RuntimeWarning)
ActionGenome/tools/dump_frames.py:46: RuntimeWarning: Frame directory /home/axa230262/scratch/STTran/action_genome/frames/4C4LC.mp4 already exists. Skipping dumping into this directory.
  RuntimeWarning)
ActionGenome/tools/dump_frames.py:46: RuntimeWarning: Frame directory /home/axa230262/scratch/STTran/action_genome/frames/4C5S6.mp4 already exists. Skipping dumping into this directory.
  RuntimeWarning)
ActionGenome/tools/dump_frames.py:46: RuntimeWarning: Frame directory /home/axa230262/scratch/STTran/action_genome/frames/4CAB5.mp4 already exists. Skipping dumping into this directory.
  RuntimeWarning)
ActionGenome/tools/dump_frames.py:46: RuntimeWarning: Frame directory /home/axa230262/scratch/STTran/action_genome/frames/4CAHN.mp4 already exists. Skipping dumping into this directory.
  RuntimeWarning)
ActionGenome/tools/dump_frames.py:46: RuntimeWarning: Frame directory /home/axa230262/scratch/STTran/action_genome/frames/4CHXK.mp4 already exists. Skipping dumping into this directory.
  RuntimeWarning)
ActionGenome/tools/dump_frames.py:46: RuntimeWarning: Frame directory /home/axa230262/scratch/STTran/action_genome/frames/4CSXJ.mp4 already exists. Skipping dumping into this directory.
  RuntimeWarning)
ActionGenome/tools/dump_frames.py:46: RuntimeWarning: Frame directory /home/axa230262/scratch/STTran/action_genome/frames/4CV3F.mp4 already exists. Skipping dumping into this directory.
  RuntimeWarning)
ActionGenome/tools/dump_frames.py:46: RuntimeWarning: Frame directory /home/axa230262/scratch/STTran/action_genome/frames/4D5XD.mp4 already exists. Skipping dumping into this directory.
  RuntimeWarning)
ActionGenome/tools/dump_frames.py:46: RuntimeWarning: Frame directory /home/axa230262/scratch/STTran/action_genome/frames/4D7GX.mp4 already exists. Skipping dumping into this directory.
  RuntimeWarning)
ActionGenome/tools/dump_frames.py:46: RuntimeWarning: Frame directory /home/axa230262/scratch/STTran/action_genome/frames/4DAGZ.mp4 already exists. Skipping dumping into this directory.
  RuntimeWarning)
ActionGenome/tools/dump_frames.py:46: RuntimeWarning: Frame directory /home/axa230262/scratch/STTran/action_genome/frames/4DSYI.mp4 already exists. Skipping dumping into this directory.
  RuntimeWarning)
ActionGenome/tools/dump_frames.py:46: RuntimeWarning: Frame directory /home/axa230262/scratch/STTran/action_genome/frames/4DWGO.mp4 already exists. Skipping dumping into this directory.
  RuntimeWarning)
ActionGenome/tools/dump_frames.py:46: RuntimeWarning: Frame directory /home/axa230262/scratch/STTran/action_genome/frames/4DY90.mp4 already exists. Skipping dumping into this directory.
  RuntimeWarning)
ActionGenome/tools/dump_frames.py:46: RuntimeWarning: Frame directory /home/axa230262/scratch/STTran/action_genome/frames/4DZ33.mp4 already exists. Skipping dumping into this directory.
  RuntimeWarning)
ActionGenome/tools/dump_frames.py:46: RuntimeWarning: Frame directory /home/axa230262/scratch/STTran/action_genome/frames/4DZB6.mp4 already exists. Skipping dumping into this directory.
  RuntimeWarning)
ActionGenome/tools/dump_frames.py:46: RuntimeWarning: Frame directory /home/axa230262/scratch/STTran/action_genome/frames/4EBCO.mp4 already exists. Skipping dumping into this directory.
  RuntimeWarning)
ActionGenome/tools/dump_frames.py:46: RuntimeWarning: Frame directory /home/axa230262/scratch/STTran/action_genome/frames/4EDGW.mp4 already exists. Skipping dumping into this directory.
  RuntimeWarning)
ActionGenome/tools/dump_frames.py:46: RuntimeWarning: Frame directory /home/axa230262/scratch/STTran/action_genome/frames/4EM25.mp4 already exists. Skipping dumping into this directory.
  RuntimeWarning)
ActionGenome/tools/dump_frames.py:46: RuntimeWarning: Frame directory /home/axa230262/scratch/STTran/action_genome/frames/4ETXZ.mp4 already exists. Skipping dumping into this directory.
  RuntimeWarning)
ActionGenome/tools/dump_frames.py:46: RuntimeWarning: Frame directory /home/axa230262/scratch/STTran/action_genome/frames/4F76V.mp4 already exists. Skipping dumping into this directory.
  RuntimeWarning)
ActionGenome/tools/dump_frames.py:46: RuntimeWarning: Frame directory /home/axa230262/scratch/STTran/action_genome/frames/4FAWP.mp4 already exists. Skipping dumping into this directory.
  RuntimeWarning)
ActionGenome/tools/dump_frames.py:46: RuntimeWarning: Frame directory /home/axa230262/scratch/STTran/action_genome/frames/4FD1T.mp4 already exists. Skipping dumping into this directory.
  RuntimeWarning)
ActionGenome/tools/dump_frames.py:46: RuntimeWarning: Frame directory /home/axa230262/scratch/STTran/action_genome/frames/4FGLC.mp4 already exists. Skipping dumping into this directory.
  RuntimeWarning)
ActionGenome/tools/dump_frames.py:46: RuntimeWarning: Frame directory /home/axa230262/scratch/STTran/action_genome/frames/4FQJY.mp4 already exists. Skipping dumping into this directory.
  RuntimeWarning)
ActionGenome/tools/dump_frames.py:46: RuntimeWarning: Frame directory /home/axa230262/scratch/STTran/action_genome/frames/4FS34.mp4 already exists. Skipping dumping into this directory.
  RuntimeWarning)
ActionGenome/tools/dump_frames.py:46: RuntimeWarning: Frame directory /home/axa230262/scratch/STTran/action_genome/frames/4FTT5.mp4 already exists. Skipping dumping into this directory.
  RuntimeWarning)
ActionGenome/tools/dump_frames.py:46: RuntimeWarning: Frame directory /home/axa230262/scratch/STTran/action_genome/frames/4FW7I.mp4 already exists. Skipping dumping into this directory.
  RuntimeWarning)
ActionGenome/tools/dump_frames.py:46: RuntimeWarning: Frame directory /home/axa230262/scratch/STTran/action_genome/frames/4FX6G.mp4 already exists. Skipping dumping into this directory.
  RuntimeWarning)
 13%|█▎        | 1219/9601 [00:00<00:02, 4142.97it/s]ActionGenome/tools/dump_frames.py:46: RuntimeWarning: Frame directory /home/axa230262/scratch/STTran/action_genome/frames/4FXUI.mp4 already exists. Skipping dumping into this directory.
  RuntimeWarning)
ActionGenome/tools/dump_frames.py:46: RuntimeWarning: Frame directory /home/axa230262/scratch/STTran/action_genome/frames/4G00A.mp4 already exists. Skipping dumping into this directory.
  RuntimeWarning)
ActionGenome/tools/dump_frames.py:46: RuntimeWarning: Frame directory /home/axa230262/scratch/STTran/action_genome/frames/4G3ZF.mp4 already exists. Skipping dumping into this directory.
  RuntimeWarning)
ActionGenome/tools/dump_frames.py:46: RuntimeWarning: Frame directory /home/axa230262/scratch/STTran/action_genome/frames/4GCPM.mp4 already exists. Skipping dumping into this directory.
  RuntimeWarning)
ActionGenome/tools/dump_frames.py:46: RuntimeWarning: Frame directory /home/axa230262/scratch/STTran/action_genome/frames/4GDTQ.mp4 already exists. Skipping dumping into this directory.
  RuntimeWarning)
ActionGenome/tools/dump_frames.py:46: RuntimeWarning: Frame directory /home/axa230262/scratch/STTran/action_genome/frames/4GHHK.mp4 already exists. Skipping dumping into this directory.
  RuntimeWarning)
ActionGenome/tools/dump_frames.py:46: RuntimeWarning: Frame directory /home/axa230262/scratch/STTran/action_genome/frames/4GLAP.mp4 already exists. Skipping dumping into this directory.
  RuntimeWarning)
ActionGenome/tools/dump_frames.py:46: RuntimeWarning: Frame directory /home/axa230262/scratch/STTran/action_genome/frames/4GWNV.mp4 already exists. Skipping dumping into this directory.
  RuntimeWarning)
ActionGenome/tools/dump_frames.py:46: RuntimeWarning: Frame directory /home/axa230262/scratch/STTran/action_genome/frames/4H61U.mp4 already exists. Skipping dumping into this directory.
  RuntimeWarning)
ActionGenome/tools/dump_frames.py:46: RuntimeWarning: Frame directory /home/axa230262/scratch/STTran/action_genome/frames/4H64T.mp4 already exists. Skipping dumping into this directory.
  RuntimeWarning)
ActionGenome/tools/dump_frames.py:46: RuntimeWarning: Frame directory /home/axa230262/scratch/STTran/action_genome/frames/4H935.mp4 already exists. Skipping dumping into this directory.
  RuntimeWarning)
ActionGenome/tools/dump_frames.py:46: RuntimeWarning: Frame directory /home/axa230262/scratch/STTran/action_genome/frames/4HFN2.mp4 already exists. Skipping dumping into this directory.
  RuntimeWarning)
ActionGenome/tools/dump_frames.py:46: RuntimeWarning: Frame directory /home/axa230262/scratch/STTran/action_genome/frames/4HGD7.mp4 already exists. Skipping dumping into this directory.
  RuntimeWarning)
ActionGenome/tools/dump_frames.py:46: RuntimeWarning: Frame directory /home/axa230262/scratch/STTran/action_genome/frames/4HMTY.mp4 already exists. Skipping dumping into this directory.
  RuntimeWarning)
ActionGenome/tools/dump_frames.py:46: RuntimeWarning: Frame directory /home/axa230262/scratch/STTran/action_genome/frames/4HZ3B.mp4 already exists. Skipping dumping into this directory.
  RuntimeWarning)
ActionGenome/tools/dump_frames.py:46: RuntimeWarning: Frame directory /home/axa230262/scratch/STTran/action_genome/frames/4I00F.mp4 already exists. Skipping dumping into this directory.
  RuntimeWarning)
ActionGenome/tools/dump_frames.py:46: RuntimeWarning: Frame directory /home/axa230262/scratch/STTran/action_genome/frames/4ISIX.mp4 already exists. Skipping dumping into this directory.
  RuntimeWarning)
ActionGenome/tools/dump_frames.py:46: RuntimeWarning: Frame directory /home/axa230262/scratch/STTran/action_genome/frames/4IWYR.mp4 already exists. Skipping dumping into this directory.
  RuntimeWarning)
ActionGenome/tools/dump_frames.py:46: RuntimeWarning: Frame directory /home/axa230262/scratch/STTran/action_genome/frames/4J1AP.mp4 already exists. Skipping dumping into this directory.
  RuntimeWarning)
ActionGenome/tools/dump_frames.py:46: RuntimeWarning: Frame directory /home/axa230262/scratch/STTran/action_genome/frames/4J494.mp4 already exists. Skipping dumping into this directory.
  RuntimeWarning)
ActionGenome/tools/dump_frames.py:46: RuntimeWarning: Frame directory /home/axa230262/scratch/STTran/action_genome/frames/4J8YT.mp4 already exists. Skipping dumping into this directory.
  RuntimeWarning)
ActionGenome/tools/dump_frames.py:46: RuntimeWarning: Frame directory /home/axa230262/scratch/STTran/action_genome/frames/4JH6O.mp4 already exists. Skipping dumping into this directory.
  RuntimeWarning)
ActionGenome/tools/dump_frames.py:46: RuntimeWarning: Frame directory /home/axa230262/scratch/STTran/action_genome/frames/4JKLQ.mp4 already exists. Skipping dumping into this directory.
  RuntimeWarning)
ActionGenome/tools/dump_frames.py:46: RuntimeWarning: Frame directory /home/axa230262/scratch/STTran/action_genome/frames/4JOAD.mp4 already exists. Skipping dumping into this directory.
  RuntimeWarning)
ActionGenome/tools/dump_frames.py:46: RuntimeWarning: Frame directory /home/axa230262/scratch/STTran/action_genome/frames/4JQBM.mp4 already exists. Skipping dumping into this directory.
  RuntimeWarning)
ActionGenome/tools/dump_frames.py:46: RuntimeWarning: Frame directory /home/axa230262/scratch/STTran/action_genome/frames/4JQKA.mp4 already exists. Skipping dumping into this directory.
  RuntimeWarning)
ActionGenome/tools/dump_frames.py:46: RuntimeWarning: Frame directory /home/axa230262/scratch/STTran/action_genome/frames/4JSK6.mp4 already exists. Skipping dumping into this directory.
  RuntimeWarning)
ActionGenome/tools/dump_frames.py:46: RuntimeWarning: Frame directory /home/axa230262/scratch/STTran/action_genome/frames/4JW8U.mp4 already exists. Skipping dumping into this directory.
  RuntimeWarning)
ActionGenome/tools/dump_frames.py:46: RuntimeWarning: Frame directory /home/axa230262/scratch/STTran/action_genome/frames/4JWAH.mp4 already exists. Skipping dumping into this directory.
  RuntimeWarning)
ActionGenome/tools/dump_frames.py:46: RuntimeWarning: Frame directory /home/axa230262/scratch/STTran/action_genome/frames/4JXAK.mp4 already exists. Skipping dumping into this directory.
  RuntimeWarning)
ActionGenome/tools/dump_frames.py:46: RuntimeWarning: Frame directory /home/axa230262/scratch/STTran/action_genome/frames/4K0BP.mp4 already exists. Skipping dumping into this directory.
  RuntimeWarning)
ActionGenome/tools/dump_frames.py:46: RuntimeWarning: Frame directory /home/axa230262/scratch/STTran/action_genome/frames/4KK20.mp4 already exists. Skipping dumping into this directory.
  RuntimeWarning)
ActionGenome/tools/dump_frames.py:46: RuntimeWarning: Frame directory /home/axa230262/scratch/STTran/action_genome/frames/4KO74.mp4 already exists. Skipping dumping into this directory.
  RuntimeWarning)
ActionGenome/tools/dump_frames.py:46: RuntimeWarning: Frame directory /home/axa230262/scratch/STTran/action_genome/frames/4KOBZ.mp4 already exists. Skipping dumping into this directory.
  RuntimeWarning)
ActionGenome/tools/dump_frames.py:46: RuntimeWarning: Frame directory /home/axa230262/scratch/STTran/action_genome/frames/4KWJ4.mp4 already exists. Skipping dumping into this directory.
  RuntimeWarning)
ActionGenome/tools/dump_frames.py:46: RuntimeWarning: Frame directory /home/axa230262/scratch/STTran/action_genome/frames/4KYZH.mp4 already exists. Skipping dumping into this directory.
  RuntimeWarning)
ActionGenome/tools/dump_frames.py:46: RuntimeWarning: Frame directory /home/axa230262/scratch/STTran/action_genome/frames/4KZHT.mp4 already exists. Skipping dumping into this directory.
  RuntimeWarning)
ActionGenome/tools/dump_frames.py:46: RuntimeWarning: Frame directory /home/axa230262/scratch/STTran/action_genome/frames/4L664.mp4 already exists. Skipping dumping into this directory.
  RuntimeWarning)
ActionGenome/tools/dump_frames.py:46: RuntimeWarning: Frame directory /home/axa230262/scratch/STTran/action_genome/frames/4L6GZ.mp4 already exists. Skipping dumping into this directory.
  RuntimeWarning)
ActionGenome/tools/dump_frames.py:46: RuntimeWarning: Frame directory /home/axa230262/scratch/STTran/action_genome/frames/4LDRK.mp4 already exists. Skipping dumping into this directory.
  RuntimeWarning)
ActionGenome/tools/dump_frames.py:46: RuntimeWarning: Frame directory /home/axa230262/scratch/STTran/action_genome/frames/4LNPN.mp4 already exists. Skipping dumping into this directory.
  RuntimeWarning)
ActionGenome/tools/dump_frames.py:46: RuntimeWarning: Frame directory /home/axa230262/scratch/STTran/action_genome/frames/4LU0G.mp4 already exists. Skipping dumping into this directory.
  RuntimeWarning)
ActionGenome/tools/dump_frames.py:46: RuntimeWarning: Frame directory /home/axa230262/scratch/STTran/action_genome/frames/4LUQL.mp4 already exists. Skipping dumping into this directory.
  RuntimeWarning)
ActionGenome/tools/dump_frames.py:46: RuntimeWarning: Frame directory /home/axa230262/scratch/STTran/action_genome/frames/4MFE0.mp4 already exists. Skipping dumping into this directory.
  RuntimeWarning)
ActionGenome/tools/dump_frames.py:46: RuntimeWarning: Frame directory /home/axa230262/scratch/STTran/action_genome/frames/4MGUQ.mp4 already exists. Skipping dumping into this directory.
  RuntimeWarning)
ActionGenome/tools/dump_frames.py:46: RuntimeWarning: Frame directory /home/axa230262/scratch/STTran/action_genome/frames/4MKH4.mp4 already exists. Skipping dumping into this directory.
  RuntimeWarning)
ActionGenome/tools/dump_frames.py:46: RuntimeWarning: Frame directory /home/axa230262/scratch/STTran/action_genome/frames/4MPPQ.mp4 already exists. Skipping dumping into this directory.
  RuntimeWarning)
ActionGenome/tools/dump_frames.py:46: RuntimeWarning: Frame directory /home/axa230262/scratch/STTran/action_genome/frames/4MUXJ.mp4 already exists. Skipping dumping into this directory.
  RuntimeWarning)
ActionGenome/tools/dump_frames.py:46: RuntimeWarning: Frame directory /home/axa230262/scratch/STTran/action_genome/frames/4N06O.mp4 already exists. Skipping dumping into this directory.
  RuntimeWarning)
ActionGenome/tools/dump_frames.py:46: RuntimeWarning: Frame directory /home/axa230262/scratch/STTran/action_genome/frames/4N5P9.mp4 already exists. Skipping dumping into this directory.
  RuntimeWarning)
ActionGenome/tools/dump_frames.py:46: RuntimeWarning: Frame directory /home/axa230262/scratch/STTran/action_genome/frames/4NHRT.mp4 already exists. Skipping dumping into this directory.
  RuntimeWarning)
ActionGenome/tools/dump_frames.py:46: RuntimeWarning: Frame directory /home/axa230262/scratch/STTran/action_genome/frames/4NIBA.mp4 already exists. Skipping dumping into this directory.
  RuntimeWarning)
ActionGenome/tools/dump_frames.py:46: RuntimeWarning: Frame directory /home/axa230262/scratch/STTran/action_genome/frames/4NRPM.mp4 already exists. Skipping dumping into this directory.
  RuntimeWarning)
ActionGenome/tools/dump_frames.py:46: RuntimeWarning: Frame directory /home/axa230262/scratch/STTran/action_genome/frames/4O32W.mp4 already exists. Skipping dumping into this directory.
  RuntimeWarning)
ActionGenome/tools/dump_frames.py:46: RuntimeWarning: Frame directory /home/axa230262/scratch/STTran/action_genome/frames/4O9A6.mp4 already exists. Skipping dumping into this directory.
  RuntimeWarning)
ActionGenome/tools/dump_frames.py:46: RuntimeWarning: Frame directory /home/axa230262/scratch/STTran/action_genome/frames/4P13T.mp4 already exists. Skipping dumping into this directory.
  RuntimeWarning)
ActionGenome/tools/dump_frames.py:46: RuntimeWarning: Frame directory /home/axa230262/scratch/STTran/action_genome/frames/4PCSC.mp4 already exists. Skipping dumping into this directory.
  RuntimeWarning)
ActionGenome/tools/dump_frames.py:46: RuntimeWarning: Frame directory /home/axa230262/scratch/STTran/action_genome/frames/4PEL7.mp4 already exists. Skipping dumping into this directory.
  RuntimeWarning)
ActionGenome/tools/dump_frames.py:46: RuntimeWarning: Frame directory /home/axa230262/scratch/STTran/action_genome/frames/4Q3KR.mp4 already exists. Skipping dumping into this directory.
  RuntimeWarning)
ActionGenome/tools/dump_frames.py:46: RuntimeWarning: Frame directory /home/axa230262/scratch/STTran/action_genome/frames/4Q3N9.mp4 already exists. Skipping dumping into this directory.
  RuntimeWarning)
ActionGenome/tools/dump_frames.py:46: RuntimeWarning: Frame directory /home/axa230262/scratch/STTran/action_genome/frames/4Q766.mp4 already exists. Skipping dumping into this directory.
  RuntimeWarning)
ActionGenome/tools/dump_frames.py:46: RuntimeWarning: Frame directory /home/axa230262/scratch/STTran/action_genome/frames/4QGP6.mp4 already exists. Skipping dumping into this directory.
  RuntimeWarning)
ActionGenome/tools/dump_frames.py:46: RuntimeWarning: Frame directory /home/axa230262/scratch/STTran/action_genome/frames/4QSRS.mp4 already exists. Skipping dumping into this directory.
  RuntimeWarning)
ActionGenome/tools/dump_frames.py:46: RuntimeWarning: Frame directory /home/axa230262/scratch/STTran/action_genome/frames/4RBVB.mp4 already exists. Skipping dumping into this directory.
  RuntimeWarning)
ActionGenome/tools/dump_frames.py:46: RuntimeWarning: Frame directory /home/axa230262/scratch/STTran/action_genome/frames/4RKKP.mp4 already exists. Skipping dumping into this directory.
  RuntimeWarning)
ActionGenome/tools/dump_frames.py:46: RuntimeWarning: Frame directory /home/axa230262/scratch/STTran/action_genome/frames/4RLYA.mp4 already exists. Skipping dumping into this directory.
  RuntimeWarning)
ActionGenome/tools/dump_frames.py:46: RuntimeWarning: Frame directory /home/axa230262/scratch/STTran/action_genome/frames/4RT06.mp4 already exists. Skipping dumping into this directory.
  RuntimeWarning)
ActionGenome/tools/dump_frames.py:46: RuntimeWarning: Frame directory /home/axa230262/scratch/STTran/action_genome/frames/4RVZB.mp4 already exists. Skipping dumping into this directory.
  RuntimeWarning)
ActionGenome/tools/dump_frames.py:46: RuntimeWarning: Frame directory /home/axa230262/scratch/STTran/action_genome/frames/4S3UZ.mp4 already exists. Skipping dumping into this directory.
  RuntimeWarning)
ActionGenome/tools/dump_frames.py:46: RuntimeWarning: Frame directory /home/axa230262/scratch/STTran/action_genome/frames/4SBL5.mp4 already exists. Skipping dumping into this directory.
  RuntimeWarning)
ActionGenome/tools/dump_frames.py:46: RuntimeWarning: Frame directory /home/axa230262/scratch/STTran/action_genome/frames/4SF59.mp4 already exists. Skipping dumping into this directory.
  RuntimeWarning)
ActionGenome/tools/dump_frames.py:46: RuntimeWarning: Frame directory /home/axa230262/scratch/STTran/action_genome/frames/4SGC9.mp4 already exists. Skipping dumping into this directory.
  RuntimeWarning)
ActionGenome/tools/dump_frames.py:46: RuntimeWarning: Frame directory /home/axa230262/scratch/STTran/action_genome/frames/4SN6Z.mp4 already exists. Skipping dumping into this directory.
  RuntimeWarning)
ActionGenome/tools/dump_frames.py:46: RuntimeWarning: Frame directory /home/axa230262/scratch/STTran/action_genome/frames/4SW5W.mp4 already exists. Skipping dumping into this directory.
  RuntimeWarning)
ActionGenome/tools/dump_frames.py:46: RuntimeWarning: Frame directory /home/axa230262/scratch/STTran/action_genome/frames/4T97L.mp4 already exists. Skipping dumping into this directory.
  RuntimeWarning)
ActionGenome/tools/dump_frames.py:46: RuntimeWarning: Frame directory /home/axa230262/scratch/STTran/action_genome/frames/4TX4N.mp4 already exists. Skipping dumping into this directory.
  RuntimeWarning)
ActionGenome/tools/dump_frames.py:46: RuntimeWarning: Frame directory /home/axa230262/scratch/STTran/action_genome/frames/4U20P.mp4 already exists. Skipping dumping into this directory.
  RuntimeWarning)
ActionGenome/tools/dump_frames.py:46: RuntimeWarning: Frame directory /home/axa230262/scratch/STTran/action_genome/frames/4U52R.mp4 already exists. Skipping dumping into this directory.
  RuntimeWarning)
ActionGenome/tools/dump_frames.py:46: RuntimeWarning: Frame directory /home/axa230262/scratch/STTran/action_genome/frames/4U8WV.mp4 already exists. Skipping dumping into this directory.
  RuntimeWarning)
ActionGenome/tools/dump_frames.py:46: RuntimeWarning: Frame directory /home/axa230262/scratch/STTran/action_genome/frames/4UR1F.mp4 already exists. Skipping dumping into this directory.
  RuntimeWarning)
ActionGenome/tools/dump_frames.py:46: RuntimeWarning: Frame directory /home/axa230262/scratch/STTran/action_genome/frames/4UT8K.mp4 already exists. Skipping dumping into this directory.
  RuntimeWarning)
ActionGenome/tools/dump_frames.py:46: RuntimeWarning: Frame directory /home/axa230262/scratch/STTran/action_genome/frames/4UW2K.mp4 already exists. Skipping dumping into this directory.
  RuntimeWarning)
ActionGenome/tools/dump_frames.py:46: RuntimeWarning: Frame directory /home/axa230262/scratch/STTran/action_genome/frames/4UXE3.mp4 already exists. Skipping dumping into this directory.
  RuntimeWarning)
ActionGenome/tools/dump_frames.py:46: RuntimeWarning: Frame directory /home/axa230262/scratch/STTran/action_genome/frames/4UYGY.mp4 already exists. Skipping dumping into this directory.
  RuntimeWarning)
ActionGenome/tools/dump_frames.py:46: RuntimeWarning: Frame directory /home/axa230262/scratch/STTran/action_genome/frames/4VCHD.mp4 already exists. Skipping dumping into this directory.
  RuntimeWarning)
ActionGenome/tools/dump_frames.py:46: RuntimeWarning: Frame directory /home/axa230262/scratch/STTran/action_genome/frames/4VJDU.mp4 already exists. Skipping dumping into this directory.
  RuntimeWarning)
ActionGenome/tools/dump_frames.py:46: RuntimeWarning: Frame directory /home/axa230262/scratch/STTran/action_genome/frames/4VODV.mp4 already exists. Skipping dumping into this directory.
  RuntimeWarning)
ActionGenome/tools/dump_frames.py:46: RuntimeWarning: Frame directory /home/axa230262/scratch/STTran/action_genome/frames/4VX01.mp4 already exists. Skipping dumping into this directory.
  RuntimeWarning)
ActionGenome/tools/dump_frames.py:46: RuntimeWarning: Frame directory /home/axa230262/scratch/STTran/action_genome/frames/4VYE5.mp4 already exists. Skipping dumping into this directory.
  RuntimeWarning)
ActionGenome/tools/dump_frames.py:46: RuntimeWarning: Frame directory /home/axa230262/scratch/STTran/action_genome/frames/4WMDU.mp4 already exists. Skipping dumping into this directory.
  RuntimeWarning)
ActionGenome/tools/dump_frames.py:46: RuntimeWarning: Frame directory /home/axa230262/scratch/STTran/action_genome/frames/4WO5F.mp4 already exists. Skipping dumping into this directory.
  RuntimeWarning)
ActionGenome/tools/dump_frames.py:46: RuntimeWarning: Frame directory /home/axa230262/scratch/STTran/action_genome/frames/4WUNC.mp4 already exists. Skipping dumping into this directory.
  RuntimeWarning)
ActionGenome/tools/dump_frames.py:46: RuntimeWarning: Frame directory /home/axa230262/scratch/STTran/action_genome/frames/4WVTC.mp4 already exists. Skipping dumping into this directory.
  RuntimeWarning)
ActionGenome/tools/dump_frames.py:46: RuntimeWarning: Frame directory /home/axa230262/scratch/STTran/action_genome/frames/4WWYI.mp4 already exists. Skipping dumping into this directory.
  RuntimeWarning)
ActionGenome/tools/dump_frames.py:46: RuntimeWarning: Frame directory /home/axa230262/scratch/STTran/action_genome/frames/4WX0H.mp4 already exists. Skipping dumping into this directory.
  RuntimeWarning)
ActionGenome/tools/dump_frames.py:46: RuntimeWarning: Frame directory /home/axa230262/scratch/STTran/action_genome/frames/4WYQ5.mp4 already exists. Skipping dumping into this directory.
  RuntimeWarning)
ActionGenome/tools/dump_frames.py:46: RuntimeWarning: Frame directory /home/axa230262/scratch/STTran/action_genome/frames/4X2JC.mp4 already exists. Skipping dumping into this directory.
  RuntimeWarning)
ActionGenome/tools/dump_frames.py:46: RuntimeWarning: Frame directory /home/axa230262/scratch/STTran/action_genome/frames/4X5P6.mp4 already exists. Skipping dumping into this directory.
  RuntimeWarning)
ActionGenome/tools/dump_frames.py:46: RuntimeWarning: Frame directory /home/axa230262/scratch/STTran/action_genome/frames/4Y1AW.mp4 already exists. Skipping dumping into this directory.
  RuntimeWarning)
ActionGenome/tools/dump_frames.py:46: RuntimeWarning: Frame directory /home/axa230262/scratch/STTran/action_genome/frames/4Y8FU.mp4 already exists. Skipping dumping into this directory.
  RuntimeWarning)
ActionGenome/tools/dump_frames.py:46: RuntimeWarning: Frame directory /home/axa230262/scratch/STTran/action_genome/frames/4YAR6.mp4 already exists. Skipping dumping into this directory.
  RuntimeWarning)
ActionGenome/tools/dump_frames.py:46: RuntimeWarning: Frame directory /home/axa230262/scratch/STTran/action_genome/frames/4YBN9.mp4 already exists. Skipping dumping into this directory.
  RuntimeWarning)
ActionGenome/tools/dump_frames.py:46: RuntimeWarning: Frame directory /home/axa230262/scratch/STTran/action_genome/frames/4YL07.mp4 already exists. Skipping dumping into this directory.
  RuntimeWarning)
ActionGenome/tools/dump_frames.py:46: RuntimeWarning: Frame directory /home/axa230262/scratch/STTran/action_genome/frames/4YVE0.mp4 already exists. Skipping dumping into this directory.
  RuntimeWarning)
ActionGenome/tools/dump_frames.py:46: RuntimeWarning: Frame directory /home/axa230262/scratch/STTran/action_genome/frames/4Z3PQ.mp4 already exists. Skipping dumping into this directory.
  RuntimeWarning)
ActionGenome/tools/dump_frames.py:46: RuntimeWarning: Frame directory /home/axa230262/scratch/STTran/action_genome/frames/4ZDSO.mp4 already exists. Skipping dumping into this directory.
  RuntimeWarning)
ActionGenome/tools/dump_frames.py:46: RuntimeWarning: Frame directory /home/axa230262/scratch/STTran/action_genome/frames/4ZJSI.mp4 already exists. Skipping dumping into this directory.
  RuntimeWarning)
ActionGenome/tools/dump_frames.py:46: RuntimeWarning: Frame directory /home/axa230262/scratch/STTran/action_genome/frames/4ZJXR.mp4 already exists. Skipping dumping into this directory.
  RuntimeWarning)
ActionGenome/tools/dump_frames.py:46: RuntimeWarning: Frame directory /home/axa230262/scratch/STTran/action_genome/frames/4ZN66.mp4 already exists. Skipping dumping into this directory.
  RuntimeWarning)
ActionGenome/tools/dump_frames.py:46: RuntimeWarning: Frame directory /home/axa230262/scratch/STTran/action_genome/frames/4ZRHH.mp4 already exists. Skipping dumping into this directory.
  RuntimeWarning)
ActionGenome/tools/dump_frames.py:46: RuntimeWarning: Frame directory /home/axa230262/scratch/STTran/action_genome/frames/4ZSAR.mp4 already exists. Skipping dumping into this directory.
  RuntimeWarning)
ActionGenome/tools/dump_frames.py:46: RuntimeWarning: Frame directory /home/axa230262/scratch/STTran/action_genome/frames/4ZWLA.mp4 already exists. Skipping dumping into this directory.
  RuntimeWarning)
ActionGenome/tools/dump_frames.py:46: RuntimeWarning: Frame directory /home/axa230262/scratch/STTran/action_genome/frames/4ZY8C.mp4 already exists. Skipping dumping into this directory.
  RuntimeWarning)
ActionGenome/tools/dump_frames.py:46: RuntimeWarning: Frame directory /home/axa230262/scratch/STTran/action_genome/frames/509W9.mp4 already exists. Skipping dumping into this directory.
  RuntimeWarning)
ActionGenome/tools/dump_frames.py:46: RuntimeWarning: Frame directory /home/axa230262/scratch/STTran/action_genome/frames/50E06.mp4 already exists. Skipping dumping into this directory.
  RuntimeWarning)
ActionGenome/tools/dump_frames.py:46: RuntimeWarning: Frame directory /home/axa230262/scratch/STTran/action_genome/frames/50EBU.mp4 already exists. Skipping dumping into this directory.
  RuntimeWarning)
ActionGenome/tools/dump_frames.py:46: RuntimeWarning: Frame directory /home/axa230262/scratch/STTran/action_genome/frames/50N4E.mp4 already exists. Skipping dumping into this directory.
  RuntimeWarning)
ActionGenome/tools/dump_frames.py:46: RuntimeWarning: Frame directory /home/axa230262/scratch/STTran/action_genome/frames/50TLF.mp4 already exists. Skipping dumping into this directory.
  RuntimeWarning)
ActionGenome/tools/dump_frames.py:46: RuntimeWarning: Frame directory /home/axa230262/scratch/STTran/action_genome/frames/511AM.mp4 already exists. Skipping dumping into this directory.
  RuntimeWarning)
ActionGenome/tools/dump_frames.py:46: RuntimeWarning: Frame directory /home/axa230262/scratch/STTran/action_genome/frames/511OL.mp4 already exists. Skipping dumping into this directory.
  RuntimeWarning)
ActionGenome/tools/dump_frames.py:46: RuntimeWarning: Frame directory /home/axa230262/scratch/STTran/action_genome/frames/51801.mp4 already exists. Skipping dumping into this directory.
  RuntimeWarning)
ActionGenome/tools/dump_frames.py:46: RuntimeWarning: Frame directory /home/axa230262/scratch/STTran/action_genome/frames/51J43.mp4 already exists. Skipping dumping into this directory.
  RuntimeWarning)
ActionGenome/tools/dump_frames.py:46: RuntimeWarning: Frame directory /home/axa230262/scratch/STTran/action_genome/frames/51JUO.mp4 already exists. Skipping dumping into this directory.
  RuntimeWarning)
ActionGenome/tools/dump_frames.py:46: RuntimeWarning: Frame directory /home/axa230262/scratch/STTran/action_genome/frames/51N2C.mp4 already exists. Skipping dumping into this directory.
  RuntimeWarning)
ActionGenome/tools/dump_frames.py:46: RuntimeWarning: Frame directory /home/axa230262/scratch/STTran/action_genome/frames/51O3C.mp4 already exists. Skipping dumping into this directory.
  RuntimeWarning)
ActionGenome/tools/dump_frames.py:46: RuntimeWarning: Frame directory /home/axa230262/scratch/STTran/action_genome/frames/51RLB.mp4 already exists. Skipping dumping into this directory.
  RuntimeWarning)
ActionGenome/tools/dump_frames.py:46: RuntimeWarning: Frame directory /home/axa230262/scratch/STTran/action_genome/frames/51ZY5.mp4 already exists. Skipping dumping into this directory.
  RuntimeWarning)
ActionGenome/tools/dump_frames.py:46: RuntimeWarning: Frame directory /home/axa230262/scratch/STTran/action_genome/frames/52CKM.mp4 already exists. Skipping dumping into this directory.
  RuntimeWarning)
ActionGenome/tools/dump_frames.py:46: RuntimeWarning: Frame directory /home/axa230262/scratch/STTran/action_genome/frames/52D5Q.mp4 already exists. Skipping dumping into this directory.
  RuntimeWarning)
ActionGenome/tools/dump_frames.py:46: RuntimeWarning: Frame directory /home/axa230262/scratch/STTran/action_genome/frames/52FNN.mp4 already exists. Skipping dumping into this directory.
  RuntimeWarning)
ActionGenome/tools/dump_frames.py:46: RuntimeWarning: Frame directory /home/axa230262/scratch/STTran/action_genome/frames/52GJU.mp4 already exists. Skipping dumping into this directory.
  RuntimeWarning)
ActionGenome/tools/dump_frames.py:46: RuntimeWarning: Frame directory /home/axa230262/scratch/STTran/action_genome/frames/52IYR.mp4 already exists. Skipping dumping into this directory.
  RuntimeWarning)
ActionGenome/tools/dump_frames.py:46: RuntimeWarning: Frame directory /home/axa230262/scratch/STTran/action_genome/frames/52KNA.mp4 already exists. Skipping dumping into this directory.
  RuntimeWarning)
ActionGenome/tools/dump_frames.py:46: RuntimeWarning: Frame directory /home/axa230262/scratch/STTran/action_genome/frames/52MV9.mp4 already exists. Skipping dumping into this directory.
  RuntimeWarning)
ActionGenome/tools/dump_frames.py:46: RuntimeWarning: Frame directory /home/axa230262/scratch/STTran/action_genome/frames/52QLH.mp4 already exists. Skipping dumping into this directory.
  RuntimeWarning)
ActionGenome/tools/dump_frames.py:46: RuntimeWarning: Frame directory /home/axa230262/scratch/STTran/action_genome/frames/52WDV.mp4 already exists. Skipping dumping into this directory.
  RuntimeWarning)
ActionGenome/tools/dump_frames.py:46: RuntimeWarning: Frame directory /home/axa230262/scratch/STTran/action_genome/frames/5311V.mp4 already exists. Skipping dumping into this directory.
  RuntimeWarning)
ActionGenome/tools/dump_frames.py:46: RuntimeWarning: Frame directory /home/axa230262/scratch/STTran/action_genome/frames/537I0.mp4 already exists. Skipping dumping into this directory.
  RuntimeWarning)
ActionGenome/tools/dump_frames.py:46: RuntimeWarning: Frame directory /home/axa230262/scratch/STTran/action_genome/frames/538JV.mp4 already exists. Skipping dumping into this directory.
  RuntimeWarning)
ActionGenome/tools/dump_frames.py:46: RuntimeWarning: Frame directory /home/axa230262/scratch/STTran/action_genome/frames/539EH.mp4 already exists. Skipping dumping into this directory.
  RuntimeWarning)
ActionGenome/tools/dump_frames.py:46: RuntimeWarning: Frame directory /home/axa230262/scratch/STTran/action_genome/frames/53FPM.mp4 already exists. Skipping dumping into this directory.
  RuntimeWarning)
ActionGenome/tools/dump_frames.py:46: RuntimeWarning: Frame directory /home/axa230262/scratch/STTran/action_genome/frames/53HOB.mp4 already exists. Skipping dumping into this directory.
  RuntimeWarning)
ActionGenome/tools/dump_frames.py:46: RuntimeWarning: Frame directory /home/axa230262/scratch/STTran/action_genome/frames/541JP.mp4 already exists. Skipping dumping into this directory.
  RuntimeWarning)
ActionGenome/tools/dump_frames.py:46: RuntimeWarning: Frame directory /home/axa230262/scratch/STTran/action_genome/frames/54CFS.mp4 already exists. Skipping dumping into this directory.
  RuntimeWarning)
ActionGenome/tools/dump_frames.py:46: RuntimeWarning: Frame directory /home/axa230262/scratch/STTran/action_genome/frames/54VBR.mp4 already exists. Skipping dumping into this directory.
  RuntimeWarning)
ActionGenome/tools/dump_frames.py:46: RuntimeWarning: Frame directory /home/axa230262/scratch/STTran/action_genome/frames/54XD1.mp4 already exists. Skipping dumping into this directory.
  RuntimeWarning)
ActionGenome/tools/dump_frames.py:46: RuntimeWarning: Frame directory /home/axa230262/scratch/STTran/action_genome/frames/555RO.mp4 already exists. Skipping dumping into this directory.
  RuntimeWarning)
ActionGenome/tools/dump_frames.py:46: RuntimeWarning: Frame directory /home/axa230262/scratch/STTran/action_genome/frames/55687.mp4 already exists. Skipping dumping into this directory.
  RuntimeWarning)
ActionGenome/tools/dump_frames.py:46: RuntimeWarning: Frame directory /home/axa230262/scratch/STTran/action_genome/frames/55AH5.mp4 already exists. Skipping dumping into this directory.
  RuntimeWarning)
ActionGenome/tools/dump_frames.py:46: RuntimeWarning: Frame directory /home/axa230262/scratch/STTran/action_genome/frames/55BOW.mp4 already exists. Skipping dumping into this directory.
  RuntimeWarning)
ActionGenome/tools/dump_frames.py:46: RuntimeWarning: Frame directory /home/axa230262/scratch/STTran/action_genome/frames/55DDW.mp4 already exists. Skipping dumping into this directory.
  RuntimeWarning)
ActionGenome/tools/dump_frames.py:46: RuntimeWarning: Frame directory /home/axa230262/scratch/STTran/action_genome/frames/55FRY.mp4 already exists. Skipping dumping into this directory.
  RuntimeWarning)
ActionGenome/tools/dump_frames.py:46: RuntimeWarning: Frame directory /home/axa230262/scratch/STTran/action_genome/frames/55MRE.mp4 already exists. Skipping dumping into this directory.
  RuntimeWarning)
ActionGenome/tools/dump_frames.py:46: RuntimeWarning: Frame directory /home/axa230262/scratch/STTran/action_genome/frames/55NNF.mp4 already exists. Skipping dumping into this directory.
  RuntimeWarning)
ActionGenome/tools/dump_frames.py:46: RuntimeWarning: Frame directory /home/axa230262/scratch/STTran/action_genome/frames/55NRK.mp4 already exists. Skipping dumping into this directory.
  RuntimeWarning)
ActionGenome/tools/dump_frames.py:46: RuntimeWarning: Frame directory /home/axa230262/scratch/STTran/action_genome/frames/55OAL.mp4 already exists. Skipping dumping into this directory.
  RuntimeWarning)
ActionGenome/tools/dump_frames.py:46: RuntimeWarning: Frame directory /home/axa230262/scratch/STTran/action_genome/frames/55PFS.mp4 already exists. Skipping dumping into this directory.
  RuntimeWarning)
ActionGenome/tools/dump_frames.py:46: RuntimeWarning: Frame directory /home/axa230262/scratch/STTran/action_genome/frames/55UAT.mp4 already exists. Skipping dumping into this directory.
  RuntimeWarning)
ActionGenome/tools/dump_frames.py:46: RuntimeWarning: Frame directory /home/axa230262/scratch/STTran/action_genome/frames/55V6Z.mp4 already exists. Skipping dumping into this directory.
  RuntimeWarning)
ActionGenome/tools/dump_frames.py:46: RuntimeWarning: Frame directory /home/axa230262/scratch/STTran/action_genome/frames/561H5.mp4 already exists. Skipping dumping into this directory.
  RuntimeWarning)
ActionGenome/tools/dump_frames.py:46: RuntimeWarning: Frame directory /home/axa230262/scratch/STTran/action_genome/frames/564DX.mp4 already exists. Skipping dumping into this directory.
  RuntimeWarning)
ActionGenome/tools/dump_frames.py:46: RuntimeWarning: Frame directory /home/axa230262/scratch/STTran/action_genome/frames/5657O.mp4 already exists. Skipping dumping into this directory.
  RuntimeWarning)
ActionGenome/tools/dump_frames.py:46: RuntimeWarning: Frame directory /home/axa230262/scratch/STTran/action_genome/frames/56ASU.mp4 already exists. Skipping dumping into this directory.
  RuntimeWarning)
ActionGenome/tools/dump_frames.py:46: RuntimeWarning: Frame directory /home/axa230262/scratch/STTran/action_genome/frames/56JT8.mp4 already exists. Skipping dumping into this directory.
  RuntimeWarning)
ActionGenome/tools/dump_frames.py:46: RuntimeWarning: Frame directory /home/axa230262/scratch/STTran/action_genome/frames/56PK0.mp4 already exists. Skipping dumping into this directory.
  RuntimeWarning)
ActionGenome/tools/dump_frames.py:46: RuntimeWarning: Frame directory /home/axa230262/scratch/STTran/action_genome/frames/56U6A.mp4 already exists. Skipping dumping into this directory.
  RuntimeWarning)
ActionGenome/tools/dump_frames.py:46: RuntimeWarning: Frame directory /home/axa230262/scratch/STTran/action_genome/frames/56XCX.mp4 already exists. Skipping dumping into this directory.
  RuntimeWarning)
ActionGenome/tools/dump_frames.py:46: RuntimeWarning: Frame directory /home/axa230262/scratch/STTran/action_genome/frames/56XKK.mp4 already exists. Skipping dumping into this directory.
  RuntimeWarning)
ActionGenome/tools/dump_frames.py:46: RuntimeWarning: Frame directory /home/axa230262/scratch/STTran/action_genome/frames/573OJ.mp4 already exists. Skipping dumping into this directory.
  RuntimeWarning)
ActionGenome/tools/dump_frames.py:46: RuntimeWarning: Frame directory /home/axa230262/scratch/STTran/action_genome/frames/5776I.mp4 already exists. Skipping dumping into this directory.
  RuntimeWarning)
ActionGenome/tools/dump_frames.py:46: RuntimeWarning: Frame directory /home/axa230262/scratch/STTran/action_genome/frames/57A1A.mp4 already exists. Skipping dumping into this directory.
  RuntimeWarning)
ActionGenome/tools/dump_frames.py:46: RuntimeWarning: Frame directory /home/axa230262/scratch/STTran/action_genome/frames/57J92.mp4 already exists. Skipping dumping into this directory.
  RuntimeWarning)
ActionGenome/tools/dump_frames.py:46: RuntimeWarning: Frame directory /home/axa230262/scratch/STTran/action_genome/frames/57MEO.mp4 already exists. Skipping dumping into this directory.
  RuntimeWarning)
ActionGenome/tools/dump_frames.py:46: RuntimeWarning: Frame directory /home/axa230262/scratch/STTran/action_genome/frames/57N4Z.mp4 already exists. Skipping dumping into this directory.
  RuntimeWarning)
ActionGenome/tools/dump_frames.py:46: RuntimeWarning: Frame directory /home/axa230262/scratch/STTran/action_genome/frames/57NFY.mp4 already exists. Skipping dumping into this directory.
  RuntimeWarning)
ActionGenome/tools/dump_frames.py:46: RuntimeWarning: Frame directory /home/axa230262/scratch/STTran/action_genome/frames/57QKQ.mp4 already exists. Skipping dumping into this directory.
  RuntimeWarning)
ActionGenome/tools/dump_frames.py:46: RuntimeWarning: Frame directory /home/axa230262/scratch/STTran/action_genome/frames/57QQ7.mp4 already exists. Skipping dumping into this directory.
  RuntimeWarning)
ActionGenome/tools/dump_frames.py:46: RuntimeWarning: Frame directory /home/axa230262/scratch/STTran/action_genome/frames/57RY4.mp4 already exists. Skipping dumping into this directory.
  RuntimeWarning)
ActionGenome/tools/dump_frames.py:46: RuntimeWarning: Frame directory /home/axa230262/scratch/STTran/action_genome/frames/57WV7.mp4 already exists. Skipping dumping into this directory.
  RuntimeWarning)
ActionGenome/tools/dump_frames.py:46: RuntimeWarning: Frame directory /home/axa230262/scratch/STTran/action_genome/frames/57WXL.mp4 already exists. Skipping dumping into this directory.
  RuntimeWarning)
ActionGenome/tools/dump_frames.py:46: RuntimeWarning: Frame directory /home/axa230262/scratch/STTran/action_genome/frames/580G0.mp4 already exists. Skipping dumping into this directory.
  RuntimeWarning)
ActionGenome/tools/dump_frames.py:46: RuntimeWarning: Frame directory /home/axa230262/scratch/STTran/action_genome/frames/583F7.mp4 already exists. Skipping dumping into this directory.
  RuntimeWarning)
ActionGenome/tools/dump_frames.py:46: RuntimeWarning: Frame directory /home/axa230262/scratch/STTran/action_genome/frames/58JKZ.mp4 already exists. Skipping dumping into this directory.
  RuntimeWarning)
ActionGenome/tools/dump_frames.py:46: RuntimeWarning: Frame directory /home/axa230262/scratch/STTran/action_genome/frames/58R8A.mp4 already exists. Skipping dumping into this directory.
  RuntimeWarning)
ActionGenome/tools/dump_frames.py:46: RuntimeWarning: Frame directory /home/axa230262/scratch/STTran/action_genome/frames/58VZI.mp4 already exists. Skipping dumping into this directory.
  RuntimeWarning)
ActionGenome/tools/dump_frames.py:46: RuntimeWarning: Frame directory /home/axa230262/scratch/STTran/action_genome/frames/58YA5.mp4 already exists. Skipping dumping into this directory.
  RuntimeWarning)
ActionGenome/tools/dump_frames.py:46: RuntimeWarning: Frame directory /home/axa230262/scratch/STTran/action_genome/frames/58Z9R.mp4 already exists. Skipping dumping into this directory.
  RuntimeWarning)
ActionGenome/tools/dump_frames.py:46: RuntimeWarning: Frame directory /home/axa230262/scratch/STTran/action_genome/frames/59CDL.mp4 already exists. Skipping dumping into this directory.
  RuntimeWarning)
ActionGenome/tools/dump_frames.py:46: RuntimeWarning: Frame directory /home/axa230262/scratch/STTran/action_genome/frames/59KH0.mp4 already exists. Skipping dumping into this directory.
  RuntimeWarning)
ActionGenome/tools/dump_frames.py:46: RuntimeWarning: Frame directory /home/axa230262/scratch/STTran/action_genome/frames/59X8N.mp4 already exists. Skipping dumping into this directory.
  RuntimeWarning)
ActionGenome/tools/dump_frames.py:46: RuntimeWarning: Frame directory /home/axa230262/scratch/STTran/action_genome/frames/5A3FT.mp4 already exists. Skipping dumping into this directory.
  RuntimeWarning)
ActionGenome/tools/dump_frames.py:46: RuntimeWarning: Frame directory /home/axa230262/scratch/STTran/action_genome/frames/5A9O4.mp4 already exists. Skipping dumping into this directory.
  RuntimeWarning)
ActionGenome/tools/dump_frames.py:46: RuntimeWarning: Frame directory /home/axa230262/scratch/STTran/action_genome/frames/5ACD3.mp4 already exists. Skipping dumping into this directory.
  RuntimeWarning)
ActionGenome/tools/dump_frames.py:46: RuntimeWarning: Frame directory /home/axa230262/scratch/STTran/action_genome/frames/5ADJT.mp4 already exists. Skipping dumping into this directory.
  RuntimeWarning)
ActionGenome/tools/dump_frames.py:46: RuntimeWarning: Frame directory /home/axa230262/scratch/STTran/action_genome/frames/5AE54.mp4 already exists. Skipping dumping into this directory.
  RuntimeWarning)
ActionGenome/tools/dump_frames.py:46: RuntimeWarning: Frame directory /home/axa230262/scratch/STTran/action_genome/frames/5AEB8.mp4 already exists. Skipping dumping into this directory.
  RuntimeWarning)
ActionGenome/tools/dump_frames.py:46: RuntimeWarning: Frame directory /home/axa230262/scratch/STTran/action_genome/frames/5AFC1.mp4 already exists. Skipping dumping into this directory.
  RuntimeWarning)
ActionGenome/tools/dump_frames.py:46: RuntimeWarning: Frame directory /home/axa230262/scratch/STTran/action_genome/frames/5AHQV.mp4 already exists. Skipping dumping into this directory.
  RuntimeWarning)
ActionGenome/tools/dump_frames.py:46: RuntimeWarning: Frame directory /home/axa230262/scratch/STTran/action_genome/frames/5AM4C.mp4 already exists. Skipping dumping into this directory.
  RuntimeWarning)
ActionGenome/tools/dump_frames.py:46: RuntimeWarning: Frame directory /home/axa230262/scratch/STTran/action_genome/frames/5AR9B.mp4 already exists. Skipping dumping into this directory.
  RuntimeWarning)
ActionGenome/tools/dump_frames.py:46: RuntimeWarning: Frame directory /home/axa230262/scratch/STTran/action_genome/frames/5AW54.mp4 already exists. Skipping dumping into this directory.
  RuntimeWarning)
ActionGenome/tools/dump_frames.py:46: RuntimeWarning: Frame directory /home/axa230262/scratch/STTran/action_genome/frames/5AYUN.mp4 already exists. Skipping dumping into this directory.
  RuntimeWarning)
ActionGenome/tools/dump_frames.py:46: RuntimeWarning: Frame directory /home/axa230262/scratch/STTran/action_genome/frames/5B2K2.mp4 already exists. Skipping dumping into this directory.
  RuntimeWarning)
ActionGenome/tools/dump_frames.py:46: RuntimeWarning: Frame directory /home/axa230262/scratch/STTran/action_genome/frames/5B4HF.mp4 already exists. Skipping dumping into this directory.
  RuntimeWarning)
ActionGenome/tools/dump_frames.py:46: RuntimeWarning: Frame directory /home/axa230262/scratch/STTran/action_genome/frames/5B8M5.mp4 already exists. Skipping dumping into this directory.
  RuntimeWarning)
ActionGenome/tools/dump_frames.py:46: RuntimeWarning: Frame directory /home/axa230262/scratch/STTran/action_genome/frames/5B9XE.mp4 already exists. Skipping dumping into this directory.
  RuntimeWarning)
ActionGenome/tools/dump_frames.py:46: RuntimeWarning: Frame directory /home/axa230262/scratch/STTran/action_genome/frames/5BQMX.mp4 already exists. Skipping dumping into this directory.
  RuntimeWarning)
ActionGenome/tools/dump_frames.py:46: RuntimeWarning: Frame directory /home/axa230262/scratch/STTran/action_genome/frames/5BTFZ.mp4 already exists. Skipping dumping into this directory.
  RuntimeWarning)
ActionGenome/tools/dump_frames.py:46: RuntimeWarning: Frame directory /home/axa230262/scratch/STTran/action_genome/frames/5C3NY.mp4 already exists. Skipping dumping into this directory.
  RuntimeWarning)
ActionGenome/tools/dump_frames.py:46: RuntimeWarning: Frame directory /home/axa230262/scratch/STTran/action_genome/frames/5C4EK.mp4 already exists. Skipping dumping into this directory.
  RuntimeWarning)
ActionGenome/tools/dump_frames.py:46: RuntimeWarning: Frame directory /home/axa230262/scratch/STTran/action_genome/frames/5C6IS.mp4 already exists. Skipping dumping into this directory.
  RuntimeWarning)
ActionGenome/tools/dump_frames.py:46: RuntimeWarning: Frame directory /home/axa230262/scratch/STTran/action_genome/frames/5C837.mp4 already exists. Skipping dumping into this directory.
  RuntimeWarning)
ActionGenome/tools/dump_frames.py:46: RuntimeWarning: Frame directory /home/axa230262/scratch/STTran/action_genome/frames/5CN21.mp4 already exists. Skipping dumping into this directory.
  RuntimeWarning)
ActionGenome/tools/dump_frames.py:46: RuntimeWarning: Frame directory /home/axa230262/scratch/STTran/action_genome/frames/5CT0V.mp4 already exists. Skipping dumping into this directory.
  RuntimeWarning)
ActionGenome/tools/dump_frames.py:46: RuntimeWarning: Frame directory /home/axa230262/scratch/STTran/action_genome/frames/5CZRC.mp4 already exists. Skipping dumping into this directory.
  RuntimeWarning)
ActionGenome/tools/dump_frames.py:46: RuntimeWarning: Frame directory /home/axa230262/scratch/STTran/action_genome/frames/5D1FD.mp4 already exists. Skipping dumping into this directory.
  RuntimeWarning)
ActionGenome/tools/dump_frames.py:46: RuntimeWarning: Frame directory /home/axa230262/scratch/STTran/action_genome/frames/5D351.mp4 already exists. Skipping dumping into this directory.
  RuntimeWarning)
ActionGenome/tools/dump_frames.py:46: RuntimeWarning: Frame directory /home/axa230262/scratch/STTran/action_genome/frames/5D85P.mp4 already exists. Skipping dumping into this directory.
  RuntimeWarning)
ActionGenome/tools/dump_frames.py:46: RuntimeWarning: Frame directory /home/axa230262/scratch/STTran/action_genome/frames/5DEHA.mp4 already exists. Skipping dumping into this directory.
  RuntimeWarning)
ActionGenome/tools/dump_frames.py:46: RuntimeWarning: Frame directory /home/axa230262/scratch/STTran/action_genome/frames/5DFKT.mp4 already exists. Skipping dumping into this directory.
  RuntimeWarning)
ActionGenome/tools/dump_frames.py:46: RuntimeWarning: Frame directory /home/axa230262/scratch/STTran/action_genome/frames/5DJ3S.mp4 already exists. Skipping dumping into this directory.
  RuntimeWarning)
ActionGenome/tools/dump_frames.py:46: RuntimeWarning: Frame directory /home/axa230262/scratch/STTran/action_genome/frames/5DPC8.mp4 already exists. Skipping dumping into this directory.
  RuntimeWarning)
ActionGenome/tools/dump_frames.py:46: RuntimeWarning: Frame directory /home/axa230262/scratch/STTran/action_genome/frames/5DRVF.mp4 already exists. Skipping dumping into this directory.
  RuntimeWarning)
ActionGenome/tools/dump_frames.py:46: RuntimeWarning: Frame directory /home/axa230262/scratch/STTran/action_genome/frames/5DYQR.mp4 already exists. Skipping dumping into this directory.
  RuntimeWarning)
ActionGenome/tools/dump_frames.py:46: RuntimeWarning: Frame directory /home/axa230262/scratch/STTran/action_genome/frames/5E01W.mp4 already exists. Skipping dumping into this directory.
  RuntimeWarning)
ActionGenome/tools/dump_frames.py:46: RuntimeWarning: Frame directory /home/axa230262/scratch/STTran/action_genome/frames/5E8IN.mp4 already exists. Skipping dumping into this directory.
  RuntimeWarning)
ActionGenome/tools/dump_frames.py:46: RuntimeWarning: Frame directory /home/axa230262/scratch/STTran/action_genome/frames/5ECJ4.mp4 already exists. Skipping dumping into this directory.
  RuntimeWarning)
ActionGenome/tools/dump_frames.py:46: RuntimeWarning: Frame directory /home/axa230262/scratch/STTran/action_genome/frames/5EDX4.mp4 already exists. Skipping dumping into this directory.
  RuntimeWarning)
ActionGenome/tools/dump_frames.py:46: RuntimeWarning: Frame directory /home/axa230262/scratch/STTran/action_genome/frames/5EEFP.mp4 already exists. Skipping dumping into this directory.
  RuntimeWarning)
ActionGenome/tools/dump_frames.py:46: RuntimeWarning: Frame directory /home/axa230262/scratch/STTran/action_genome/frames/5EEXF.mp4 already exists. Skipping dumping into this directory.
  RuntimeWarning)
ActionGenome/tools/dump_frames.py:46: RuntimeWarning: Frame directory /home/axa230262/scratch/STTran/action_genome/frames/5EFVR.mp4 already exists. Skipping dumping into this directory.
  RuntimeWarning)
ActionGenome/tools/dump_frames.py:46: RuntimeWarning: Frame directory /home/axa230262/scratch/STTran/action_genome/frames/5EFZ1.mp4 already exists. Skipping dumping into this directory.
  RuntimeWarning)
ActionGenome/tools/dump_frames.py:46: RuntimeWarning: Frame directory /home/axa230262/scratch/STTran/action_genome/frames/5EIJ3.mp4 already exists. Skipping dumping into this directory.
  RuntimeWarning)
ActionGenome/tools/dump_frames.py:46: RuntimeWarning: Frame directory /home/axa230262/scratch/STTran/action_genome/frames/5F1AW.mp4 already exists. Skipping dumping into this directory.
  RuntimeWarning)
ActionGenome/tools/dump_frames.py:46: RuntimeWarning: Frame directory /home/axa230262/scratch/STTran/action_genome/frames/5FCAU.mp4 already exists. Skipping dumping into this directory.
  RuntimeWarning)
ActionGenome/tools/dump_frames.py:46: RuntimeWarning: Frame directory /home/axa230262/scratch/STTran/action_genome/frames/5FDHU.mp4 already exists. Skipping dumping into this directory.
  RuntimeWarning)
ActionGenome/tools/dump_frames.py:46: RuntimeWarning: Frame directory /home/axa230262/scratch/STTran/action_genome/frames/5FHH2.mp4 already exists. Skipping dumping into this directory.
  RuntimeWarning)
ActionGenome/tools/dump_frames.py:46: RuntimeWarning: Frame directory /home/axa230262/scratch/STTran/action_genome/frames/5FJRT.mp4 already exists. Skipping dumping into this directory.
  RuntimeWarning)
ActionGenome/tools/dump_frames.py:46: RuntimeWarning: Frame directory /home/axa230262/scratch/STTran/action_genome/frames/5FSDB.mp4 already exists. Skipping dumping into this directory.
  RuntimeWarning)
ActionGenome/tools/dump_frames.py:46: RuntimeWarning: Frame directory /home/axa230262/scratch/STTran/action_genome/frames/5FYKE.mp4 already exists. Skipping dumping into this directory.
  RuntimeWarning)
ActionGenome/tools/dump_frames.py:46: RuntimeWarning: Frame directory /home/axa230262/scratch/STTran/action_genome/frames/5G9SV.mp4 already exists. Skipping dumping into this directory.
  RuntimeWarning)
ActionGenome/tools/dump_frames.py:46: RuntimeWarning: Frame directory /home/axa230262/scratch/STTran/action_genome/frames/5GEJS.mp4 already exists. Skipping dumping into this directory.
  RuntimeWarning)
ActionGenome/tools/dump_frames.py:46: RuntimeWarning: Frame directory /home/axa230262/scratch/STTran/action_genome/frames/5GG5W.mp4 already exists. Skipping dumping into this directory.
  RuntimeWarning)
ActionGenome/tools/dump_frames.py:46: RuntimeWarning: Frame directory /home/axa230262/scratch/STTran/action_genome/frames/5GHV3.mp4 already exists. Skipping dumping into this directory.
  RuntimeWarning)
ActionGenome/tools/dump_frames.py:46: RuntimeWarning: Frame directory /home/axa230262/scratch/STTran/action_genome/frames/5GITI.mp4 already exists. Skipping dumping into this directory.
  RuntimeWarning)
ActionGenome/tools/dump_frames.py:46: RuntimeWarning: Frame directory /home/axa230262/scratch/STTran/action_genome/frames/5GK8W.mp4 already exists. Skipping dumping into this directory.
  RuntimeWarning)
ActionGenome/tools/dump_frames.py:46: RuntimeWarning: Frame directory /home/axa230262/scratch/STTran/action_genome/frames/5GP8M.mp4 already exists. Skipping dumping into this directory.
  RuntimeWarning)
ActionGenome/tools/dump_frames.py:46: RuntimeWarning: Frame directory /home/axa230262/scratch/STTran/action_genome/frames/5GPOJ.mp4 already exists. Skipping dumping into this directory.
  RuntimeWarning)
ActionGenome/tools/dump_frames.py:46: RuntimeWarning: Frame directory /home/axa230262/scratch/STTran/action_genome/frames/5GWS2.mp4 already exists. Skipping dumping into this directory.
  RuntimeWarning)
ActionGenome/tools/dump_frames.py:46: RuntimeWarning: Frame directory /home/axa230262/scratch/STTran/action_genome/frames/5H1P1.mp4 already exists. Skipping dumping into this directory.
  RuntimeWarning)
ActionGenome/tools/dump_frames.py:46: RuntimeWarning: Frame directory /home/axa230262/scratch/STTran/action_genome/frames/5HGHH.mp4 already exists. Skipping dumping into this directory.
  RuntimeWarning)
ActionGenome/tools/dump_frames.py:46: RuntimeWarning: Frame directory /home/axa230262/scratch/STTran/action_genome/frames/5HJ2H.mp4 already exists. Skipping dumping into this directory.
  RuntimeWarning)
ActionGenome/tools/dump_frames.py:46: RuntimeWarning: Frame directory /home/axa230262/scratch/STTran/action_genome/frames/5HOAV.mp4 already exists. Skipping dumping into this directory.
  RuntimeWarning)
ActionGenome/tools/dump_frames.py:46: RuntimeWarning: Frame directory /home/axa230262/scratch/STTran/action_genome/frames/5HPZ1.mp4 already exists. Skipping dumping into this directory.
  RuntimeWarning)
ActionGenome/tools/dump_frames.py:46: RuntimeWarning: Frame directory /home/axa230262/scratch/STTran/action_genome/frames/5HQJ8.mp4 already exists. Skipping dumping into this directory.
  RuntimeWarning)
ActionGenome/tools/dump_frames.py:46: RuntimeWarning: Frame directory /home/axa230262/scratch/STTran/action_genome/frames/5HSKK.mp4 already exists. Skipping dumping into this directory.
  RuntimeWarning)
ActionGenome/tools/dump_frames.py:46: RuntimeWarning: Frame directory /home/axa230262/scratch/STTran/action_genome/frames/5HWX0.mp4 already exists. Skipping dumping into this directory.
  RuntimeWarning)
ActionGenome/tools/dump_frames.py:46: RuntimeWarning: Frame directory /home/axa230262/scratch/STTran/action_genome/frames/5I330.mp4 already exists. Skipping dumping into this directory.
  RuntimeWarning)
ActionGenome/tools/dump_frames.py:46: RuntimeWarning: Frame directory /home/axa230262/scratch/STTran/action_genome/frames/5I4UT.mp4 already exists. Skipping dumping into this directory.
  RuntimeWarning)
ActionGenome/tools/dump_frames.py:46: RuntimeWarning: Frame directory /home/axa230262/scratch/STTran/action_genome/frames/5I54H.mp4 already exists. Skipping dumping into this directory.
  RuntimeWarning)
ActionGenome/tools/dump_frames.py:46: RuntimeWarning: Frame directory /home/axa230262/scratch/STTran/action_genome/frames/5I5E5.mp4 already exists. Skipping dumping into this directory.
  RuntimeWarning)
ActionGenome/tools/dump_frames.py:46: RuntimeWarning: Frame directory /home/axa230262/scratch/STTran/action_genome/frames/5IDF4.mp4 already exists. Skipping dumping into this directory.
  RuntimeWarning)
ActionGenome/tools/dump_frames.py:46: RuntimeWarning: Frame directory /home/axa230262/scratch/STTran/action_genome/frames/5INX3.mp4 already exists. Skipping dumping into this directory.
  RuntimeWarning)
ActionGenome/tools/dump_frames.py:46: RuntimeWarning: Frame directory /home/axa230262/scratch/STTran/action_genome/frames/5IOQB.mp4 already exists. Skipping dumping into this directory.
  RuntimeWarning)
ActionGenome/tools/dump_frames.py:46: RuntimeWarning: Frame directory /home/axa230262/scratch/STTran/action_genome/frames/5IPJA.mp4 already exists. Skipping dumping into this directory.
  RuntimeWarning)
ActionGenome/tools/dump_frames.py:46: RuntimeWarning: Frame directory /home/axa230262/scratch/STTran/action_genome/frames/5IVO1.mp4 already exists. Skipping dumping into this directory.
  RuntimeWarning)
ActionGenome/tools/dump_frames.py:46: RuntimeWarning: Frame directory /home/axa230262/scratch/STTran/action_genome/frames/5IW8A.mp4 already exists. Skipping dumping into this directory.
  RuntimeWarning)
ActionGenome/tools/dump_frames.py:46: RuntimeWarning: Frame directory /home/axa230262/scratch/STTran/action_genome/frames/5J7FQ.mp4 already exists. Skipping dumping into this directory.
  RuntimeWarning)
ActionGenome/tools/dump_frames.py:46: RuntimeWarning: Frame directory /home/axa230262/scratch/STTran/action_genome/frames/5J91T.mp4 already exists. Skipping dumping into this directory.
  RuntimeWarning)
ActionGenome/tools/dump_frames.py:46: RuntimeWarning: Frame directory /home/axa230262/scratch/STTran/action_genome/frames/5J9HP.mp4 already exists. Skipping dumping into this directory.
  RuntimeWarning)
ActionGenome/tools/dump_frames.py:46: RuntimeWarning: Frame directory /home/axa230262/scratch/STTran/action_genome/frames/5JIGM.mp4 already exists. Skipping dumping into this directory.
  RuntimeWarning)
ActionGenome/tools/dump_frames.py:46: RuntimeWarning: Frame directory /home/axa230262/scratch/STTran/action_genome/frames/5JSFE.mp4 already exists. Skipping dumping into this directory.
  RuntimeWarning)
ActionGenome/tools/dump_frames.py:46: RuntimeWarning: Frame directory /home/axa230262/scratch/STTran/action_genome/frames/5JSGK.mp4 already exists. Skipping dumping into this directory.
  RuntimeWarning)
ActionGenome/tools/dump_frames.py:46: RuntimeWarning: Frame directory /home/axa230262/scratch/STTran/action_genome/frames/5JVMD.mp4 already exists. Skipping dumping into this directory.
  RuntimeWarning)
ActionGenome/tools/dump_frames.py:46: RuntimeWarning: Frame directory /home/axa230262/scratch/STTran/action_genome/frames/5K0KJ.mp4 already exists. Skipping dumping into this directory.
  RuntimeWarning)
ActionGenome/tools/dump_frames.py:46: RuntimeWarning: Frame directory /home/axa230262/scratch/STTran/action_genome/frames/5KGCY.mp4 already exists. Skipping dumping into this directory.
  RuntimeWarning)
ActionGenome/tools/dump_frames.py:46: RuntimeWarning: Frame directory /home/axa230262/scratch/STTran/action_genome/frames/5KOTU.mp4 already exists. Skipping dumping into this directory.
  RuntimeWarning)
ActionGenome/tools/dump_frames.py:46: RuntimeWarning: Frame directory /home/axa230262/scratch/STTran/action_genome/frames/5KQL2.mp4 already exists. Skipping dumping into this directory.
  RuntimeWarning)
ActionGenome/tools/dump_frames.py:46: RuntimeWarning: Frame directory /home/axa230262/scratch/STTran/action_genome/frames/5KZLW.mp4 already exists. Skipping dumping into this directory.
  RuntimeWarning)
ActionGenome/tools/dump_frames.py:46: RuntimeWarning: Frame directory /home/axa230262/scratch/STTran/action_genome/frames/5L04F.mp4 already exists. Skipping dumping into this directory.
  RuntimeWarning)
ActionGenome/tools/dump_frames.py:46: RuntimeWarning: Frame directory /home/axa230262/scratch/STTran/action_genome/frames/5L09N.mp4 already exists. Skipping dumping into this directory.
  RuntimeWarning)
ActionGenome/tools/dump_frames.py:46: RuntimeWarning: Frame directory /home/axa230262/scratch/STTran/action_genome/frames/5LAQN.mp4 already exists. Skipping dumping into this directory.
  RuntimeWarning)
ActionGenome/tools/dump_frames.py:46: RuntimeWarning: Frame directory /home/axa230262/scratch/STTran/action_genome/frames/5LE93.mp4 already exists. Skipping dumping into this directory.
  RuntimeWarning)
ActionGenome/tools/dump_frames.py:46: RuntimeWarning: Frame directory /home/axa230262/scratch/STTran/action_genome/frames/5LETG.mp4 already exists. Skipping dumping into this directory.
  RuntimeWarning)
ActionGenome/tools/dump_frames.py:46: RuntimeWarning: Frame directory /home/axa230262/scratch/STTran/action_genome/frames/5LFGO.mp4 already exists. Skipping dumping into this directory.
  RuntimeWarning)
ActionGenome/tools/dump_frames.py:46: RuntimeWarning: Frame directory /home/axa230262/scratch/STTran/action_genome/frames/5LH8B.mp4 already exists. Skipping dumping into this directory.
  RuntimeWarning)
ActionGenome/tools/dump_frames.py:46: RuntimeWarning: Frame directory /home/axa230262/scratch/STTran/action_genome/frames/5LJ3J.mp4 already exists. Skipping dumping into this directory.
  RuntimeWarning)
ActionGenome/tools/dump_frames.py:46: RuntimeWarning: Frame directory /home/axa230262/scratch/STTran/action_genome/frames/5LPJL.mp4 already exists. Skipping dumping into this directory.
  RuntimeWarning)
ActionGenome/tools/dump_frames.py:46: RuntimeWarning: Frame directory /home/axa230262/scratch/STTran/action_genome/frames/5LTLL.mp4 already exists. Skipping dumping into this directory.
  RuntimeWarning)
ActionGenome/tools/dump_frames.py:46: RuntimeWarning: Frame directory /home/axa230262/scratch/STTran/action_genome/frames/5LVUF.mp4 already exists. Skipping dumping into this directory.
  RuntimeWarning)
ActionGenome/tools/dump_frames.py:46: RuntimeWarning: Frame directory /home/axa230262/scratch/STTran/action_genome/frames/5M17J.mp4 already exists. Skipping dumping into this directory.
  RuntimeWarning)
ActionGenome/tools/dump_frames.py:46: RuntimeWarning: Frame directory /home/axa230262/scratch/STTran/action_genome/frames/5M49C.mp4 already exists. Skipping dumping into this directory.
  RuntimeWarning)
ActionGenome/tools/dump_frames.py:46: RuntimeWarning: Frame directory /home/axa230262/scratch/STTran/action_genome/frames/5M9JX.mp4 already exists. Skipping dumping into this directory.
  RuntimeWarning)
ActionGenome/tools/dump_frames.py:46: RuntimeWarning: Frame directory /home/axa230262/scratch/STTran/action_genome/frames/5MDL5.mp4 already exists. Skipping dumping into this directory.
  RuntimeWarning)
ActionGenome/tools/dump_frames.py:46: RuntimeWarning: Frame directory /home/axa230262/scratch/STTran/action_genome/frames/5MF9Y.mp4 already exists. Skipping dumping into this directory.
  RuntimeWarning)
ActionGenome/tools/dump_frames.py:46: RuntimeWarning: Frame directory /home/axa230262/scratch/STTran/action_genome/frames/5MG4A.mp4 already exists. Skipping dumping into this directory.
  RuntimeWarning)
ActionGenome/tools/dump_frames.py:46: RuntimeWarning: Frame directory /home/axa230262/scratch/STTran/action_genome/frames/5MRPU.mp4 already exists. Skipping dumping into this directory.
  RuntimeWarning)
ActionGenome/tools/dump_frames.py:46: RuntimeWarning: Frame directory /home/axa230262/scratch/STTran/action_genome/frames/5MSZP.mp4 already exists. Skipping dumping into this directory.
  RuntimeWarning)
ActionGenome/tools/dump_frames.py:46: RuntimeWarning: Frame directory /home/axa230262/scratch/STTran/action_genome/frames/5MYL4.mp4 already exists. Skipping dumping into this directory.
  RuntimeWarning)
ActionGenome/tools/dump_frames.py:46: RuntimeWarning: Frame directory /home/axa230262/scratch/STTran/action_genome/frames/5N26T.mp4 already exists. Skipping dumping into this directory.
  RuntimeWarning)
ActionGenome/tools/dump_frames.py:46: RuntimeWarning: Frame directory /home/axa230262/scratch/STTran/action_genome/frames/5N7DP.mp4 already exists. Skipping dumping into this directory.
  RuntimeWarning)
ActionGenome/tools/dump_frames.py:46: RuntimeWarning: Frame directory /home/axa230262/scratch/STTran/action_genome/frames/5N7EW.mp4 already exists. Skipping dumping into this directory.
  RuntimeWarning)
ActionGenome/tools/dump_frames.py:46: RuntimeWarning: Frame directory /home/axa230262/scratch/STTran/action_genome/frames/5NE5A.mp4 already exists. Skipping dumping into this directory.
  RuntimeWarning)
ActionGenome/tools/dump_frames.py:46: RuntimeWarning: Frame directory /home/axa230262/scratch/STTran/action_genome/frames/5NF0R.mp4 already exists. Skipping dumping into this directory.
  RuntimeWarning)
ActionGenome/tools/dump_frames.py:46: RuntimeWarning: Frame directory /home/axa230262/scratch/STTran/action_genome/frames/5NG6Q.mp4 already exists. Skipping dumping into this directory.
  RuntimeWarning)
ActionGenome/tools/dump_frames.py:46: RuntimeWarning: Frame directory /home/axa230262/scratch/STTran/action_genome/frames/5NG8W.mp4 already exists. Skipping dumping into this directory.
  RuntimeWarning)
ActionGenome/tools/dump_frames.py:46: RuntimeWarning: Frame directory /home/axa230262/scratch/STTran/action_genome/frames/5NJRH.mp4 already exists. Skipping dumping into this directory.
  RuntimeWarning)
ActionGenome/tools/dump_frames.py:46: RuntimeWarning: Frame directory /home/axa230262/scratch/STTran/action_genome/frames/5NK4L.mp4 already exists. Skipping dumping into this directory.
  RuntimeWarning)
ActionGenome/tools/dump_frames.py:46: RuntimeWarning: Frame directory /home/axa230262/scratch/STTran/action_genome/frames/5NV2Z.mp4 already exists. Skipping dumping into this directory.
  RuntimeWarning)
ActionGenome/tools/dump_frames.py:46: RuntimeWarning: Frame directory /home/axa230262/scratch/STTran/action_genome/frames/5O0YS.mp4 already exists. Skipping dumping into this directory.
  RuntimeWarning)
ActionGenome/tools/dump_frames.py:46: RuntimeWarning: Frame directory /home/axa230262/scratch/STTran/action_genome/frames/5O281.mp4 already exists. Skipping dumping into this directory.
  RuntimeWarning)
ActionGenome/tools/dump_frames.py:46: RuntimeWarning: Frame directory /home/axa230262/scratch/STTran/action_genome/frames/5O31N.mp4 already exists. Skipping dumping into this directory.
  RuntimeWarning)
ActionGenome/tools/dump_frames.py:46: RuntimeWarning: Frame directory /home/axa230262/scratch/STTran/action_genome/frames/5OB3W.mp4 already exists. Skipping dumping into this directory.
  RuntimeWarning)
ActionGenome/tools/dump_frames.py:46: RuntimeWarning: Frame directory /home/axa230262/scratch/STTran/action_genome/frames/5OCXJ.mp4 already exists. Skipping dumping into this directory.
  RuntimeWarning)
ActionGenome/tools/dump_frames.py:46: RuntimeWarning: Frame directory /home/axa230262/scratch/STTran/action_genome/frames/5OIQ7.mp4 already exists. Skipping dumping into this directory.
  RuntimeWarning)
ActionGenome/tools/dump_frames.py:46: RuntimeWarning: Frame directory /home/axa230262/scratch/STTran/action_genome/frames/5OLVC.mp4 already exists. Skipping dumping into this directory.
  RuntimeWarning)
ActionGenome/tools/dump_frames.py:46: RuntimeWarning: Frame directory /home/axa230262/scratch/STTran/action_genome/frames/5OMSL.mp4 already exists. Skipping dumping into this directory.
  RuntimeWarning)
ActionGenome/tools/dump_frames.py:46: RuntimeWarning: Frame directory /home/axa230262/scratch/STTran/action_genome/frames/5OV3M.mp4 already exists. Skipping dumping into this directory.
  RuntimeWarning)
ActionGenome/tools/dump_frames.py:46: RuntimeWarning: Frame directory /home/axa230262/scratch/STTran/action_genome/frames/5P0ON.mp4 already exists. Skipping dumping into this directory.
  RuntimeWarning)
ActionGenome/tools/dump_frames.py:46: RuntimeWarning: Frame directory /home/axa230262/scratch/STTran/action_genome/frames/5P284.mp4 already exists. Skipping dumping into this directory.
  RuntimeWarning)
ActionGenome/tools/dump_frames.py:46: RuntimeWarning: Frame directory /home/axa230262/scratch/STTran/action_genome/frames/5P6HZ.mp4 already exists. Skipping dumping into this directory.
  RuntimeWarning)
ActionGenome/tools/dump_frames.py:46: RuntimeWarning: Frame directory /home/axa230262/scratch/STTran/action_genome/frames/5Q0CX.mp4 already exists. Skipping dumping into this directory.
  RuntimeWarning)
ActionGenome/tools/dump_frames.py:46: RuntimeWarning: Frame directory /home/axa230262/scratch/STTran/action_genome/frames/5Q3QB.mp4 already exists. Skipping dumping into this directory.
  RuntimeWarning)
ActionGenome/tools/dump_frames.py:46: RuntimeWarning: Frame directory /home/axa230262/scratch/STTran/action_genome/frames/5Q6N6.mp4 already exists. Skipping dumping into this directory.
  RuntimeWarning)
 13%|█▎        | 1219/9601 [00:20<00:02, 4142.97it/s] 16%|█▌        | 1546/9601 [00:27<03:49, 35.04it/s]   16%|█▌        | 1546/9601 [00:40<03:49, 35.04it/s] 16%|█▌        | 1548/9601 [00:51<08:31, 15.75it/s] 16%|█▌        | 1549/9601 [00:56<09:59, 13.44it/s] 16%|█▌        | 1549/9601 [01:10<09:59, 13.44it/s] 16%|█▌        | 1552/9601 [01:21<19:54,  6.74it/s] 16%|█▌        | 1553/9601 [01:27<23:01,  5.82it/s] 16%|█▌        | 1553/9601 [01:40<23:01,  5.82it/s] 16%|█▌        | 1555/9601 [01:47<39:02,  3.44it/s] 16%|█▌        | 1556/9601 [02:01<54:34,  2.46it/s] 16%|█▌        | 1557/9601 [02:10<1:08:28,  1.96it/s] 16%|█▌        | 1557/9601 [02:30<1:08:28,  1.96it/s] 16%|█▌        | 1559/9601 [02:34<2:00:15,  1.11it/s] 16%|█▌        | 1560/9601 [02:45<2:29:52,  1.12s/it] 16%|█▋        | 1561/9601 [02:48<2:40:08,  1.20s/it] 16%|█▋        | 1561/9601 [03:00<2:40:08,  1.20s/it] 16%|█▋        | 1562/9601 [03:02<3:51:26,  1.73s/it] 16%|█▋        | 1563/9601 [03:10<4:41:08,  2.10s/it] 16%|█▋        | 1563/9601 [03:30<4:41:08,  2.10s/it] 16%|█▋        | 1566/9601 [03:30<6:42:07,  3.00s/it] 16%|█▋        | 1567/9601 [03:42<8:35:29,  3.85s/it] 16%|█▋        | 1568/9601 [03:52<9:59:00,  4.47s/it] 16%|█▋        | 1568/9601 [04:10<9:59:00,  4.47s/it] 16%|█▋        | 1570/9601 [04:16<14:06:15,  6.32s/it] 16%|█▋        | 1571/9601 [04:22<13:56:48,  6.25s/it] 16%|█▋        | 1571/9601 [04:40<13:56:48,  6.25s/it] 16%|█▋        | 1573/9601 [04:42<16:29:50,  7.40s/it] 16%|█▋        | 1574/9601 [04:48<15:39:31,  7.02s/it] 16%|█▋        | 1574/9601 [05:00<15:39:31,  7.02s/it] 16%|█▋        | 1576/9601 [05:06<17:24:42,  7.81s/it] 16%|█▋        | 1577/9601 [05:17<18:35:34,  8.34s/it] 16%|█▋        | 1578/9601 [05:20<15:56:15,  7.15s/it] 16%|█▋        | 1578/9601 [05:40<15:56:15,  7.15s/it] 16%|█▋        | 1580/9601 [06:06<29:39:08, 13.31s/it] 16%|█▋        | 1581/9601 [06:09<24:26:49, 10.97s/it] 16%|█▋        | 1581/9601 [06:20<24:26:49, 10.97s/it] 16%|█▋        | 1582/9601 [06:21<25:03:36, 11.25s/it] 16%|█▋        | 1583/9601 [06:33<25:44:16, 11.56s/it] 16%|█▋        | 1584/9601 [06:41<23:16:57, 10.46s/it] 16%|█▋        | 1584/9601 [07:00<23:16:57, 10.46s/it] 17%|█▋        | 1586/9601 [07:04<24:13:36, 10.88s/it] 17%|█▋        | 1587/9601 [07:10<21:35:09,  9.70s/it] 17%|█▋        | 1587/9601 [07:20<21:35:09,  9.70s/it] 17%|█▋        | 1588/9601 [07:20<21:48:44,  9.80s/it] 17%|█▋        | 1589/9601 [07:31<22:50:41, 10.26s/it] 17%|█▋        | 1590/9601 [07:39<21:07:02,  9.49s/it] 17%|█▋        | 1590/9601 [07:50<21:07:02,  9.49s/it] 17%|█▋        | 1591/9601 [07:51<22:50:39, 10.27s/it] 17%|█▋        | 1592/9601 [08:00<22:20:52, 10.05s/it] 17%|█▋        | 1594/9601 [08:13<18:34:38,  8.35s/it] 17%|█▋        | 1595/9601 [08:23<19:41:04,  8.85s/it] 17%|█▋        | 1596/9601 [08:30<18:15:17,  8.21s/it] 17%|█▋        | 1596/9601 [08:50<18:15:17,  8.21s/it] 17%|█▋        | 1598/9601 [08:59<24:23:40, 10.97s/it] 17%|█▋        | 1599/9601 [09:04<21:05:35,  9.49s/it] 17%|█▋        | 1600/9601 [09:13<20:59:00,  9.44s/it] 17%|█▋        | 1601/9601 [09:26<22:56:32, 10.32s/it] 17%|█▋        | 1602/9601 [09:38<23:44:45, 10.69s/it] 17%|█▋        | 1603/9601 [09:46<22:24:17, 10.08s/it] 17%|█▋        | 1604/9601 [09:49<18:09:36,  8.18s/it] 17%|█▋        | 1605/9601 [09:53<15:28:09,  6.96s/it] 17%|█▋        | 1606/9601 [09:59<14:49:48,  6.68s/it] 17%|█▋        | 1607/9601 [10:11<17:49:28,  8.03s/it] 17%|█▋        | 1608/9601 [10:20<18:25:12,  8.30s/it] 17%|█▋        | 1609/9601 [10:24<15:44:49,  7.09s/it] 17%|█▋        | 1610/9601 [10:35<18:34:04,  8.36s/it] 17%|█▋        | 1611/9601 [10:41<17:02:21,  7.68s/it] 17%|█▋        | 1612/9601 [10:44<13:55:28,  6.27s/it] 17%|█▋        | 1613/9601 [10:55<17:03:46,  7.69s/it] 17%|█▋        | 1614/9601 [11:02<16:30:33,  7.44s/it] 17%|█▋        | 1615/9601 [11:08<15:19:23,  6.91s/it] 17%|█▋        | 1616/9601 [11:20<18:41:56,  8.43s/it] 17%|█▋        | 1617/9601 [11:30<19:32:04,  8.81s/it] 17%|█▋        | 1618/9601 [11:35<17:30:23,  7.89s/it] 17%|█▋        | 1619/9601 [11:45<18:54:13,  8.53s/it] 17%|█▋        | 1620/9601 [11:51<17:09:33,  7.74s/it] 17%|█▋        | 1621/9601 [11:58<16:23:05,  7.39s/it] 17%|█▋        | 1622/9601 [12:07<17:22:30,  7.84s/it] 17%|█▋        | 1623/9601 [12:12<15:44:58,  7.11s/it] 17%|█▋        | 1624/9601 [12:22<17:28:06,  7.88s/it] 17%|█▋        | 1625/9601 [12:34<20:33:46,  9.28s/it] 17%|█▋        | 1626/9601 [12:45<21:31:33,  9.72s/it] 17%|█▋        | 1627/9601 [12:51<19:18:42,  8.72s/it] 17%|█▋        | 1628/9601 [13:01<19:35:47,  8.85s/it] 17%|█▋        | 1629/9601 [13:14<22:38:15, 10.22s/it] 17%|█▋        | 1630/9601 [13:26<23:32:42, 10.63s/it] 17%|█▋        | 1631/9601 [13:39<25:06:25, 11.34s/it] 17%|█▋        | 1632/9601 [13:49<24:13:40, 10.94s/it] 17%|█▋        | 1633/9601 [14:00<24:26:26, 11.04s/it] 17%|█▋        | 1634/9601 [14:09<22:59:19, 10.39s/it] 17%|█▋        | 1635/9601 [14:20<23:16:25, 10.52s/it] 17%|█▋        | 1636/9601 [14:37<27:58:14, 12.64s/it] 17%|█▋        | 1637/9601 [14:47<26:13:07, 11.85s/it] 17%|█▋        | 1638/9601 [14:49<19:27:28,  8.80s/it] 17%|█▋        | 1639/9601 [14:57<18:48:49,  8.51s/it] 17%|█▋        | 1640/9601 [15:03<17:34:10,  7.95s/it] 17%|█▋        | 1641/9601 [15:15<20:11:37,  9.13s/it] 17%|█▋        | 1642/9601 [15:30<24:13:21, 10.96s/it] 17%|█▋        | 1643/9601 [15:43<25:36:12, 11.58s/it] 17%|█▋        | 1644/9601 [16:00<28:56:15, 13.09s/it] 17%|█▋        | 1645/9601 [16:11<27:26:30, 12.42s/it] 17%|█▋        | 1646/9601 [16:21<26:09:14, 11.84s/it] 17%|█▋        | 1647/9601 [16:32<25:14:00, 11.42s/it] 17%|█▋        | 1648/9601 [16:38<21:27:25,  9.71s/it] 17%|█▋        | 1649/9601 [16:47<21:27:44,  9.72s/it] 17%|█▋        | 1650/9601 [16:53<18:48:40,  8.52s/it] 17%|█▋        | 1651/9601 [17:03<20:02:36,  9.08s/it] 17%|█▋        | 1652/9601 [17:12<19:40:36,  8.91s/it] 17%|█▋        | 1653/9601 [17:24<22:03:57,  9.99s/it] 17%|█▋        | 1654/9601 [17:35<22:34:34, 10.23s/it] 17%|█▋        | 1655/9601 [17:48<24:10:40, 10.95s/it] 17%|█▋        | 1656/9601 [17:50<18:13:13,  8.26s/it] 17%|█▋        | 1657/9601 [18:02<21:01:55,  9.53s/it] 17%|█▋        | 1658/9601 [18:15<23:24:57, 10.61s/it] 17%|█▋        | 1659/9601 [18:27<23:51:01, 10.81s/it] 17%|█▋        | 1660/9601 [18:38<24:17:10, 11.01s/it] 17%|█▋        | 1661/9601 [18:47<23:04:42, 10.46s/it] 17%|█▋        | 1662/9601 [19:22<38:58:50, 17.68s/it] 17%|█▋        | 1663/9601 [19:32<34:09:24, 15.49s/it] 17%|█▋        | 1664/9601 [19:35<25:32:40, 11.59s/it] 17%|█▋        | 1665/9601 [19:38<20:08:50,  9.14s/it] 17%|█▋        | 1666/9601 [19:48<20:17:30,  9.21s/it] 17%|█▋        | 1667/9601 [19:55<19:25:12,  8.81s/it] 17%|█▋        | 1668/9601 [20:09<22:33:30, 10.24s/it] 17%|█▋        | 1669/9601 [20:15<19:40:53,  8.93s/it] 17%|█▋        | 1670/9601 [20:25<20:07:18,  9.13s/it] 17%|█▋        | 1671/9601 [20:38<23:02:56, 10.46s/it] 17%|█▋        | 1672/9601 [20:50<23:48:43, 10.81s/it] 17%|█▋        | 1673/9601 [21:01<23:56:44, 10.87s/it] 17%|█▋        | 1674/9601 [21:07<20:51:21,  9.47s/it] 17%|█▋        | 1675/9601 [21:17<21:19:59,  9.69s/it] 17%|█▋        | 1676/9601 [21:29<22:38:53, 10.29s/it] 17%|█▋        | 1677/9601 [21:44<26:00:56, 11.82s/it] 17%|█▋        | 1678/9601 [21:56<26:00:36, 11.82s/it] 17%|█▋        | 1679/9601 [22:07<25:17:27, 11.49s/it] 17%|█▋        | 1680/9601 [22:19<25:56:49, 11.79s/it] 18%|█▊        | 1681/9601 [22:30<25:35:35, 11.63s/it] 18%|█▊        | 1682/9601 [22:33<19:43:29,  8.97s/it] 18%|█▊        | 1683/9601 [22:43<20:01:25,  9.10s/it] 18%|█▊        | 1684/9601 [22:53<21:07:54,  9.61s/it] 18%|█▊        | 1685/9601 [23:00<19:08:50,  8.71s/it] 18%|█▊        | 1686/9601 [23:10<19:43:54,  8.97s/it] 18%|█▊        | 1687/9601 [23:22<21:48:54,  9.92s/it] 18%|█▊        | 1688/9601 [23:34<23:06:04, 10.51s/it] 18%|█▊        | 1689/9601 [23:47<24:51:12, 11.31s/it] 18%|█▊        | 1690/9601 [23:52<20:28:24,  9.32s/it] 18%|█▊        | 1691/9601 [24:02<21:23:09,  9.73s/it] 18%|█▊        | 1692/9601 [24:13<22:10:24, 10.09s/it] 18%|█▊        | 1693/9601 [24:30<26:41:22, 12.15s/it] 18%|█▊        | 1694/9601 [24:40<25:06:23, 11.43s/it] 18%|█▊        | 1695/9601 [24:46<21:25:46,  9.76s/it] 18%|█▊        | 1696/9601 [24:52<19:09:42,  8.73s/it] 18%|█▊        | 1697/9601 [25:02<20:12:05,  9.20s/it] 18%|█▊        | 1698/9601 [25:10<19:08:21,  8.72s/it] 18%|█▊        | 1699/9601 [25:19<19:22:10,  8.82s/it] 18%|█▊        | 1700/9601 [25:29<20:27:40,  9.32s/it] 18%|█▊        | 1701/9601 [25:39<20:42:31,  9.44s/it] 18%|█▊        | 1702/9601 [25:47<19:54:42,  9.07s/it] 18%|█▊        | 1703/9601 [25:54<18:28:30,  8.42s/it] 18%|█▊        | 1704/9601 [26:07<21:29:26,  9.80s/it] 18%|█▊        | 1705/9601 [26:19<22:42:07, 10.35s/it] 18%|█▊        | 1706/9601 [26:29<22:10:19, 10.11s/it] 18%|█▊        | 1707/9601 [26:40<23:05:40, 10.53s/it] 18%|█▊        | 1708/9601 [26:48<21:32:19,  9.82s/it] 18%|█▊        | 1709/9601 [26:56<20:08:27,  9.19s/it] 18%|█▊        | 1710/9601 [27:03<18:43:01,  8.54s/it] 18%|█▊        | 1711/9601 [27:06<15:02:46,  6.87s/it] 18%|█▊        | 1712/9601 [27:20<19:52:58,  9.07s/it] 18%|█▊        | 1713/9601 [27:25<16:57:46,  7.74s/it] 18%|█▊        | 1714/9601 [27:36<19:27:20,  8.88s/it] 18%|█▊        | 1715/9601 [27:42<17:11:13,  7.85s/it] 18%|█▊        | 1716/9601 [27:55<20:31:47,  9.37s/it] 18%|█▊        | 1717/9601 [28:08<22:50:29, 10.43s/it] 18%|█▊        | 1718/9601 [28:16<21:25:34,  9.78s/it] 18%|█▊        | 1719/9601 [28:19<17:17:35,  7.90s/it] 18%|█▊        | 1720/9601 [28:33<20:53:40,  9.54s/it] 18%|█▊        | 1721/9601 [28:38<18:04:29,  8.26s/it] 18%|█▊        | 1722/9601 [28:50<20:14:13,  9.25s/it] 18%|█▊        | 1723/9601 [28:54<17:14:46,  7.88s/it] 18%|█▊        | 1724/9601 [29:10<22:14:09, 10.16s/it] 18%|█▊        | 1725/9601 [29:17<20:06:22,  9.19s/it] 18%|█▊        | 1726/9601 [29:36<26:43:46, 12.22s/it] 18%|█▊        | 1727/9601 [29:45<24:36:45, 11.25s/it] 18%|█▊        | 1728/9601 [29:58<25:49:19, 11.81s/it] 18%|█▊        | 1729/9601 [30:02<20:28:28,  9.36s/it] 18%|█▊        | 1730/9601 [30:12<20:57:44,  9.59s/it] 18%|█▊        | 1731/9601 [30:22<21:27:41,  9.82s/it] 18%|█▊        | 1732/9601 [30:33<22:00:41, 10.07s/it] 18%|█▊        | 1733/9601 [30:35<17:09:56,  7.85s/it] 18%|█▊        | 1734/9601 [30:45<18:05:11,  8.28s/it] 18%|█▊        | 1735/9601 [31:01<23:14:43, 10.64s/it] 18%|█▊        | 1736/9601 [31:12<23:27:08, 10.73s/it] 18%|█▊        | 1737/9601 [31:23<23:48:38, 10.90s/it] 18%|█▊        | 1738/9601 [31:33<23:15:56, 10.65s/it] 18%|█▊        | 1739/9601 [31:41<21:27:21,  9.82s/it] 18%|█▊        | 1740/9601 [32:15<37:14:06, 17.05s/it] 18%|█▊        | 1741/9601 [32:26<33:33:03, 15.37s/it] 18%|█▊        | 1742/9601 [32:36<29:47:20, 13.65s/it] 18%|█▊        | 1743/9601 [32:47<27:49:06, 12.74s/it] 18%|█▊        | 1744/9601 [32:56<25:48:30, 11.83s/it] 18%|█▊        | 1745/9601 [33:06<24:03:50, 11.03s/it] 18%|█▊        | 1746/9601 [33:07<17:41:11,  8.11s/it] 18%|█▊        | 1747/9601 [33:17<18:55:32,  8.67s/it] 18%|█▊        | 1748/9601 [33:28<20:40:38,  9.48s/it] 18%|█▊        | 1749/9601 [33:36<19:38:39,  9.01s/it] 18%|█▊        | 1750/9601 [33:47<20:41:34,  9.49s/it] 18%|█▊        | 1751/9601 [33:58<21:47:17,  9.99s/it] 18%|█▊        | 1752/9601 [34:02<18:02:17,  8.27s/it] 18%|█▊        | 1753/9601 [34:14<20:30:30,  9.41s/it] 18%|█▊        | 1754/9601 [34:28<23:39:03, 10.85s/it] 18%|█▊        | 1755/9601 [34:36<21:27:17,  9.84s/it] 18%|█▊        | 1756/9601 [34:46<21:47:05, 10.00s/it] 18%|█▊        | 1757/9601 [34:57<22:02:38, 10.12s/it] 18%|█▊        | 1758/9601 [35:00<17:45:11,  8.15s/it] 18%|█▊        | 1759/9601 [35:05<15:38:12,  7.18s/it] 18%|█▊        | 1760/9601 [35:10<13:54:30,  6.39s/it] 18%|█▊        | 1761/9601 [35:20<16:30:20,  7.58s/it] 18%|█▊        | 1762/9601 [35:30<17:49:55,  8.19s/it] 18%|█▊        | 1763/9601 [35:37<17:25:35,  8.00s/it] 18%|█▊        | 1764/9601 [35:48<19:10:17,  8.81s/it] 18%|█▊        | 1765/9601 [36:03<23:08:57, 10.64s/it] 18%|█▊        | 1766/9601 [36:15<24:17:16, 11.16s/it] 18%|█▊        | 1767/9601 [36:22<21:10:09,  9.73s/it] 18%|█▊        | 1768/9601 [36:33<21:59:34, 10.11s/it] 18%|█▊        | 1769/9601 [36:38<18:45:55,  8.63s/it] 18%|█▊        | 1770/9601 [36:49<20:32:02,  9.44s/it] 18%|█▊        | 1771/9601 [36:59<20:41:38,  9.51s/it] 18%|█▊        | 1772/9601 [37:06<19:09:07,  8.81s/it] 18%|█▊        | 1773/9601 [37:16<19:43:28,  9.07s/it] 18%|█▊        | 1774/9601 [37:28<21:44:11, 10.00s/it] 18%|█▊        | 1775/9601 [37:41<24:01:20, 11.05s/it] 18%|█▊        | 1776/9601 [37:53<24:35:49, 11.32s/it] 19%|█▊        | 1777/9601 [38:05<24:35:13, 11.31s/it] 19%|█▊        | 1778/9601 [38:16<24:56:56, 11.48s/it] 19%|█▊        | 1779/9601 [38:28<25:07:36, 11.56s/it] 19%|█▊        | 1780/9601 [38:40<25:25:26, 11.70s/it] 19%|█▊        | 1781/9601 [38:50<24:28:20, 11.27s/it] 19%|█▊        | 1782/9601 [38:59<22:54:51, 10.55s/it] 19%|█▊        | 1783/9601 [39:10<23:18:13, 10.73s/it] 19%|█▊        | 1784/9601 [39:23<24:28:02, 11.27s/it] 19%|█▊        | 1785/9601 [39:34<24:06:34, 11.10s/it] 19%|█▊        | 1786/9601 [39:44<23:43:03, 10.93s/it] 19%|█▊        | 1787/9601 [39:49<19:47:12,  9.12s/it] 19%|█▊        | 1788/9601 [39:56<18:29:14,  8.52s/it] 19%|█▊        | 1789/9601 [40:03<17:32:39,  8.08s/it] 19%|█▊        | 1790/9601 [40:09<16:13:42,  7.48s/it] 19%|█▊        | 1791/9601 [40:22<19:46:48,  9.12s/it] 19%|█▊        | 1792/9601 [40:25<15:17:01,  7.05s/it] 19%|█▊        | 1793/9601 [40:35<17:17:12,  7.97s/it] 19%|█▊        | 1794/9601 [40:44<17:59:53,  8.30s/it] 19%|█▊        | 1795/9601 [40:54<19:07:23,  8.82s/it] 19%|█▊        | 1796/9601 [40:58<16:17:25,  7.51s/it] 19%|█▊        | 1797/9601 [41:10<18:53:07,  8.71s/it] 19%|█▊        | 1798/9601 [41:26<23:39:12, 10.91s/it] 19%|█▊        | 1799/9601 [41:42<27:21:12, 12.62s/it] 19%|█▊        | 1800/9601 [41:54<26:32:36, 12.25s/it] 19%|█▉        | 1801/9601 [42:02<24:10:28, 11.16s/it] 19%|█▉        | 1802/9601 [42:10<22:04:28, 10.19s/it] 19%|█▉        | 1803/9601 [42:22<22:54:21, 10.57s/it] 19%|█▉        | 1804/9601 [42:26<18:46:06,  8.67s/it] 19%|█▉        | 1805/9601 [42:37<20:27:52,  9.45s/it] 19%|█▉        | 1806/9601 [42:39<15:09:07,  7.00s/it] 19%|█▉        | 1807/9601 [42:48<16:49:35,  7.77s/it] 19%|█▉        | 1808/9601 [42:50<12:44:18,  5.88s/it] 19%|█▉        | 1809/9601 [43:02<17:03:08,  7.88s/it] 19%|█▉        | 1810/9601 [43:15<19:59:01,  9.23s/it] 19%|█▉        | 1811/9601 [43:18<16:01:35,  7.41s/it] 19%|█▉        | 1812/9601 [43:30<19:05:04,  8.82s/it] 19%|█▉        | 1813/9601 [43:43<21:47:28, 10.07s/it] 19%|█▉        | 1814/9601 [43:53<21:50:54, 10.10s/it] 19%|█▉        | 1815/9601 [44:04<22:23:02, 10.35s/it] 19%|█▉        | 1816/9601 [44:09<19:15:17,  8.90s/it] 19%|█▉        | 1817/9601 [44:16<18:02:20,  8.34s/it] 19%|█▉        | 1818/9601 [44:26<18:49:18,  8.71s/it] 19%|█▉        | 1819/9601 [44:37<20:15:41,  9.37s/it] 19%|█▉        | 1820/9601 [44:40<16:21:33,  7.57s/it] 19%|█▉        | 1821/9601 [44:51<18:36:36,  8.61s/it] 19%|█▉        | 1822/9601 [45:04<21:21:02,  9.88s/it] 19%|█▉        | 1823/9601 [45:19<24:36:44, 11.39s/it] 19%|█▉        | 1824/9601 [45:30<24:28:44, 11.33s/it] 19%|█▉        | 1825/9601 [45:40<23:44:18, 10.99s/it] 19%|█▉        | 1826/9601 [45:54<25:05:13, 11.62s/it] 19%|█▉        | 1827/9601 [46:01<22:37:48, 10.48s/it] 19%|█▉        | 1828/9601 [46:13<23:24:03, 10.84s/it] 19%|█▉        | 1829/9601 [46:26<24:51:40, 11.52s/it] 19%|█▉        | 1830/9601 [46:39<25:23:45, 11.76s/it] 19%|█▉        | 1831/9601 [46:48<23:48:39, 11.03s/it] 19%|█▉        | 1832/9601 [46:52<19:13:33,  8.91s/it] 19%|█▉        | 1833/9601 [47:03<20:50:23,  9.66s/it] 19%|█▉        | 1834/9601 [47:14<21:21:58,  9.90s/it] 19%|█▉        | 1835/9601 [47:21<19:38:03,  9.10s/it] 19%|█▉        | 1836/9601 [47:28<18:26:10,  8.55s/it] 19%|█▉        | 1837/9601 [47:39<19:53:43,  9.23s/it] 19%|█▉        | 1838/9601 [47:50<20:49:41,  9.66s/it] 19%|█▉        | 1839/9601 [48:00<21:04:40,  9.78s/it] 19%|█▉        | 1840/9601 [48:11<22:14:25, 10.32s/it] 19%|█▉        | 1841/9601 [48:22<22:38:17, 10.50s/it] 19%|█▉        | 1842/9601 [48:26<18:11:54,  8.44s/it] 19%|█▉        | 1843/9601 [48:38<20:49:55,  9.67s/it] 19%|█▉        | 1844/9601 [48:56<25:53:29, 12.02s/it] 19%|█▉        | 1845/9601 [49:06<24:32:58, 11.39s/it] 19%|█▉        | 1846/9601 [49:16<23:59:19, 11.14s/it] 19%|█▉        | 1847/9601 [49:26<23:09:08, 10.75s/it] 19%|█▉        | 1848/9601 [49:32<20:08:32,  9.35s/it] 19%|█▉        | 1849/9601 [49:43<21:08:25,  9.82s/it] 19%|█▉        | 1850/9601 [49:53<21:21:36,  9.92s/it] 19%|█▉        | 1851/9601 [50:04<21:38:17, 10.05s/it] 19%|█▉        | 1852/9601 [50:10<19:14:18,  8.94s/it] 19%|█▉        | 1853/9601 [50:12<14:57:30,  6.95s/it] 19%|█▉        | 1854/9601 [50:16<13:07:57,  6.10s/it] 19%|█▉        | 1855/9601 [50:34<20:37:47,  9.59s/it] 19%|█▉        | 1856/9601 [50:40<18:04:46,  8.40s/it] 19%|█▉        | 1857/9601 [50:50<19:07:21,  8.89s/it] 19%|█▉        | 1858/9601 [51:02<20:59:35,  9.76s/it] 19%|█▉        | 1859/9601 [51:13<22:08:35, 10.30s/it] 19%|█▉        | 1860/9601 [51:25<23:08:18, 10.76s/it] 19%|█▉        | 1861/9601 [51:33<21:19:50,  9.92s/it] 19%|█▉        | 1862/9601 [51:44<22:21:06, 10.40s/it] 19%|█▉        | 1863/9601 [51:57<23:49:37, 11.09s/it] 19%|█▉        | 1864/9601 [52:08<23:41:18, 11.02s/it] 19%|█▉        | 1865/9601 [52:14<20:10:05,  9.39s/it] 19%|█▉        | 1866/9601 [52:31<25:00:41, 11.64s/it] 19%|█▉        | 1867/9601 [52:41<24:26:51, 11.38s/it] 19%|█▉        | 1868/9601 [52:46<19:55:11,  9.27s/it] 19%|█▉        | 1869/9601 [52:55<19:53:53,  9.26s/it] 19%|█▉        | 1870/9601 [53:03<18:50:52,  8.78s/it] 19%|█▉        | 1871/9601 [53:07<15:51:22,  7.38s/it] 19%|█▉        | 1872/9601 [53:13<15:06:23,  7.04s/it] 20%|█▉        | 1873/9601 [53:17<13:22:01,  6.23s/it] 20%|█▉        | 1874/9601 [53:24<13:35:20,  6.33s/it] 20%|█▉        | 1875/9601 [53:40<20:11:58,  9.41s/it] 20%|█▉        | 1876/9601 [53:46<17:26:29,  8.13s/it] 20%|█▉        | 1877/9601 [54:01<21:54:16, 10.21s/it] 20%|█▉        | 1878/9601 [54:14<23:45:23, 11.07s/it] 20%|█▉        | 1879/9601 [54:27<25:24:06, 11.84s/it] 20%|█▉        | 1880/9601 [54:36<23:39:37, 11.03s/it] 20%|█▉        | 1881/9601 [54:47<23:12:51, 10.83s/it] 20%|█▉        | 1882/9601 [54:53<20:10:01,  9.41s/it] 20%|█▉        | 1883/9601 [55:00<18:46:07,  8.75s/it] 20%|█▉        | 1884/9601 [55:07<17:13:07,  8.03s/it] 20%|█▉        | 1885/9601 [55:15<17:21:39,  8.10s/it] 20%|█▉        | 1886/9601 [55:18<14:08:17,  6.60s/it] 20%|█▉        | 1887/9601 [55:33<19:46:15,  9.23s/it] 20%|█▉        | 1888/9601 [55:36<15:28:36,  7.22s/it] 20%|█▉        | 1889/9601 [55:45<16:41:11,  7.79s/it] 20%|█▉        | 1890/9601 [55:56<18:45:03,  8.75s/it] 20%|█▉        | 1891/9601 [56:03<17:36:13,  8.22s/it] 20%|█▉        | 1892/9601 [56:16<20:49:37,  9.73s/it] 20%|█▉        | 1893/9601 [56:27<21:34:47, 10.08s/it] 20%|█▉        | 1894/9601 [56:40<23:44:00, 11.09s/it] 20%|█▉        | 1895/9601 [56:53<24:50:55, 11.61s/it] 20%|█▉        | 1896/9601 [56:59<21:03:26,  9.84s/it] 20%|█▉        | 1897/9601 [57:01<15:54:10,  7.43s/it] 20%|█▉        | 1898/9601 [57:13<18:59:05,  8.87s/it] 20%|█▉        | 1899/9601 [57:25<21:03:45,  9.84s/it] 20%|█▉        | 1900/9601 [57:36<21:32:14, 10.07s/it] 20%|█▉        | 1901/9601 [57:45<20:55:15,  9.78s/it] 20%|█▉        | 1902/9601 [57:55<20:57:36,  9.80s/it] 20%|█▉        | 1903/9601 [57:59<17:26:36,  8.16s/it] 20%|█▉        | 1904/9601 [58:09<18:56:00,  8.86s/it] 20%|█▉        | 1905/9601 [58:16<17:40:15,  8.27s/it] 20%|█▉        | 1906/9601 [58:27<19:09:30,  8.96s/it] 20%|█▉        | 1907/9601 [58:40<22:01:20, 10.30s/it] 20%|█▉        | 1908/9601 [58:52<23:01:23, 10.77s/it] 20%|█▉        | 1909/9601 [59:00<21:00:14,  9.83s/it] 20%|█▉        | 1910/9601 [59:14<23:28:50, 10.99s/it] 20%|█▉        | 1911/9601 [59:25<23:45:23, 11.12s/it] 20%|█▉        | 1912/9601 [59:36<23:55:51, 11.20s/it] 20%|█▉        | 1913/9601 [59:43<20:56:49,  9.81s/it] 20%|█▉        | 1914/9601 [59:56<23:14:33, 10.89s/it] 20%|█▉        | 1915/9601 [59:57<16:44:54,  7.84s/it] 20%|█▉        | 1916/9601 [1:00:06<17:25:52,  8.17s/it] 20%|█▉        | 1917/9601 [1:00:18<19:38:54,  9.21s/it] 20%|█▉        | 1918/9601 [1:00:30<21:22:53, 10.02s/it] 20%|█▉        | 1919/9601 [1:00:32<16:21:54,  7.67s/it] 20%|█▉        | 1920/9601 [1:00:36<14:07:16,  6.62s/it] 20%|██        | 1921/9601 [1:00:39<11:49:29,  5.54s/it] 20%|██        | 1922/9601 [1:00:53<17:09:53,  8.05s/it] 20%|██        | 1923/9601 [1:01:04<18:58:10,  8.89s/it] 20%|██        | 1924/9601 [1:01:12<18:49:07,  8.82s/it] 20%|██        | 1925/9601 [1:01:21<18:33:50,  8.71s/it] 20%|██        | 1926/9601 [1:01:30<19:01:51,  8.93s/it] 20%|██        | 1927/9601 [1:01:42<21:00:58,  9.86s/it] 20%|██        | 1928/9601 [1:01:59<25:15:19, 11.85s/it] 20%|██        | 1929/9601 [1:02:10<24:36:11, 11.54s/it] 20%|██        | 1930/9601 [1:02:20<23:55:25, 11.23s/it] 20%|██        | 1931/9601 [1:02:31<23:30:18, 11.03s/it] 20%|██        | 1932/9601 [1:02:43<24:20:03, 11.42s/it] 20%|██        | 1933/9601 [1:02:52<23:01:25, 10.81s/it] 20%|██        | 1934/9601 [1:02:55<17:47:28,  8.35s/it] 20%|██        | 1935/9601 [1:03:00<15:49:56,  7.44s/it] 20%|██        | 1936/9601 [1:03:14<19:41:17,  9.25s/it] 20%|██        | 1937/9601 [1:03:20<17:35:06,  8.26s/it] 20%|██        | 1938/9601 [1:03:32<19:55:43,  9.36s/it] 20%|██        | 1939/9601 [1:03:37<17:24:01,  8.18s/it] 20%|██        | 1940/9601 [1:03:42<15:23:02,  7.23s/it] 20%|██        | 1941/9601 [1:03:51<16:17:32,  7.66s/it] 20%|██        | 1942/9601 [1:04:00<17:20:55,  8.15s/it] 20%|██        | 1943/9601 [1:04:12<19:34:04,  9.20s/it] 20%|██        | 1944/9601 [1:04:18<17:39:12,  8.30s/it] 20%|██        | 1945/9601 [1:04:24<16:00:46,  7.53s/it] 20%|██        | 1946/9601 [1:04:32<16:49:14,  7.91s/it] 20%|██        | 1947/9601 [1:04:43<18:26:56,  8.68s/it] 20%|██        | 1948/9601 [1:04:51<17:54:28,  8.42s/it] 20%|██        | 1949/9601 [1:04:54<14:48:22,  6.97s/it] 20%|██        | 1950/9601 [1:05:00<14:16:47,  6.72s/it] 20%|██        | 1951/9601 [1:05:10<16:18:43,  7.68s/it] 20%|██        | 1952/9601 [1:05:21<18:27:11,  8.68s/it] 20%|██        | 1953/9601 [1:05:29<18:02:27,  8.49s/it] 20%|██        | 1954/9601 [1:05:42<20:22:51,  9.59s/it] 20%|██        | 1955/9601 [1:05:52<21:05:04,  9.93s/it] 20%|██        | 1956/9601 [1:06:06<23:33:21, 11.09s/it] 20%|██        | 1957/9601 [1:06:16<23:05:14, 10.87s/it] 20%|██        | 1958/9601 [1:06:27<22:50:29, 10.76s/it] 20%|██        | 1959/9601 [1:06:40<24:31:49, 11.56s/it] 20%|██        | 1960/9601 [1:06:54<25:45:39, 12.14s/it] 20%|██        | 1961/9601 [1:07:04<24:33:59, 11.58s/it] 20%|██        | 1962/9601 [1:07:13<22:53:02, 10.78s/it] 20%|██        | 1963/9601 [1:07:25<23:25:50, 11.04s/it] 20%|██        | 1964/9601 [1:07:36<23:47:53, 11.22s/it] 20%|██        | 1965/9601 [1:07:41<19:33:30,  9.22s/it] 20%|██        | 1966/9601 [1:07:50<19:17:13,  9.09s/it] 20%|██        | 1967/9601 [1:07:55<16:33:52,  7.81s/it] 20%|██        | 1968/9601 [1:08:04<17:26:41,  8.23s/it] 21%|██        | 1969/9601 [1:08:14<18:57:16,  8.94s/it] 21%|██        | 1970/9601 [1:08:25<19:46:24,  9.33s/it] 21%|██        | 1971/9601 [1:08:36<20:54:54,  9.87s/it] 21%|██        | 1972/9601 [1:08:47<21:45:33, 10.27s/it] 21%|██        | 1973/9601 [1:08:59<22:41:25, 10.71s/it] 21%|██        | 1974/9601 [1:09:10<22:49:10, 10.77s/it] 21%|██        | 1975/9601 [1:09:17<20:47:54,  9.82s/it] 21%|██        | 1976/9601 [1:09:28<21:36:56, 10.21s/it] 21%|██        | 1977/9601 [1:09:40<22:22:41, 10.57s/it] 21%|██        | 1978/9601 [1:09:48<20:38:41,  9.75s/it] 21%|██        | 1979/9601 [1:10:01<22:47:36, 10.77s/it] 21%|██        | 1980/9601 [1:10:12<23:20:11, 11.02s/it] 21%|██        | 1981/9601 [1:10:18<20:03:17,  9.47s/it] 21%|██        | 1982/9601 [1:10:28<20:35:01,  9.73s/it] 21%|██        | 1983/9601 [1:10:31<16:09:17,  7.63s/it] 21%|██        | 1984/9601 [1:10:36<14:34:32,  6.89s/it] 21%|██        | 1985/9601 [1:10:47<17:08:43,  8.10s/it] 21%|██        | 1986/9601 [1:11:13<28:12:44, 13.34s/it] 21%|██        | 1987/9601 [1:11:24<26:32:33, 12.55s/it] 21%|██        | 1988/9601 [1:11:36<26:21:11, 12.46s/it] 21%|██        | 1989/9601 [1:11:45<24:19:36, 11.51s/it] 21%|██        | 1990/9601 [1:11:47<18:11:08,  8.60s/it] 21%|██        | 1991/9601 [1:11:51<15:16:13,  7.22s/it] 21%|██        | 1992/9601 [1:11:54<12:44:16,  6.03s/it] 21%|██        | 1993/9601 [1:12:04<15:03:05,  7.12s/it] 21%|██        | 1994/9601 [1:12:12<15:51:30,  7.51s/it] 21%|██        | 1995/9601 [1:12:15<13:00:58,  6.16s/it] 21%|██        | 1996/9601 [1:12:27<16:40:03,  7.89s/it] 21%|██        | 1997/9601 [1:12:38<18:29:51,  8.76s/it] 21%|██        | 1998/9601 [1:12:44<16:29:30,  7.81s/it] 21%|██        | 1999/9601 [1:12:48<14:13:48,  6.74s/it] 21%|██        | 2000/9601 [1:13:00<17:23:30,  8.24s/it] 21%|██        | 2001/9601 [1:13:09<18:10:14,  8.61s/it] 21%|██        | 2002/9601 [1:13:22<21:02:55,  9.97s/it] 21%|██        | 2003/9601 [1:13:32<21:00:16,  9.95s/it] 21%|██        | 2004/9601 [1:13:40<19:55:42,  9.44s/it] 21%|██        | 2005/9601 [1:13:53<21:44:56, 10.31s/it] 21%|██        | 2006/9601 [1:14:06<23:47:54, 11.28s/it] 21%|██        | 2007/9601 [1:14:11<19:28:31,  9.23s/it] 21%|██        | 2008/9601 [1:14:17<17:51:59,  8.47s/it] 21%|██        | 2009/9601 [1:14:28<18:58:54,  9.00s/it] 21%|██        | 2010/9601 [1:14:38<20:10:04,  9.56s/it] 21%|██        | 2011/9601 [1:14:47<19:34:00,  9.28s/it] 21%|██        | 2012/9601 [1:14:57<19:49:07,  9.40s/it] 21%|██        | 2013/9601 [1:15:02<17:06:54,  8.12s/it] 21%|██        | 2014/9601 [1:15:05<13:38:04,  6.47s/it] 21%|██        | 2015/9601 [1:15:16<16:33:19,  7.86s/it] 21%|██        | 2016/9601 [1:15:28<19:41:33,  9.35s/it] 21%|██        | 2017/9601 [1:15:35<17:39:10,  8.38s/it] 21%|██        | 2018/9601 [1:15:41<16:16:19,  7.73s/it] 21%|██        | 2019/9601 [1:15:49<16:50:26,  8.00s/it] 21%|██        | 2020/9601 [1:16:00<18:34:15,  8.82s/it] 21%|██        | 2021/9601 [1:16:11<20:09:25,  9.57s/it] 21%|██        | 2022/9601 [1:16:20<19:48:21,  9.41s/it] 21%|██        | 2023/9601 [1:16:23<15:13:53,  7.24s/it] 21%|██        | 2024/9601 [1:16:31<15:59:48,  7.60s/it] 21%|██        | 2025/9601 [1:16:40<16:43:51,  7.95s/it] 21%|██        | 2026/9601 [1:16:53<19:49:35,  9.42s/it] 21%|██        | 2027/9601 [1:17:07<22:45:47, 10.82s/it] 21%|██        | 2028/9601 [1:17:19<23:52:22, 11.35s/it] 21%|██        | 2029/9601 [1:17:28<22:04:03, 10.49s/it] 21%|██        | 2030/9601 [1:17:32<18:21:21,  8.73s/it] 21%|██        | 2031/9601 [1:17:39<16:41:07,  7.93s/it] 21%|██        | 2032/9601 [1:17:48<17:37:14,  8.38s/it] 21%|██        | 2033/9601 [1:17:58<18:55:30,  9.00s/it] 21%|██        | 2034/9601 [1:17:59<13:40:44,  6.51s/it] 21%|██        | 2035/9601 [1:18:10<16:28:10,  7.84s/it] 21%|██        | 2036/9601 [1:18:15<14:46:22,  7.03s/it] 21%|██        | 2037/9601 [1:18:26<17:01:39,  8.10s/it] 21%|██        | 2038/9601 [1:18:37<18:58:06,  9.03s/it] 21%|██        | 2039/9601 [1:18:43<16:51:21,  8.02s/it] 21%|██        | 2040/9601 [1:18:48<15:01:02,  7.15s/it] 21%|██▏       | 2041/9601 [1:18:58<17:02:31,  8.12s/it] 21%|██▏       | 2042/9601 [1:19:09<18:37:55,  8.87s/it] 21%|██▏       | 2043/9601 [1:19:18<19:01:06,  9.06s/it] 21%|██▏       | 2044/9601 [1:19:29<20:15:57,  9.65s/it] 21%|██▏       | 2045/9601 [1:19:40<21:01:12, 10.01s/it] 21%|██▏       | 2046/9601 [1:19:42<16:09:12,  7.70s/it] 21%|██▏       | 2047/9601 [1:19:53<18:13:25,  8.68s/it] 21%|██▏       | 2048/9601 [1:20:03<18:39:29,  8.89s/it] 21%|██▏       | 2049/9601 [1:20:06<15:18:12,  7.30s/it] 21%|██▏       | 2050/9601 [1:20:17<17:24:31,  8.30s/it] 21%|██▏       | 2051/9601 [1:20:28<19:18:09,  9.20s/it] 21%|██▏       | 2052/9601 [1:20:38<19:29:22,  9.29s/it] 21%|██▏       | 2053/9601 [1:20:55<24:19:05, 11.60s/it] 21%|██▏       | 2054/9601 [1:21:02<21:25:17, 10.22s/it] 21%|██▏       | 2055/9601 [1:21:10<20:22:51,  9.72s/it] 21%|██▏       | 2056/9601 [1:21:16<17:56:55,  8.56s/it] 21%|██▏       | 2057/9601 [1:21:20<14:57:31,  7.14s/it] 21%|██▏       | 2058/9601 [1:21:32<17:59:16,  8.59s/it] 21%|██▏       | 2059/9601 [1:21:43<19:24:24,  9.26s/it] 21%|██▏       | 2060/9601 [1:21:52<19:21:34,  9.24s/it] 21%|██▏       | 2061/9601 [1:21:56<15:56:50,  7.61s/it] 21%|██▏       | 2062/9601 [1:22:06<17:35:08,  8.40s/it] 21%|██▏       | 2063/9601 [1:22:09<14:10:29,  6.77s/it] 21%|██▏       | 2064/9601 [1:22:19<16:14:59,  7.76s/it] 22%|██▏       | 2065/9601 [1:22:31<18:58:08,  9.06s/it] 22%|██▏       | 2066/9601 [1:22:42<19:51:16,  9.49s/it] 22%|██▏       | 2067/9601 [1:22:55<22:23:46, 10.70s/it] 22%|██▏       | 2068/9601 [1:23:01<19:19:26,  9.23s/it] 22%|██▏       | 2069/9601 [1:23:12<20:24:47,  9.76s/it] 22%|██▏       | 2070/9601 [1:23:29<24:47:20, 11.85s/it] 22%|██▏       | 2071/9601 [1:23:38<23:20:49, 11.16s/it] 22%|██▏       | 2072/9601 [1:23:52<24:35:42, 11.76s/it] 22%|██▏       | 2073/9601 [1:23:58<21:28:43, 10.27s/it] 22%|██▏       | 2074/9601 [1:24:11<22:45:30, 10.88s/it] 22%|██▏       | 2075/9601 [1:24:15<18:51:54,  9.02s/it] 22%|██▏       | 2076/9601 [1:24:18<14:59:33,  7.17s/it] 22%|██▏       | 2077/9601 [1:24:24<14:13:48,  6.81s/it] 22%|██▏       | 2078/9601 [1:24:36<17:09:26,  8.21s/it] 22%|██▏       | 2079/9601 [1:24:45<17:48:41,  8.52s/it] 22%|██▏       | 2080/9601 [1:24:56<19:23:07,  9.28s/it] 22%|██▏       | 2081/9601 [1:24:59<15:30:16,  7.42s/it] 22%|██▏       | 2082/9601 [1:25:08<16:39:57,  7.98s/it] 22%|██▏       | 2083/9601 [1:25:22<20:00:34,  9.58s/it] 22%|██▏       | 2084/9601 [1:25:30<19:21:16,  9.27s/it] 22%|██▏       | 2085/9601 [1:25:45<22:56:12, 10.99s/it] 22%|██▏       | 2086/9601 [1:25:49<18:37:39,  8.92s/it] 22%|██▏       | 2087/9601 [1:26:02<20:44:25,  9.94s/it] 22%|██▏       | 2088/9601 [1:26:09<19:22:44,  9.29s/it] 22%|██▏       | 2089/9601 [1:26:28<25:09:55, 12.06s/it] 22%|██▏       | 2090/9601 [1:26:39<24:30:30, 11.75s/it] 22%|██▏       | 2091/9601 [1:26:49<23:36:00, 11.31s/it] 22%|██▏       | 2092/9601 [1:26:55<19:58:17,  9.57s/it] 22%|██▏       | 2093/9601 [1:27:05<20:41:47,  9.92s/it] 22%|██▏       | 2094/9601 [1:27:14<20:08:10,  9.66s/it] 22%|██▏       | 2095/9601 [1:27:26<21:30:21, 10.31s/it] 22%|██▏       | 2096/9601 [1:27:39<23:04:12, 11.07s/it] 22%|██▏       | 2097/9601 [1:27:51<23:47:05, 11.41s/it] 22%|██▏       | 2098/9601 [1:27:55<18:52:24,  9.06s/it] 22%|██▏       | 2099/9601 [1:28:00<16:14:13,  7.79s/it] 22%|██▏       | 2100/9601 [1:28:09<16:59:23,  8.15s/it] 22%|██▏       | 2101/9601 [1:28:19<18:02:14,  8.66s/it] 22%|██▏       | 2102/9601 [1:28:27<17:51:30,  8.57s/it] 22%|██▏       | 2103/9601 [1:28:35<17:38:35,  8.47s/it] 22%|██▏       | 2104/9601 [1:28:38<13:53:30,  6.67s/it] 22%|██▏       | 2105/9601 [1:28:40<10:55:05,  5.24s/it] 22%|██▏       | 2106/9601 [1:28:50<14:09:13,  6.80s/it] 22%|██▏       | 2107/9601 [1:29:00<15:51:38,  7.62s/it] 22%|██▏       | 2108/9601 [1:29:07<15:54:51,  7.65s/it] 22%|██▏       | 2109/9601 [1:29:16<16:30:33,  7.93s/it] 22%|██▏       | 2110/9601 [1:29:25<17:19:19,  8.32s/it] 22%|██▏       | 2111/9601 [1:29:31<15:47:08,  7.59s/it] 22%|██▏       | 2112/9601 [1:29:40<16:58:43,  8.16s/it] 22%|██▏       | 2113/9601 [1:29:46<15:21:11,  7.38s/it] 22%|██▏       | 2114/9601 [1:29:58<17:55:01,  8.62s/it] 22%|██▏       | 2115/9601 [1:30:06<18:03:04,  8.68s/it] 22%|██▏       | 2116/9601 [1:30:17<19:32:30,  9.40s/it] 22%|██▏       | 2117/9601 [1:30:29<20:40:58,  9.95s/it] 22%|██▏       | 2118/9601 [1:30:40<21:48:07, 10.49s/it] 22%|██▏       | 2119/9601 [1:30:55<24:03:18, 11.57s/it] 22%|██▏       | 2120/9601 [1:31:03<21:54:12, 10.54s/it] 22%|██▏       | 2121/9601 [1:31:12<20:55:59, 10.07s/it] 22%|██▏       | 2122/9601 [1:31:18<18:30:23,  8.91s/it] 22%|██▏       | 2123/9601 [1:31:27<18:59:23,  9.14s/it] 22%|██▏       | 2124/9601 [1:31:37<19:22:29,  9.33s/it] 22%|██▏       | 2125/9601 [1:31:58<26:39:27, 12.84s/it] 22%|██▏       | 2126/9601 [1:32:05<22:38:24, 10.90s/it] 22%|██▏       | 2127/9601 [1:32:15<22:09:23, 10.67s/it] 22%|██▏       | 2128/9601 [1:32:28<23:28:57, 11.31s/it] 22%|██▏       | 2129/9601 [1:32:33<19:54:43,  9.59s/it] 22%|██▏       | 2130/9601 [1:32:49<23:35:47, 11.37s/it] 22%|██▏       | 2131/9601 [1:32:59<22:37:49, 10.91s/it] 22%|██▏       | 2132/9601 [1:33:10<22:42:26, 10.94s/it] 22%|██▏       | 2133/9601 [1:33:22<23:34:23, 11.36s/it] 22%|██▏       | 2134/9601 [1:33:30<21:44:20, 10.48s/it] 22%|██▏       | 2135/9601 [1:33:35<18:24:43,  8.88s/it] 22%|██▏       | 2136/9601 [1:33:40<15:29:23,  7.47s/it] 22%|██▏       | 2137/9601 [1:33:44<13:29:24,  6.51s/it] 22%|██▏       | 2138/9601 [1:33:57<17:44:28,  8.56s/it] 22%|██▏       | 2139/9601 [1:34:08<19:00:01,  9.17s/it] 22%|██▏       | 2140/9601 [1:34:21<21:19:05, 10.29s/it] 22%|██▏       | 2141/9601 [1:34:30<20:58:26, 10.12s/it] 22%|██▏       | 2142/9601 [1:34:37<18:25:56,  8.90s/it] 22%|██▏       | 2143/9601 [1:34:43<16:47:30,  8.11s/it] 22%|██▏       | 2144/9601 [1:34:47<14:16:20,  6.89s/it] 22%|██▏       | 2145/9601 [1:34:54<14:23:24,  6.95s/it] 22%|██▏       | 2146/9601 [1:34:56<11:38:31,  5.62s/it] 22%|██▏       | 2147/9601 [1:35:01<11:13:10,  5.42s/it] 22%|██▏       | 2148/9601 [1:35:07<11:29:09,  5.55s/it] 22%|██▏       | 2149/9601 [1:35:22<17:23:55,  8.41s/it] 22%|██▏       | 2150/9601 [1:35:32<18:27:26,  8.92s/it] 22%|██▏       | 2151/9601 [1:35:39<17:17:33,  8.36s/it] 22%|██▏       | 2152/9601 [1:35:51<19:00:55,  9.19s/it] 22%|██▏       | 2153/9601 [1:36:02<20:24:49,  9.87s/it] 22%|██▏       | 2154/9601 [1:36:14<21:53:04, 10.58s/it] 22%|██▏       | 2155/9601 [1:36:24<21:09:25, 10.23s/it] 22%|██▏       | 2156/9601 [1:36:32<20:07:32,  9.73s/it] 22%|██▏       | 2157/9601 [1:36:41<19:14:22,  9.30s/it] 22%|██▏       | 2158/9601 [1:36:49<18:56:19,  9.16s/it] 22%|██▏       | 2159/9601 [1:36:59<19:12:35,  9.29s/it] 22%|██▏       | 2160/9601 [1:37:08<18:53:32,  9.14s/it] 23%|██▎       | 2161/9601 [1:37:16<18:30:12,  8.95s/it] 23%|██▎       | 2162/9601 [1:37:25<18:30:02,  8.95s/it] 23%|██▎       | 2163/9601 [1:37:36<19:42:55,  9.54s/it] 23%|██▎       | 2164/9601 [1:37:45<19:10:20,  9.28s/it] 23%|██▎       | 2165/9601 [1:37:59<22:24:16, 10.85s/it] 23%|██▎       | 2166/9601 [1:38:08<21:04:15, 10.20s/it] 23%|██▎       | 2167/9601 [1:38:18<21:04:27, 10.21s/it] 23%|██▎       | 2168/9601 [1:38:27<20:08:43,  9.76s/it] 23%|██▎       | 2169/9601 [1:38:35<19:22:17,  9.38s/it] 23%|██▎       | 2170/9601 [1:38:47<20:42:27, 10.03s/it] 23%|██▎       | 2171/9601 [1:38:55<19:25:09,  9.41s/it] 23%|██▎       | 2172/9601 [1:39:04<19:06:40,  9.26s/it] 23%|██▎       | 2173/9601 [1:39:11<17:56:10,  8.69s/it] 23%|██▎       | 2174/9601 [1:39:22<19:25:10,  9.41s/it] 23%|██▎       | 2175/9601 [1:39:27<16:20:42,  7.92s/it] 23%|██▎       | 2176/9601 [1:39:33<15:28:26,  7.50s/it] 23%|██▎       | 2177/9601 [1:39:44<17:43:23,  8.59s/it] 23%|██▎       | 2178/9601 [1:39:53<17:33:01,  8.51s/it] 23%|██▎       | 2179/9601 [1:40:05<19:43:47,  9.57s/it] 23%|██▎       | 2180/9601 [1:40:19<22:28:45, 10.90s/it] 23%|██▎       | 2181/9601 [1:40:26<19:58:56,  9.69s/it] 23%|██▎       | 2182/9601 [1:40:29<15:54:10,  7.72s/it] 23%|██▎       | 2183/9601 [1:40:37<16:08:10,  7.83s/it] 23%|██▎       | 2184/9601 [1:40:49<19:03:42,  9.25s/it] 23%|██▎       | 2185/9601 [1:41:03<21:54:00, 10.63s/it] 23%|██▎       | 2186/9601 [1:41:13<21:22:39, 10.38s/it] 23%|██▎       | 2187/9601 [1:41:24<21:58:27, 10.67s/it] 23%|██▎       | 2188/9601 [1:41:36<22:18:20, 10.83s/it] 23%|██▎       | 2189/9601 [1:41:39<17:27:42,  8.48s/it] 23%|██▎       | 2190/9601 [1:41:48<18:01:55,  8.76s/it] 23%|██▎       | 2191/9601 [1:41:57<18:10:17,  8.83s/it] 23%|██▎       | 2192/9601 [1:42:01<14:57:26,  7.27s/it] 23%|██▎       | 2193/9601 [1:42:10<16:28:52,  8.01s/it] 23%|██▎       | 2194/9601 [1:42:20<17:43:59,  8.62s/it] 23%|██▎       | 2195/9601 [1:42:27<16:41:11,  8.11s/it] 23%|██▎       | 2196/9601 [1:42:36<17:02:05,  8.28s/it] 23%|██▎       | 2197/9601 [1:42:48<19:04:44,  9.28s/it] 23%|██▎       | 2198/9601 [1:42:57<19:12:58,  9.34s/it] 23%|██▎       | 2199/9601 [1:43:11<21:45:51, 10.59s/it] 23%|██▎       | 2200/9601 [1:43:21<21:43:49, 10.57s/it] 23%|██▎       | 2201/9601 [1:43:35<23:34:26, 11.47s/it] 23%|██▎       | 2202/9601 [1:43:47<24:17:31, 11.82s/it] 23%|██▎       | 2203/9601 [1:43:58<23:21:45, 11.37s/it] 23%|██▎       | 2204/9601 [1:44:04<20:08:35,  9.80s/it] 23%|██▎       | 2205/9601 [1:44:13<19:25:49,  9.46s/it] 23%|██▎       | 2206/9601 [1:44:24<20:47:44, 10.12s/it] 23%|██▎       | 2207/9601 [1:44:37<22:21:05, 10.88s/it] 23%|██▎       | 2208/9601 [1:44:41<18:29:07,  9.00s/it] 23%|██▎       | 2209/9601 [1:44:55<21:02:20, 10.25s/it] 23%|██▎       | 2210/9601 [1:45:04<20:12:33,  9.84s/it] 23%|██▎       | 2211/9601 [1:45:14<20:32:14, 10.00s/it] 23%|██▎       | 2212/9601 [1:45:26<21:34:07, 10.51s/it] 23%|██▎       | 2213/9601 [1:45:37<21:48:55, 10.63s/it] 23%|██▎       | 2214/9601 [1:45:45<20:41:55, 10.09s/it] 23%|██▎       | 2215/9601 [1:45:50<17:21:58,  8.46s/it] 23%|██▎       | 2216/9601 [1:45:56<15:36:22,  7.61s/it] 23%|██▎       | 2217/9601 [1:46:05<16:30:24,  8.05s/it] 23%|██▎       | 2218/9601 [1:46:17<18:54:56,  9.22s/it] 23%|██▎       | 2219/9601 [1:46:27<19:23:10,  9.45s/it] 23%|██▎       | 2220/9601 [1:46:35<18:28:32,  9.01s/it] 23%|██▎       | 2221/9601 [1:46:41<17:09:26,  8.37s/it] 23%|██▎       | 2222/9601 [1:46:54<19:43:06,  9.62s/it] 23%|██▎       | 2223/9601 [1:47:04<20:08:36,  9.83s/it] 23%|██▎       | 2224/9601 [1:47:12<18:48:20,  9.18s/it] 23%|██▎       | 2225/9601 [1:47:23<19:42:38,  9.62s/it] 23%|██▎       | 2226/9601 [1:47:33<20:12:25,  9.86s/it] 23%|██▎       | 2227/9601 [1:47:42<19:30:07,  9.52s/it] 23%|██▎       | 2228/9601 [1:47:54<21:18:11, 10.40s/it] 23%|██▎       | 2229/9601 [1:47:56<16:01:28,  7.83s/it] 23%|██▎       | 2230/9601 [1:48:07<17:56:58,  8.77s/it] 23%|██▎       | 2231/9601 [1:48:16<18:16:22,  8.93s/it] 23%|██▎       | 2232/9601 [1:48:28<19:39:37,  9.60s/it] 23%|██▎       | 2233/9601 [1:48:37<19:44:52,  9.65s/it] 23%|██▎       | 2234/9601 [1:48:47<19:52:27,  9.71s/it] 23%|██▎       | 2235/9601 [1:48:56<19:25:16,  9.49s/it] 23%|██▎       | 2236/9601 [1:49:03<17:33:50,  8.59s/it] 23%|██▎       | 2237/9601 [1:49:16<20:46:02, 10.15s/it] 23%|██▎       | 2238/9601 [1:49:20<16:58:27,  8.30s/it] 23%|██▎       | 2239/9601 [1:49:28<16:17:11,  7.96s/it] 23%|██▎       | 2240/9601 [1:49:38<17:43:51,  8.67s/it] 23%|██▎       | 2241/9601 [1:49:49<19:21:47,  9.47s/it] 23%|██▎       | 2242/9601 [1:50:00<19:57:44,  9.77s/it] 23%|██▎       | 2243/9601 [1:50:05<17:25:41,  8.53s/it] 23%|██▎       | 2244/9601 [1:50:08<14:04:58,  6.89s/it] 23%|██▎       | 2245/9601 [1:50:20<16:46:08,  8.21s/it] 23%|██▎       | 2246/9601 [1:50:21<12:44:53,  6.24s/it] 23%|██▎       | 2247/9601 [1:50:27<12:14:27,  5.99s/it] 23%|██▎       | 2248/9601 [1:50:39<16:21:24,  8.01s/it] 23%|██▎       | 2249/9601 [1:50:51<18:18:49,  8.97s/it] 23%|██▎       | 2250/9601 [1:51:01<19:19:31,  9.46s/it] 23%|██▎       | 2251/9601 [1:51:07<17:05:13,  8.37s/it] 23%|██▎       | 2252/9601 [1:51:21<20:16:02,  9.93s/it] 23%|██▎       | 2253/9601 [1:51:24<15:56:43,  7.81s/it] 23%|██▎       | 2254/9601 [1:51:32<16:38:25,  8.15s/it] 23%|██▎       | 2255/9601 [1:51:44<18:34:15,  9.10s/it] 23%|██▎       | 2256/9601 [1:51:52<18:13:22,  8.93s/it] 24%|██▎       | 2257/9601 [1:52:04<19:46:01,  9.69s/it] 24%|██▎       | 2258/9601 [1:52:14<20:18:06,  9.95s/it] 24%|██▎       | 2259/9601 [1:52:22<18:44:31,  9.19s/it] 24%|██▎       | 2260/9601 [1:52:33<19:47:06,  9.70s/it] 24%|██▎       | 2261/9601 [1:52:45<21:06:10, 10.35s/it] 24%|██▎       | 2262/9601 [1:52:53<20:09:39,  9.89s/it] 24%|██▎       | 2263/9601 [1:53:03<20:01:12,  9.82s/it] 24%|██▎       | 2264/9601 [1:53:13<19:54:55,  9.77s/it] 24%|██▎       | 2265/9601 [1:53:18<17:13:36,  8.45s/it] 24%|██▎       | 2266/9601 [1:53:29<18:40:19,  9.16s/it] 24%|██▎       | 2267/9601 [1:53:38<18:41:03,  9.17s/it] 24%|██▎       | 2268/9601 [1:53:49<19:50:45,  9.74s/it] 24%|██▎       | 2269/9601 [1:53:59<20:00:28,  9.82s/it] 24%|██▎       | 2270/9601 [1:54:08<19:38:14,  9.64s/it] 24%|██▎       | 2271/9601 [1:54:21<21:18:04, 10.46s/it] 24%|██▎       | 2272/9601 [1:54:37<25:06:09, 12.33s/it] 24%|██▎       | 2273/9601 [1:54:47<23:11:11, 11.39s/it] 24%|██▎       | 2274/9601 [1:54:58<23:10:22, 11.39s/it] 24%|██▎       | 2275/9601 [1:55:08<22:37:27, 11.12s/it] 24%|██▎       | 2276/9601 [1:55:11<17:37:59,  8.67s/it] 24%|██▎       | 2277/9601 [1:55:26<21:01:37, 10.34s/it] 24%|██▎       | 2278/9601 [1:55:35<20:27:39, 10.06s/it] 24%|██▎       | 2279/9601 [1:55:46<20:42:59, 10.19s/it] 24%|██▎       | 2280/9601 [1:55:58<22:18:07, 10.97s/it] 24%|██▍       | 2281/9601 [1:56:03<18:22:09,  9.03s/it] 24%|██▍       | 2282/9601 [1:56:12<18:25:53,  9.07s/it] 24%|██▍       | 2283/9601 [1:56:25<20:33:40, 10.11s/it] 24%|██▍       | 2284/9601 [1:56:36<21:16:43, 10.47s/it] 24%|██▍       | 2285/9601 [1:56:40<17:34:18,  8.65s/it] 24%|██▍       | 2286/9601 [1:56:52<19:13:05,  9.46s/it] 24%|██▍       | 2287/9601 [1:56:59<17:54:44,  8.82s/it] 24%|██▍       | 2288/9601 [1:57:18<23:52:39, 11.75s/it] 24%|██▍       | 2289/9601 [1:57:30<24:05:42, 11.86s/it] 24%|██▍       | 2290/9601 [1:57:41<23:41:44, 11.67s/it] 24%|██▍       | 2291/9601 [1:57:51<22:35:11, 11.12s/it] 24%|██▍       | 2292/9601 [1:57:53<17:29:31,  8.62s/it] 24%|██▍       | 2293/9601 [1:58:04<18:25:01,  9.07s/it] 24%|██▍       | 2294/9601 [1:58:14<19:18:10,  9.51s/it] 24%|██▍       | 2295/9601 [1:58:28<22:03:34, 10.87s/it] 24%|██▍       | 2296/9601 [1:58:40<22:37:21, 11.15s/it] 24%|██▍       | 2297/9601 [1:58:49<21:08:23, 10.42s/it] 24%|██▍       | 2298/9601 [1:58:53<17:36:18,  8.68s/it] 24%|██▍       | 2299/9601 [1:59:00<16:21:47,  8.07s/it] 24%|██▍       | 2300/9601 [1:59:11<18:05:23,  8.92s/it] 24%|██▍       | 2301/9601 [1:59:17<16:29:47,  8.14s/it] 24%|██▍       | 2302/9601 [1:59:19<12:21:38,  6.10s/it] 24%|██▍       | 2303/9601 [1:59:29<15:10:33,  7.49s/it] 24%|██▍       | 2304/9601 [1:59:41<17:41:45,  8.73s/it] 24%|██▍       | 2305/9601 [1:59:50<18:12:07,  8.98s/it] 24%|██▍       | 2306/9601 [2:00:03<20:07:42,  9.93s/it] 24%|██▍       | 2307/9601 [2:00:15<21:32:00, 10.63s/it] 24%|██▍       | 2308/9601 [2:00:19<17:48:17,  8.79s/it] 24%|██▍       | 2309/9601 [2:00:23<14:57:37,  7.39s/it] 24%|██▍       | 2310/9601 [2:00:34<16:55:31,  8.36s/it] 24%|██▍       | 2311/9601 [2:00:41<15:53:07,  7.84s/it] 24%|██▍       | 2312/9601 [2:00:46<14:25:53,  7.13s/it] 24%|██▍       | 2313/9601 [2:00:59<17:41:35,  8.74s/it] 24%|██▍       | 2314/9601 [2:01:04<15:44:03,  7.77s/it] 24%|██▍       | 2315/9601 [2:01:15<17:32:32,  8.67s/it] 24%|██▍       | 2316/9601 [2:01:24<18:03:49,  8.93s/it] 24%|██▍       | 2317/9601 [2:01:42<23:28:24, 11.60s/it] 24%|██▍       | 2318/9601 [2:01:51<21:26:30, 10.60s/it] 24%|██▍       | 2319/9601 [2:02:03<22:33:24, 11.15s/it] 24%|██▍       | 2320/9601 [2:02:10<20:12:29,  9.99s/it] 24%|██▍       | 2321/9601 [2:02:19<19:25:40,  9.61s/it] 24%|██▍       | 2322/9601 [2:02:24<16:32:22,  8.18s/it] 24%|██▍       | 2323/9601 [2:02:29<14:51:32,  7.35s/it] 24%|██▍       | 2324/9601 [2:02:51<23:46:34, 11.76s/it] 24%|██▍       | 2325/9601 [2:02:57<19:47:23,  9.79s/it] 24%|██▍       | 2326/9601 [2:03:07<20:10:42,  9.99s/it] 24%|██▍       | 2327/9601 [2:03:20<21:59:15, 10.88s/it] 24%|██▍       | 2328/9601 [2:03:33<23:12:20, 11.49s/it] 24%|██▍       | 2329/9601 [2:03:43<22:30:11, 11.14s/it] 24%|██▍       | 2330/9601 [2:03:52<21:20:55, 10.57s/it] 24%|██▍       | 2331/9601 [2:04:02<20:58:26, 10.39s/it] 24%|██▍       | 2332/9601 [2:04:16<23:03:25, 11.42s/it] 24%|██▍       | 2333/9601 [2:04:27<22:30:10, 11.15s/it] 24%|██▍       | 2334/9601 [2:04:34<20:09:25,  9.99s/it] 24%|██▍       | 2335/9601 [2:04:44<20:02:12,  9.93s/it] 24%|██▍       | 2336/9601 [2:04:52<18:47:52,  9.31s/it] 24%|██▍       | 2337/9601 [2:05:05<21:24:45, 10.61s/it] 24%|██▍       | 2338/9601 [2:05:19<23:04:23, 11.44s/it] 24%|██▍       | 2339/9601 [2:05:30<22:58:22, 11.39s/it] 24%|██▍       | 2340/9601 [2:05:41<22:34:14, 11.19s/it] 24%|██▍       | 2341/9601 [2:05:43<17:12:58,  8.54s/it] 24%|██▍       | 2342/9601 [2:05:48<14:53:15,  7.38s/it] 24%|██▍       | 2343/9601 [2:05:59<17:26:53,  8.65s/it] 24%|██▍       | 2344/9601 [2:06:05<15:42:39,  7.79s/it] 24%|██▍       | 2345/9601 [2:06:16<17:34:59,  8.72s/it] 24%|██▍       | 2346/9601 [2:06:29<20:24:39, 10.13s/it] 24%|██▍       | 2347/9601 [2:06:42<21:38:18, 10.74s/it] 24%|██▍       | 2348/9601 [2:06:52<21:14:26, 10.54s/it] 24%|██▍       | 2349/9601 [2:07:10<26:09:16, 12.98s/it] 24%|██▍       | 2350/9601 [2:07:21<24:26:40, 12.14s/it] 24%|██▍       | 2351/9601 [2:07:34<25:27:23, 12.64s/it] 24%|██▍       | 2352/9601 [2:07:45<24:17:13, 12.06s/it] 25%|██▍       | 2353/9601 [2:07:49<19:28:05,  9.67s/it] 25%|██▍       | 2354/9601 [2:07:59<19:35:41,  9.73s/it] 25%|██▍       | 2355/9601 [2:08:08<19:16:54,  9.58s/it] 25%|██▍       | 2356/9601 [2:08:22<21:36:24, 10.74s/it] 25%|██▍       | 2357/9601 [2:08:32<21:38:10, 10.75s/it] 25%|██▍       | 2358/9601 [2:08:41<20:28:57, 10.18s/it] 25%|██▍       | 2359/9601 [2:08:44<15:44:09,  7.82s/it] 25%|██▍       | 2360/9601 [2:08:50<14:36:36,  7.26s/it] 25%|██▍       | 2361/9601 [2:09:01<17:12:26,  8.56s/it] 25%|██▍       | 2362/9601 [2:09:13<19:16:22,  9.58s/it] 25%|██▍       | 2363/9601 [2:09:22<19:06:14,  9.50s/it] 25%|██▍       | 2364/9601 [2:09:25<14:46:28,  7.35s/it] 25%|██▍       | 2365/9601 [2:09:26<11:12:15,  5.57s/it] 25%|██▍       | 2366/9601 [2:09:37<14:16:02,  7.10s/it] 25%|██▍       | 2367/9601 [2:09:45<14:45:17,  7.34s/it] 25%|██▍       | 2368/9601 [2:09:56<16:58:14,  8.45s/it] 25%|██▍       | 2369/9601 [2:10:06<18:03:52,  8.99s/it] 25%|██▍       | 2370/9601 [2:10:18<19:48:00,  9.86s/it] 25%|██▍       | 2371/9601 [2:10:29<20:46:10, 10.34s/it] 25%|██▍       | 2372/9601 [2:10:36<18:23:11,  9.16s/it] 25%|██▍       | 2373/9601 [2:10:48<20:00:15,  9.96s/it] 25%|██▍       | 2374/9601 [2:10:58<20:13:35, 10.08s/it] 25%|██▍       | 2375/9601 [2:11:06<18:49:45,  9.38s/it] 25%|██▍       | 2376/9601 [2:11:17<20:03:23,  9.99s/it] 25%|██▍       | 2377/9601 [2:11:28<20:19:05, 10.13s/it] 25%|██▍       | 2378/9601 [2:11:39<20:50:50, 10.39s/it] 25%|██▍       | 2379/9601 [2:11:50<21:18:48, 10.62s/it] 25%|██▍       | 2380/9601 [2:11:57<19:31:17,  9.73s/it] 25%|██▍       | 2381/9601 [2:12:11<22:04:25, 11.01s/it] 25%|██▍       | 2382/9601 [2:12:23<22:31:48, 11.24s/it] 25%|██▍       | 2383/9601 [2:12:41<26:15:28, 13.10s/it] 25%|██▍       | 2384/9601 [2:12:51<24:41:40, 12.32s/it] 25%|██▍       | 2385/9601 [2:13:04<25:15:23, 12.60s/it] 25%|██▍       | 2386/9601 [2:13:11<21:25:43, 10.69s/it] 25%|██▍       | 2387/9601 [2:13:21<21:00:34, 10.48s/it] 25%|██▍       | 2388/9601 [2:13:31<20:43:11, 10.34s/it] 25%|██▍       | 2389/9601 [2:13:44<22:34:51, 11.27s/it] 25%|██▍       | 2390/9601 [2:14:00<25:06:57, 12.54s/it] 25%|██▍       | 2391/9601 [2:14:14<26:02:41, 13.00s/it] 25%|██▍       | 2392/9601 [2:14:24<24:42:06, 12.34s/it] 25%|██▍       | 2393/9601 [2:14:33<22:43:05, 11.35s/it] 25%|██▍       | 2394/9601 [2:14:46<23:08:32, 11.56s/it] 25%|██▍       | 2395/9601 [2:14:56<22:43:43, 11.35s/it] 25%|██▍       | 2396/9601 [2:15:09<23:15:53, 11.62s/it] 25%|██▍       | 2397/9601 [2:15:16<20:37:10, 10.30s/it] 25%|██▍       | 2398/9601 [2:15:27<20:49:48, 10.41s/it] 25%|██▍       | 2399/9601 [2:15:39<22:10:42, 11.09s/it] 25%|██▍       | 2400/9601 [2:15:43<17:58:55,  8.99s/it] 25%|██▌       | 2401/9601 [2:15:46<14:22:41,  7.19s/it] 25%|██▌       | 2402/9601 [2:15:56<16:07:39,  8.06s/it] 25%|██▌       | 2403/9601 [2:16:06<17:05:48,  8.55s/it] 25%|██▌       | 2404/9601 [2:16:10<14:19:14,  7.16s/it] 25%|██▌       | 2405/9601 [2:16:20<16:04:19,  8.04s/it] 25%|██▌       | 2406/9601 [2:16:31<17:51:41,  8.94s/it] 25%|██▌       | 2407/9601 [2:16:35<14:45:58,  7.39s/it] 25%|██▌       | 2408/9601 [2:16:47<17:38:26,  8.83s/it] 25%|██▌       | 2409/9601 [2:16:58<19:03:04,  9.54s/it] 25%|██▌       | 2410/9601 [2:17:09<19:37:21,  9.82s/it] 25%|██▌       | 2411/9601 [2:17:20<20:31:52, 10.28s/it] 25%|██▌       | 2412/9601 [2:17:29<19:56:19,  9.98s/it] 25%|██▌       | 2413/9601 [2:17:40<20:13:20, 10.13s/it] 25%|██▌       | 2414/9601 [2:17:50<19:58:26, 10.01s/it] 25%|██▌       | 2415/9601 [2:18:01<20:34:48, 10.31s/it] 25%|██▌       | 2416/9601 [2:18:05<17:18:56,  8.68s/it] 25%|██▌       | 2417/9601 [2:18:14<17:02:13,  8.54s/it] 25%|██▌       | 2418/9601 [2:18:23<17:44:04,  8.89s/it] 25%|██▌       | 2419/9601 [2:18:33<18:24:30,  9.23s/it] 25%|██▌       | 2420/9601 [2:18:45<19:35:18,  9.82s/it] 25%|██▌       | 2421/9601 [2:18:59<22:28:51, 11.27s/it] 25%|██▌       | 2422/9601 [2:19:02<17:36:58,  8.83s/it] 25%|██▌       | 2423/9601 [2:19:14<19:11:25,  9.62s/it] 25%|██▌       | 2424/9601 [2:19:26<20:43:31, 10.40s/it] 25%|██▌       | 2425/9601 [2:19:33<18:45:37,  9.41s/it] 25%|██▌       | 2426/9601 [2:19:42<18:36:51,  9.34s/it] 25%|██▌       | 2427/9601 [2:19:47<15:58:31,  8.02s/it] 25%|██▌       | 2428/9601 [2:19:55<15:39:40,  7.86s/it] 25%|██▌       | 2429/9601 [2:19:58<12:41:18,  6.37s/it] 25%|██▌       | 2430/9601 [2:20:14<18:51:23,  9.47s/it] 25%|██▌       | 2431/9601 [2:20:25<19:22:12,  9.73s/it] 25%|██▌       | 2432/9601 [2:20:36<20:24:33, 10.25s/it] 25%|██▌       | 2433/9601 [2:20:47<20:42:04, 10.40s/it] 25%|██▌       | 2434/9601 [2:20:53<17:57:07,  9.02s/it] 25%|██▌       | 2435/9601 [2:20:55<13:42:59,  6.89s/it] 25%|██▌       | 2436/9601 [2:20:59<12:19:37,  6.19s/it] 25%|██▌       | 2437/9601 [2:21:21<21:34:28, 10.84s/it] 25%|██▌       | 2438/9601 [2:21:33<22:06:28, 11.11s/it] 25%|██▌       | 2439/9601 [2:21:45<22:49:38, 11.47s/it] 25%|██▌       | 2440/9601 [2:21:55<21:57:46, 11.04s/it] 25%|██▌       | 2441/9601 [2:22:08<23:02:58, 11.59s/it] 25%|██▌       | 2442/9601 [2:22:17<21:33:01, 10.84s/it] 25%|██▌       | 2443/9601 [2:22:21<17:33:19,  8.83s/it] 25%|██▌       | 2444/9601 [2:22:30<17:29:33,  8.80s/it] 25%|██▌       | 2445/9601 [2:22:39<17:37:33,  8.87s/it] 25%|██▌       | 2446/9601 [2:22:51<19:38:11,  9.88s/it] 25%|██▌       | 2447/9601 [2:23:00<19:19:45,  9.73s/it] 25%|██▌       | 2448/9601 [2:23:05<16:21:28,  8.23s/it] 26%|██▌       | 2449/9601 [2:23:18<19:18:49,  9.72s/it] 26%|██▌       | 2450/9601 [2:23:30<20:14:47, 10.19s/it] 26%|██▌       | 2451/9601 [2:23:37<18:24:35,  9.27s/it] 26%|██▌       | 2452/9601 [2:23:49<20:21:49, 10.25s/it] 26%|██▌       | 2453/9601 [2:24:01<21:04:05, 10.61s/it] 26%|██▌       | 2454/9601 [2:24:10<20:16:23, 10.21s/it] 26%|██▌       | 2455/9601 [2:24:17<18:03:39,  9.10s/it] 26%|██▌       | 2456/9601 [2:24:19<14:14:53,  7.18s/it] 26%|██▌       | 2457/9601 [2:24:31<17:13:00,  8.68s/it] 26%|██▌       | 2458/9601 [2:24:43<18:59:48,  9.57s/it] 26%|██▌       | 2459/9601 [2:24:51<17:55:04,  9.03s/it] 26%|██▌       | 2460/9601 [2:25:01<18:34:50,  9.37s/it] 26%|██▌       | 2461/9601 [2:25:04<14:30:52,  7.32s/it] 26%|██▌       | 2462/9601 [2:25:18<18:54:50,  9.54s/it] 26%|██▌       | 2463/9601 [2:25:32<21:06:32, 10.65s/it] 26%|██▌       | 2464/9601 [2:25:37<18:18:38,  9.24s/it] 26%|██▌       | 2465/9601 [2:25:51<20:43:13, 10.45s/it] 26%|██▌       | 2466/9601 [2:26:00<20:13:02, 10.20s/it] 26%|██▌       | 2467/9601 [2:26:12<21:15:00, 10.72s/it] 26%|██▌       | 2468/9601 [2:26:19<18:58:59,  9.58s/it] 26%|██▌       | 2469/9601 [2:26:28<18:40:03,  9.42s/it] 26%|██▌       | 2470/9601 [2:26:32<15:24:38,  7.78s/it] 26%|██▌       | 2471/9601 [2:26:43<17:16:24,  8.72s/it] 26%|██▌       | 2472/9601 [2:26:53<17:50:20,  9.01s/it] 26%|██▌       | 2473/9601 [2:26:59<16:19:29,  8.24s/it] 26%|██▌       | 2474/9601 [2:27:11<18:25:49,  9.31s/it] 26%|██▌       | 2475/9601 [2:27:21<18:37:25,  9.41s/it] 26%|██▌       | 2476/9601 [2:27:30<18:43:24,  9.46s/it] 26%|██▌       | 2477/9601 [2:27:40<19:01:39,  9.62s/it] 26%|██▌       | 2478/9601 [2:27:47<17:12:09,  8.69s/it] 26%|██▌       | 2479/9601 [2:28:01<20:27:13, 10.34s/it] 26%|██▌       | 2480/9601 [2:28:14<22:02:13, 11.14s/it] 26%|██▌       | 2481/9601 [2:28:23<20:50:42, 10.54s/it] 26%|██▌       | 2482/9601 [2:28:26<16:28:18,  8.33s/it] 26%|██▌       | 2483/9601 [2:28:37<18:00:54,  9.11s/it] 26%|██▌       | 2484/9601 [2:28:51<20:30:38, 10.37s/it] 26%|██▌       | 2485/9601 [2:29:04<22:04:02, 11.16s/it] 26%|██▌       | 2486/9601 [2:29:15<21:56:59, 11.11s/it] 26%|██▌       | 2487/9601 [2:29:24<20:55:35, 10.59s/it] 26%|██▌       | 2488/9601 [2:29:35<20:58:23, 10.61s/it] 26%|██▌       | 2489/9601 [2:29:44<20:12:46, 10.23s/it] 26%|██▌       | 2490/9601 [2:29:55<20:33:53, 10.41s/it] 26%|██▌       | 2491/9601 [2:30:03<19:11:17,  9.72s/it] 26%|██▌       | 2492/9601 [2:30:08<16:12:19,  8.21s/it] 26%|██▌       | 2493/9601 [2:30:19<17:49:56,  9.03s/it] 26%|██▌       | 2494/9601 [2:30:28<18:08:28,  9.19s/it] 26%|██▌       | 2495/9601 [2:30:36<17:14:20,  8.73s/it] 26%|██▌       | 2496/9601 [2:30:50<20:28:36, 10.38s/it] 26%|██▌       | 2497/9601 [2:31:04<22:35:27, 11.45s/it] 26%|██▌       | 2498/9601 [2:31:12<20:29:29, 10.39s/it] 26%|██▌       | 2499/9601 [2:31:16<16:59:23,  8.61s/it] 26%|██▌       | 2500/9601 [2:31:24<16:23:59,  8.31s/it] 26%|██▌       | 2501/9601 [2:31:28<14:02:47,  7.12s/it] 26%|██▌       | 2502/9601 [2:31:38<15:22:45,  7.80s/it] 26%|██▌       | 2503/9601 [2:31:50<18:16:08,  9.27s/it] 26%|██▌       | 2504/9601 [2:31:53<14:30:30,  7.36s/it] 26%|██▌       | 2505/9601 [2:32:00<14:08:05,  7.17s/it] 26%|██▌       | 2506/9601 [2:32:03<11:35:40,  5.88s/it] 26%|██▌       | 2507/9601 [2:32:13<14:00:14,  7.11s/it] 26%|██▌       | 2508/9601 [2:32:24<16:20:12,  8.29s/it] 26%|██▌       | 2509/9601 [2:32:33<16:48:28,  8.53s/it] 26%|██▌       | 2510/9601 [2:32:37<14:13:12,  7.22s/it] 26%|██▌       | 2511/9601 [2:32:47<15:53:44,  8.07s/it] 26%|██▌       | 2512/9601 [2:33:08<23:35:47, 11.98s/it] 26%|██▌       | 2513/9601 [2:33:18<22:02:43, 11.20s/it] 26%|██▌       | 2514/9601 [2:33:29<22:08:05, 11.24s/it] 26%|██▌       | 2515/9601 [2:33:38<20:49:25, 10.58s/it] 26%|██▌       | 2516/9601 [2:33:48<20:31:00, 10.42s/it] 26%|██▌       | 2517/9601 [2:33:59<20:50:34, 10.59s/it] 26%|██▌       | 2518/9601 [2:34:12<22:17:40, 11.33s/it] 26%|██▌       | 2519/9601 [2:34:24<22:39:22, 11.52s/it] 26%|██▌       | 2520/9601 [2:34:35<22:27:42, 11.42s/it] 26%|██▋       | 2521/9601 [2:34:47<22:25:27, 11.40s/it] 26%|██▋       | 2522/9601 [2:34:49<16:49:24,  8.56s/it] 26%|██▋       | 2523/9601 [2:34:58<17:15:32,  8.78s/it] 26%|██▋       | 2524/9601 [2:35:11<19:42:42, 10.03s/it] 26%|██▋       | 2525/9601 [2:35:22<20:28:26, 10.42s/it] 26%|██▋       | 2526/9601 [2:35:35<21:39:29, 11.02s/it] 26%|██▋       | 2527/9601 [2:35:42<19:49:36, 10.09s/it] 26%|██▋       | 2528/9601 [2:35:50<18:26:57,  9.39s/it] 26%|██▋       | 2529/9601 [2:36:00<18:47:59,  9.57s/it] 26%|██▋       | 2530/9601 [2:36:13<20:33:15, 10.46s/it] 26%|██▋       | 2531/9601 [2:36:22<19:57:37, 10.16s/it] 26%|██▋       | 2532/9601 [2:36:27<16:48:11,  8.56s/it] 26%|██▋       | 2533/9601 [2:36:35<16:28:59,  8.40s/it] 26%|██▋       | 2534/9601 [2:36:45<17:34:51,  8.96s/it] 26%|██▋       | 2535/9601 [2:36:59<20:15:41, 10.32s/it] 26%|██▋       | 2536/9601 [2:37:10<20:45:23, 10.58s/it] 26%|██▋       | 2537/9601 [2:37:16<17:53:49,  9.12s/it] 26%|██▋       | 2538/9601 [2:37:28<19:41:50, 10.04s/it] 26%|██▋       | 2539/9601 [2:37:36<18:46:40,  9.57s/it] 26%|██▋       | 2540/9601 [2:37:48<20:16:39, 10.34s/it] 26%|██▋       | 2541/9601 [2:37:59<20:10:26, 10.29s/it] 26%|██▋       | 2542/9601 [2:38:09<20:12:11, 10.30s/it] 26%|██▋       | 2543/9601 [2:38:20<20:40:07, 10.54s/it] 26%|██▋       | 2544/9601 [2:38:31<20:59:39, 10.71s/it] 27%|██▋       | 2545/9601 [2:38:45<22:34:02, 11.51s/it] 27%|██▋       | 2546/9601 [2:38:48<17:31:16,  8.94s/it] 27%|██▋       | 2547/9601 [2:38:54<16:09:25,  8.25s/it] 27%|██▋       | 2548/9601 [2:38:56<12:40:05,  6.47s/it] 27%|██▋       | 2549/9601 [2:39:03<12:53:03,  6.58s/it] 27%|██▋       | 2550/9601 [2:39:14<15:04:50,  7.70s/it] 27%|██▋       | 2551/9601 [2:39:21<15:03:43,  7.69s/it] 27%|██▋       | 2552/9601 [2:39:34<17:47:13,  9.08s/it] 27%|██▋       | 2553/9601 [2:39:45<19:01:33,  9.72s/it] 27%|██▋       | 2554/9601 [2:39:57<20:23:15, 10.42s/it] 27%|██▋       | 2555/9601 [2:40:09<21:28:30, 10.97s/it] 27%|██▋       | 2556/9601 [2:40:15<18:27:50,  9.44s/it] 27%|██▋       | 2557/9601 [2:40:22<17:06:04,  8.74s/it] 27%|██▋       | 2558/9601 [2:40:30<16:36:42,  8.49s/it] 27%|██▋       | 2559/9601 [2:40:41<17:50:40,  9.12s/it] 27%|██▋       | 2560/9601 [2:40:52<18:53:19,  9.66s/it] 27%|██▋       | 2561/9601 [2:41:04<20:36:36, 10.54s/it] 27%|██▋       | 2562/9601 [2:41:13<19:38:14, 10.04s/it] 27%|██▋       | 2563/9601 [2:41:16<15:26:12,  7.90s/it] 27%|██▋       | 2564/9601 [2:41:28<18:04:22,  9.25s/it] 27%|██▋       | 2565/9601 [2:41:36<17:22:32,  8.89s/it] 27%|██▋       | 2566/9601 [2:41:46<17:40:57,  9.05s/it] 27%|██▋       | 2567/9601 [2:41:58<19:15:25,  9.86s/it] 27%|██▋       | 2568/9601 [2:42:10<20:35:54, 10.54s/it] 27%|██▋       | 2569/9601 [2:42:20<20:38:50, 10.57s/it] 27%|██▋       | 2570/9601 [2:42:39<25:30:56, 13.06s/it] 27%|██▋       | 2571/9601 [2:42:43<19:58:05, 10.23s/it] 27%|██▋       | 2572/9601 [2:42:53<19:50:13, 10.16s/it] 27%|██▋       | 2573/9601 [2:43:00<18:19:58,  9.39s/it] 27%|██▋       | 2574/9601 [2:43:12<19:32:29, 10.01s/it] 27%|██▋       | 2575/9601 [2:43:17<16:57:56,  8.69s/it] 27%|██▋       | 2576/9601 [2:43:28<18:07:44,  9.29s/it] 27%|██▋       | 2577/9601 [2:43:41<20:03:26, 10.28s/it] 27%|██▋       | 2578/9601 [2:43:54<21:49:38, 11.19s/it] 27%|██▋       | 2579/9601 [2:44:04<21:12:18, 10.87s/it] 27%|██▋       | 2580/9601 [2:44:15<21:11:01, 10.86s/it] 27%|██▋       | 2581/9601 [2:44:27<22:03:31, 11.31s/it] 27%|██▋       | 2582/9601 [2:44:33<18:47:13,  9.64s/it] 27%|██▋       | 2583/9601 [2:44:43<19:11:20,  9.84s/it] 27%|██▋       | 2584/9601 [2:44:53<19:09:09,  9.83s/it] 27%|██▋       | 2585/9601 [2:45:08<21:59:39, 11.29s/it] 27%|██▋       | 2586/9601 [2:45:20<22:35:10, 11.59s/it] 27%|██▋       | 2587/9601 [2:45:32<22:36:55, 11.61s/it] 27%|██▋       | 2588/9601 [2:45:38<19:20:47,  9.93s/it] 27%|██▋       | 2589/9601 [2:45:50<20:26:01, 10.49s/it] 27%|██▋       | 2590/9601 [2:46:02<21:35:25, 11.09s/it] 27%|██▋       | 2591/9601 [2:46:14<22:15:18, 11.43s/it] 27%|██▋       | 2592/9601 [2:46:25<21:43:49, 11.16s/it] 27%|██▋       | 2593/9601 [2:46:40<23:44:28, 12.20s/it] 27%|██▋       | 2594/9601 [2:46:49<21:57:08, 11.28s/it] 27%|██▋       | 2595/9601 [2:47:00<22:03:46, 11.34s/it] 27%|██▋       | 2596/9601 [2:47:12<22:13:59, 11.43s/it] 27%|██▋       | 2597/9601 [2:47:13<16:31:16,  8.49s/it] 27%|██▋       | 2598/9601 [2:47:26<18:41:41,  9.61s/it] 27%|██▋       | 2599/9601 [2:47:36<19:09:31,  9.85s/it] 27%|██▋       | 2600/9601 [2:47:40<15:52:00,  8.16s/it] 27%|██▋       | 2601/9601 [2:47:52<18:12:16,  9.36s/it] 27%|██▋       | 2602/9601 [2:48:02<18:06:51,  9.32s/it] 27%|██▋       | 2603/9601 [2:48:09<16:47:52,  8.64s/it] 27%|██▋       | 2604/9601 [2:48:20<18:13:06,  9.37s/it] 27%|██▋       | 2605/9601 [2:48:32<19:43:52, 10.15s/it] 27%|██▋       | 2606/9601 [2:48:43<20:14:46, 10.42s/it] 27%|██▋       | 2607/9601 [2:48:52<19:29:57, 10.04s/it] 27%|██▋       | 2608/9601 [2:49:07<22:28:07, 11.57s/it] 27%|██▋       | 2609/9601 [2:49:10<17:37:37,  9.08s/it] 27%|██▋       | 2610/9601 [2:49:17<16:12:39,  8.35s/it] 27%|██▋       | 2611/9601 [2:49:20<13:02:26,  6.72s/it] 27%|██▋       | 2612/9601 [2:49:30<15:06:58,  7.79s/it] 27%|██▋       | 2613/9601 [2:49:37<14:30:45,  7.48s/it] 27%|██▋       | 2614/9601 [2:49:45<15:02:49,  7.75s/it] 27%|██▋       | 2615/9601 [2:49:54<15:50:32,  8.16s/it] 27%|██▋       | 2616/9601 [2:49:56<11:42:58,  6.04s/it] 27%|██▋       | 2617/9601 [2:50:03<12:19:10,  6.35s/it] 27%|██▋       | 2618/9601 [2:50:13<14:34:23,  7.51s/it] 27%|██▋       | 2619/9601 [2:50:26<17:43:31,  9.14s/it] 27%|██▋       | 2620/9601 [2:50:36<18:32:19,  9.56s/it] 27%|██▋       | 2621/9601 [2:50:47<19:24:30, 10.01s/it] 27%|██▋       | 2622/9601 [2:51:01<21:43:51, 11.21s/it] 27%|██▋       | 2623/9601 [2:51:13<22:08:02, 11.42s/it] 27%|██▋       | 2624/9601 [2:51:23<21:00:33, 10.84s/it] 27%|██▋       | 2625/9601 [2:51:32<19:53:07, 10.26s/it] 27%|██▋       | 2626/9601 [2:51:45<21:29:00, 11.09s/it] 27%|██▋       | 2627/9601 [2:51:54<20:39:08, 10.66s/it] 27%|██▋       | 2628/9601 [2:52:09<22:53:01, 11.81s/it] 27%|██▋       | 2629/9601 [2:52:18<21:08:20, 10.92s/it] 27%|██▋       | 2630/9601 [2:52:29<21:18:24, 11.00s/it] 27%|██▋       | 2631/9601 [2:52:39<20:48:28, 10.75s/it] 27%|██▋       | 2632/9601 [2:52:49<20:30:12, 10.59s/it] 27%|██▋       | 2633/9601 [2:53:00<20:38:36, 10.67s/it] 27%|██▋       | 2634/9601 [2:53:10<20:18:26, 10.49s/it] 27%|██▋       | 2635/9601 [2:53:16<17:49:36,  9.21s/it] 27%|██▋       | 2636/9601 [2:53:20<14:43:14,  7.61s/it] 27%|██▋       | 2637/9601 [2:53:35<18:32:57,  9.59s/it] 27%|██▋       | 2638/9601 [2:53:41<16:35:53,  8.58s/it] 27%|██▋       | 2639/9601 [2:53:52<18:16:17,  9.45s/it] 27%|██▋       | 2640/9601 [2:53:57<15:23:53,  7.96s/it] 28%|██▊       | 2641/9601 [2:54:11<18:52:15,  9.76s/it] 28%|██▊       | 2642/9601 [2:54:22<19:35:24, 10.13s/it] 28%|██▊       | 2643/9601 [2:54:33<20:19:35, 10.52s/it] 28%|██▊       | 2644/9601 [2:54:46<21:41:49, 11.23s/it] 28%|██▊       | 2645/9601 [2:54:55<20:21:14, 10.53s/it] 28%|██▊       | 2646/9601 [2:55:07<21:15:43, 11.01s/it] 28%|██▊       | 2647/9601 [2:55:17<20:34:58, 10.66s/it] 28%|██▊       | 2648/9601 [2:55:28<21:07:37, 10.94s/it] 28%|██▊       | 2649/9601 [2:55:38<20:08:29, 10.43s/it] 28%|██▊       | 2650/9601 [2:55:51<21:57:58, 11.38s/it] 28%|██▊       | 2651/9601 [2:55:58<19:24:25, 10.05s/it] 28%|██▊       | 2652/9601 [2:56:10<20:39:38, 10.70s/it] 28%|██▊       | 2653/9601 [2:56:23<21:43:20, 11.26s/it] 28%|██▊       | 2654/9601 [2:56:34<21:24:09, 11.09s/it] 28%|██▊       | 2655/9601 [2:56:40<18:52:18,  9.78s/it] 28%|██▊       | 2656/9601 [2:56:51<19:16:25,  9.99s/it] 28%|██▊       | 2657/9601 [2:57:06<22:17:02, 11.55s/it] 28%|██▊       | 2658/9601 [2:57:19<23:17:43, 12.08s/it] 28%|██▊       | 2659/9601 [2:57:25<19:32:58, 10.14s/it] 28%|██▊       | 2660/9601 [2:57:36<20:04:36, 10.41s/it] 28%|██▊       | 2661/9601 [2:57:38<15:16:28,  7.92s/it] 28%|██▊       | 2662/9601 [2:57:48<16:14:13,  8.42s/it] 28%|██▊       | 2663/9601 [2:57:57<16:31:31,  8.57s/it] 28%|██▊       | 2664/9601 [2:58:06<16:56:58,  8.80s/it] 28%|██▊       | 2665/9601 [2:58:14<16:14:29,  8.43s/it] 28%|██▊       | 2666/9601 [2:58:24<17:19:36,  8.99s/it] 28%|██▊       | 2667/9601 [2:58:29<15:13:59,  7.91s/it] 28%|██▊       | 2668/9601 [2:58:40<16:40:26,  8.66s/it] 28%|██▊       | 2669/9601 [2:58:46<15:31:55,  8.07s/it] 28%|██▊       | 2670/9601 [2:58:56<16:18:30,  8.47s/it] 28%|██▊       | 2671/9601 [2:59:06<17:11:41,  8.93s/it] 28%|██▊       | 2672/9601 [2:59:19<19:48:37, 10.29s/it] 28%|██▊       | 2673/9601 [2:59:30<20:16:29, 10.54s/it] 28%|██▊       | 2674/9601 [2:59:36<17:40:08,  9.18s/it] 28%|██▊       | 2675/9601 [2:59:45<17:12:32,  8.94s/it] 28%|██▊       | 2676/9601 [2:59:59<20:08:24, 10.47s/it] 28%|██▊       | 2677/9601 [3:00:05<17:34:47,  9.14s/it] 28%|██▊       | 2678/9601 [3:00:17<19:28:17, 10.13s/it] 28%|██▊       | 2679/9601 [3:00:20<15:10:46,  7.89s/it] 28%|██▊       | 2680/9601 [3:00:24<12:47:30,  6.65s/it] 28%|██▊       | 2681/9601 [3:00:32<13:56:39,  7.25s/it] 28%|██▊       | 2682/9601 [3:00:38<13:17:26,  6.92s/it] 28%|██▊       | 2683/9601 [3:01:01<22:14:19, 11.57s/it] 28%|██▊       | 2684/9601 [3:01:08<19:31:32, 10.16s/it] 28%|██▊       | 2685/9601 [3:01:20<20:54:39, 10.88s/it] 28%|██▊       | 2686/9601 [3:01:29<19:52:28, 10.35s/it] 28%|██▊       | 2687/9601 [3:01:40<20:00:13, 10.42s/it] 28%|██▊       | 2688/9601 [3:01:51<20:27:03, 10.65s/it] 28%|██▊       | 2689/9601 [3:01:55<16:12:47,  8.44s/it] 28%|██▊       | 2690/9601 [3:02:04<16:43:24,  8.71s/it] 28%|██▊       | 2691/9601 [3:02:13<17:12:38,  8.97s/it] 28%|██▊       | 2692/9601 [3:02:21<16:22:12,  8.53s/it] 28%|██▊       | 2693/9601 [3:02:31<17:08:12,  8.93s/it] 28%|██▊       | 2694/9601 [3:02:40<17:20:05,  9.04s/it] 28%|██▊       | 2695/9601 [3:02:48<16:51:40,  8.79s/it] 28%|██▊       | 2696/9601 [3:02:57<16:56:39,  8.83s/it] 28%|██▊       | 2697/9601 [3:03:08<18:06:08,  9.44s/it] 28%|██▊       | 2698/9601 [3:03:20<19:19:15, 10.08s/it] 28%|██▊       | 2699/9601 [3:03:31<20:00:14, 10.43s/it] 28%|██▊       | 2700/9601 [3:03:44<21:17:30, 11.11s/it] 28%|██▊       | 2701/9601 [3:03:46<16:30:52,  8.62s/it] 28%|██▊       | 2702/9601 [3:03:53<15:07:51,  7.90s/it] 28%|██▊       | 2703/9601 [3:04:08<19:32:04, 10.19s/it] 28%|██▊       | 2704/9601 [3:04:16<17:58:25,  9.38s/it] 28%|██▊       | 2705/9601 [3:04:17<13:23:40,  6.99s/it] 28%|██▊       | 2706/9601 [3:04:28<15:48:12,  8.25s/it] 28%|██▊       | 2707/9601 [3:04:37<16:09:18,  8.44s/it] 28%|██▊       | 2708/9601 [3:04:46<16:32:39,  8.64s/it] 28%|██▊       | 2709/9601 [3:04:54<16:12:26,  8.47s/it] 28%|██▊       | 2710/9601 [3:05:01<15:23:43,  8.04s/it] 28%|██▊       | 2711/9601 [3:05:07<13:59:34,  7.31s/it] 28%|██▊       | 2712/9601 [3:05:17<15:33:28,  8.13s/it] 28%|██▊       | 2713/9601 [3:05:29<17:45:44,  9.28s/it] 28%|██▊       | 2714/9601 [3:05:35<15:58:32,  8.35s/it] 28%|██▊       | 2715/9601 [3:05:45<16:50:46,  8.81s/it] 28%|██▊       | 2716/9601 [3:05:54<16:42:11,  8.73s/it] 28%|██▊       | 2717/9601 [3:06:03<17:08:30,  8.96s/it] 28%|██▊       | 2718/9601 [3:06:14<18:25:15,  9.63s/it] 28%|██▊       | 2719/9601 [3:06:26<19:35:25, 10.25s/it] 28%|██▊       | 2720/9601 [3:06:37<20:05:51, 10.51s/it] 28%|██▊       | 2721/9601 [3:06:48<20:08:55, 10.54s/it] 28%|██▊       | 2722/9601 [3:06:57<19:36:16, 10.26s/it] 28%|██▊       | 2723/9601 [3:07:12<22:15:04, 11.65s/it] 28%|██▊       | 2724/9601 [3:07:23<21:42:53, 11.37s/it] 28%|██▊       | 2725/9601 [3:07:26<16:57:06,  8.88s/it] 28%|██▊       | 2726/9601 [3:07:36<17:34:14,  9.20s/it] 28%|██▊       | 2727/9601 [3:07:47<18:45:22,  9.82s/it] 28%|██▊       | 2728/9601 [3:08:02<21:35:20, 11.31s/it] 28%|██▊       | 2729/9601 [3:08:12<20:58:59, 10.99s/it] 28%|██▊       | 2730/9601 [3:08:23<20:50:53, 10.92s/it] 28%|██▊       | 2731/9601 [3:08:34<20:45:48, 10.88s/it] 28%|██▊       | 2732/9601 [3:08:43<19:56:00, 10.45s/it] 28%|██▊       | 2733/9601 [3:08:54<19:50:36, 10.40s/it] 28%|██▊       | 2734/9601 [3:08:58<16:39:30,  8.73s/it] 28%|██▊       | 2735/9601 [3:09:10<18:05:48,  9.49s/it] 28%|██▊       | 2736/9601 [3:09:21<19:02:59,  9.99s/it] 29%|██▊       | 2737/9601 [3:09:22<14:05:23,  7.39s/it] 29%|██▊       | 2738/9601 [3:09:39<19:23:32, 10.17s/it] 29%|██▊       | 2739/9601 [3:09:45<17:18:39,  9.08s/it] 29%|██▊       | 2740/9601 [3:10:00<20:15:42, 10.63s/it] 29%|██▊       | 2741/9601 [3:10:05<17:15:16,  9.05s/it] 29%|██▊       | 2742/9601 [3:10:16<18:09:26,  9.53s/it] 29%|██▊       | 2743/9601 [3:10:27<19:22:12, 10.17s/it] 29%|██▊       | 2744/9601 [3:10:30<15:11:42,  7.98s/it] 29%|██▊       | 2745/9601 [3:10:43<18:00:44,  9.46s/it] 29%|██▊       | 2746/9601 [3:10:48<15:42:21,  8.25s/it] 29%|██▊       | 2747/9601 [3:10:59<16:48:03,  8.82s/it] 29%|██▊       | 2748/9601 [3:11:12<19:41:16, 10.34s/it] 29%|██▊       | 2749/9601 [3:11:23<19:48:47, 10.41s/it] 29%|██▊       | 2750/9601 [3:11:34<20:11:32, 10.61s/it] 29%|██▊       | 2751/9601 [3:11:45<20:27:12, 10.75s/it] 29%|██▊       | 2752/9601 [3:11:49<16:12:43,  8.52s/it] 29%|██▊       | 2753/9601 [3:11:59<17:34:49,  9.24s/it] 29%|██▊       | 2754/9601 [3:12:02<13:49:24,  7.27s/it] 29%|██▊       | 2755/9601 [3:12:09<13:33:31,  7.13s/it] 29%|██▊       | 2756/9601 [3:12:15<13:02:00,  6.85s/it] 29%|██▊       | 2757/9601 [3:12:29<16:57:28,  8.92s/it] 29%|██▊       | 2758/9601 [3:12:41<18:36:21,  9.79s/it] 29%|██▊       | 2759/9601 [3:12:53<20:01:56, 10.54s/it] 29%|██▊       | 2760/9601 [3:13:03<19:49:14, 10.43s/it] 29%|██▉       | 2761/9601 [3:13:15<20:39:03, 10.87s/it] 29%|██▉       | 2762/9601 [3:13:27<21:20:30, 11.23s/it] 29%|██▉       | 2763/9601 [3:13:37<20:40:15, 10.88s/it] 29%|██▉       | 2764/9601 [3:13:49<21:19:41, 11.23s/it] 29%|██▉       | 2765/9601 [3:14:02<22:14:55, 11.72s/it] 29%|██▉       | 2766/9601 [3:14:14<22:25:50, 11.81s/it] 29%|██▉       | 2767/9601 [3:14:22<20:16:46, 10.68s/it] 29%|██▉       | 2768/9601 [3:14:27<16:43:57,  8.82s/it] 29%|██▉       | 2769/9601 [3:14:32<14:59:24,  7.90s/it] 29%|██▉       | 2770/9601 [3:14:43<16:33:29,  8.73s/it] 29%|██▉       | 2771/9601 [3:14:53<17:05:46,  9.01s/it] 29%|██▉       | 2772/9601 [3:15:03<17:41:38,  9.33s/it] 29%|██▉       | 2773/9601 [3:15:14<18:39:37,  9.84s/it] 29%|██▉       | 2774/9601 [3:15:25<19:20:53, 10.20s/it] 29%|██▉       | 2775/9601 [3:15:32<17:36:29,  9.29s/it] 29%|██▉       | 2776/9601 [3:15:43<18:48:54,  9.92s/it] 29%|██▉       | 2777/9601 [3:15:54<19:01:47, 10.04s/it] 29%|██▉       | 2778/9601 [3:16:10<22:31:47, 11.89s/it] 29%|██▉       | 2779/9601 [3:16:19<21:01:35, 11.10s/it] 29%|██▉       | 2780/9601 [3:16:31<21:26:49, 11.32s/it] 29%|██▉       | 2781/9601 [3:16:35<17:02:28,  9.00s/it] 29%|██▉       | 2782/9601 [3:16:40<15:09:47,  8.01s/it] 29%|██▉       | 2783/9601 [3:16:52<17:08:35,  9.05s/it] 29%|██▉       | 2784/9601 [3:16:59<15:54:23,  8.40s/it] 29%|██▉       | 2785/9601 [3:17:10<17:23:42,  9.19s/it] 29%|██▉       | 2786/9601 [3:17:13<14:06:36,  7.45s/it] 29%|██▉       | 2787/9601 [3:17:20<13:31:37,  7.15s/it] 29%|██▉       | 2788/9601 [3:17:32<16:48:48,  8.88s/it] 29%|██▉       | 2789/9601 [3:17:43<17:53:55,  9.46s/it] 29%|██▉       | 2790/9601 [3:17:55<19:17:17, 10.19s/it] 29%|██▉       | 2791/9601 [3:18:00<16:23:37,  8.67s/it] 29%|██▉       | 2792/9601 [3:18:05<14:24:55,  7.62s/it] 29%|██▉       | 2793/9601 [3:18:14<15:10:26,  8.02s/it] 29%|██▉       | 2794/9601 [3:18:24<15:57:04,  8.44s/it] 29%|██▉       | 2795/9601 [3:18:35<17:25:00,  9.21s/it] 29%|██▉       | 2796/9601 [3:18:48<19:24:46, 10.27s/it] 29%|██▉       | 2797/9601 [3:18:56<18:14:59,  9.66s/it] 29%|██▉       | 2798/9601 [3:19:01<15:54:54,  8.42s/it] 29%|██▉       | 2799/9601 [3:19:11<16:27:34,  8.71s/it] 29%|██▉       | 2800/9601 [3:19:21<17:22:46,  9.20s/it] 29%|██▉       | 2801/9601 [3:19:30<17:18:41,  9.16s/it] 29%|██▉       | 2802/9601 [3:19:39<17:20:57,  9.19s/it] 29%|██▉       | 2803/9601 [3:19:50<17:53:37,  9.48s/it] 29%|██▉       | 2804/9601 [3:19:59<18:10:10,  9.62s/it] 29%|██▉       | 2805/9601 [3:20:08<17:36:22,  9.33s/it] 29%|██▉       | 2806/9601 [3:20:19<18:31:46,  9.82s/it] 29%|██▉       | 2807/9601 [3:20:29<18:23:17,  9.74s/it] 29%|██▉       | 2808/9601 [3:20:35<16:24:07,  8.69s/it] 29%|██▉       | 2809/9601 [3:20:39<14:02:44,  7.44s/it] 29%|██▉       | 2810/9601 [3:20:48<14:25:52,  7.65s/it] 29%|██▉       | 2811/9601 [3:21:01<17:32:53,  9.30s/it] 29%|██▉       | 2812/9601 [3:21:06<15:04:28,  7.99s/it] 29%|██▉       | 2813/9601 [3:21:16<16:15:31,  8.62s/it] 29%|██▉       | 2814/9601 [3:21:24<16:11:41,  8.59s/it] 29%|██▉       | 2815/9601 [3:21:30<14:31:40,  7.71s/it] 29%|██▉       | 2816/9601 [3:21:41<16:13:59,  8.61s/it] 29%|██▉       | 2817/9601 [3:21:51<17:26:49,  9.26s/it] 29%|██▉       | 2818/9601 [3:22:04<19:15:32, 10.22s/it] 29%|██▉       | 2819/9601 [3:22:13<18:37:15,  9.88s/it] 29%|██▉       | 2820/9601 [3:22:24<19:21:59, 10.28s/it] 29%|██▉       | 2821/9601 [3:22:30<16:45:53,  8.90s/it] 29%|██▉       | 2822/9601 [3:22:44<19:54:17, 10.57s/it] 29%|██▉       | 2823/9601 [3:22:47<15:31:56,  8.25s/it] 29%|██▉       | 2824/9601 [3:22:56<15:48:45,  8.40s/it] 29%|██▉       | 2825/9601 [3:23:07<17:34:07,  9.33s/it] 29%|██▉       | 2826/9601 [3:23:14<16:00:20,  8.50s/it] 29%|██▉       | 2827/9601 [3:23:20<14:28:59,  7.70s/it] 29%|██▉       | 2828/9601 [3:23:31<16:22:08,  8.70s/it] 29%|██▉       | 2829/9601 [3:23:38<15:38:45,  8.32s/it] 29%|██▉       | 2830/9601 [3:23:49<17:13:21,  9.16s/it] 29%|██▉       | 2831/9601 [3:24:00<17:53:13,  9.51s/it] 29%|██▉       | 2832/9601 [3:24:08<17:15:19,  9.18s/it] 30%|██▉       | 2833/9601 [3:24:17<17:03:17,  9.07s/it] 30%|██▉       | 2834/9601 [3:24:27<17:27:19,  9.29s/it] 30%|██▉       | 2835/9601 [3:24:37<17:54:19,  9.53s/it] 30%|██▉       | 2836/9601 [3:24:47<18:03:58,  9.61s/it] 30%|██▉       | 2837/9601 [3:24:55<17:23:04,  9.25s/it] 30%|██▉       | 2838/9601 [3:24:58<14:03:23,  7.48s/it] 30%|██▉       | 2839/9601 [3:25:09<15:37:09,  8.32s/it] 30%|██▉       | 2840/9601 [3:25:17<15:28:20,  8.24s/it] 30%|██▉       | 2841/9601 [3:25:19<11:58:29,  6.38s/it] 30%|██▉       | 2842/9601 [3:25:31<15:20:38,  8.17s/it] 30%|██▉       | 2843/9601 [3:25:41<16:14:40,  8.65s/it] 30%|██▉       | 2844/9601 [3:25:51<17:02:32,  9.08s/it] 30%|██▉       | 2845/9601 [3:26:01<17:24:39,  9.28s/it] 30%|██▉       | 2846/9601 [3:26:04<14:00:41,  7.47s/it] 30%|██▉       | 2847/9601 [3:26:16<16:22:42,  8.73s/it] 30%|██▉       | 2848/9601 [3:26:28<18:30:29,  9.87s/it] 30%|██▉       | 2849/9601 [3:26:41<19:57:42, 10.64s/it] 30%|██▉       | 2850/9601 [3:26:50<19:11:08, 10.23s/it] 30%|██▉       | 2851/9601 [3:27:01<19:41:40, 10.50s/it] 30%|██▉       | 2852/9601 [3:27:10<18:57:03, 10.11s/it] 30%|██▉       | 2853/9601 [3:27:21<19:09:34, 10.22s/it] 30%|██▉       | 2854/9601 [3:27:32<19:42:03, 10.51s/it] 30%|██▉       | 2855/9601 [3:27:45<21:21:03, 11.39s/it] 30%|██▉       | 2856/9601 [3:27:50<17:39:51,  9.43s/it] 30%|██▉       | 2857/9601 [3:28:04<19:58:46, 10.67s/it] 30%|██▉       | 2858/9601 [3:28:07<15:56:11,  8.51s/it] 30%|██▉       | 2859/9601 [3:28:18<17:02:32,  9.10s/it] 30%|██▉       | 2860/9601 [3:28:28<17:44:37,  9.48s/it] 30%|██▉       | 2861/9601 [3:28:34<15:33:33,  8.31s/it] 30%|██▉       | 2862/9601 [3:28:38<13:17:09,  7.10s/it] 30%|██▉       | 2863/9601 [3:28:50<16:08:30,  8.62s/it] 30%|██▉       | 2864/9601 [3:29:01<17:25:43,  9.31s/it] 30%|██▉       | 2865/9601 [3:29:12<18:28:27,  9.87s/it] 30%|██▉       | 2866/9601 [3:29:19<16:55:12,  9.04s/it] 30%|██▉       | 2867/9601 [3:29:30<17:37:01,  9.42s/it] 30%|██▉       | 2868/9601 [3:29:43<19:41:58, 10.53s/it] 30%|██▉       | 2869/9601 [3:29:53<19:48:11, 10.59s/it] 30%|██▉       | 2870/9601 [3:30:02<18:47:39, 10.05s/it] 30%|██▉       | 2871/9601 [3:30:12<18:37:53,  9.97s/it] 30%|██▉       | 2872/9601 [3:30:25<20:05:24, 10.75s/it] 30%|██▉       | 2873/9601 [3:30:34<19:12:42, 10.28s/it] 30%|██▉       | 2874/9601 [3:30:45<19:37:57, 10.51s/it] 30%|██▉       | 2875/9601 [3:30:56<19:45:08, 10.57s/it] 30%|██▉       | 2876/9601 [3:31:02<17:18:08,  9.26s/it] 30%|██▉       | 2877/9601 [3:31:14<18:48:06, 10.07s/it] 30%|██▉       | 2878/9601 [3:31:20<16:35:06,  8.88s/it] 30%|██▉       | 2879/9601 [3:31:23<13:33:36,  7.26s/it] 30%|██▉       | 2880/9601 [3:31:33<14:41:06,  7.87s/it] 30%|███       | 2881/9601 [3:31:44<16:52:28,  9.04s/it] 30%|███       | 2882/9601 [3:31:47<13:25:34,  7.19s/it] 30%|███       | 2883/9601 [3:32:05<19:11:52, 10.29s/it] 30%|███       | 2884/9601 [3:32:14<18:24:19,  9.86s/it] 30%|███       | 2885/9601 [3:32:15<13:31:42,  7.25s/it] 30%|███       | 2886/9601 [3:32:22<13:23:21,  7.18s/it] 30%|███       | 2887/9601 [3:32:32<14:55:53,  8.01s/it] 30%|███       | 2888/9601 [3:32:36<12:52:05,  6.90s/it] 30%|███       | 2889/9601 [3:32:50<16:54:16,  9.07s/it] 30%|███       | 2890/9601 [3:32:58<15:59:23,  8.58s/it] 30%|███       | 2891/9601 [3:33:08<16:50:25,  9.04s/it] 30%|███       | 2892/9601 [3:33:22<19:42:56, 10.58s/it] 30%|███       | 2893/9601 [3:34:08<39:51:04, 21.39s/it] 30%|███       | 2894/9601 [3:34:14<31:09:05, 16.72s/it] 30%|███       | 2895/9601 [3:34:24<27:01:21, 14.51s/it] 30%|███       | 2896/9601 [3:34:34<24:52:00, 13.35s/it] 30%|███       | 2897/9601 [3:34:44<22:45:34, 12.22s/it] 30%|███       | 2898/9601 [3:35:00<24:45:05, 13.29s/it] 30%|███       | 2899/9601 [3:35:11<23:43:04, 12.74s/it] 30%|███       | 2900/9601 [3:35:14<18:02:34,  9.69s/it] 30%|███       | 2901/9601 [3:35:16<14:03:16,  7.55s/it] 30%|███       | 2902/9601 [3:35:23<13:33:03,  7.28s/it] 30%|███       | 2903/9601 [3:35:34<15:30:52,  8.34s/it] 30%|███       | 2904/9601 [3:35:42<15:27:09,  8.31s/it] 30%|███       | 2905/9601 [3:35:53<16:45:04,  9.01s/it] 30%|███       | 2906/9601 [3:36:02<16:57:47,  9.12s/it] 30%|███       | 2907/9601 [3:36:05<13:38:26,  7.34s/it] 30%|███       | 2908/9601 [3:36:16<15:44:39,  8.47s/it] 30%|███       | 2909/9601 [3:36:27<17:13:42,  9.27s/it] 30%|███       | 2910/9601 [3:36:30<13:39:17,  7.35s/it] 30%|███       | 2911/9601 [3:36:38<13:55:19,  7.49s/it] 30%|███       | 2912/9601 [3:36:48<15:05:23,  8.12s/it] 30%|███       | 2913/9601 [3:36:58<16:04:42,  8.65s/it] 30%|███       | 2914/9601 [3:37:12<19:33:10, 10.53s/it] 30%|███       | 2915/9601 [3:37:17<16:22:11,  8.81s/it] 30%|███       | 2916/9601 [3:37:24<15:26:14,  8.31s/it] 30%|███       | 2917/9601 [3:37:37<17:57:02,  9.67s/it] 30%|███       | 2918/9601 [3:37:39<13:41:43,  7.38s/it] 30%|███       | 2919/9601 [3:37:59<20:39:50, 11.13s/it] 30%|███       | 2920/9601 [3:38:13<22:05:08, 11.90s/it] 30%|███       | 2921/9601 [3:38:17<17:56:40,  9.67s/it] 30%|███       | 2922/9601 [3:38:28<18:20:09,  9.88s/it] 30%|███       | 2923/9601 [3:38:41<20:10:19, 10.87s/it] 30%|███       | 2924/9601 [3:38:53<20:41:57, 11.16s/it] 30%|███       | 2925/9601 [3:38:59<17:52:19,  9.64s/it] 30%|███       | 2926/9601 [3:39:07<17:18:27,  9.33s/it] 30%|███       | 2927/9601 [3:39:16<16:39:03,  8.98s/it] 30%|███       | 2928/9601 [3:39:26<17:21:36,  9.37s/it] 31%|███       | 2929/9601 [3:39:36<17:43:00,  9.56s/it] 31%|███       | 2930/9601 [3:39:55<22:59:20, 12.41s/it] 31%|███       | 2931/9601 [3:39:58<17:36:00,  9.50s/it] 31%|███       | 2932/9601 [3:40:00<13:32:30,  7.31s/it] 31%|███       | 2933/9601 [3:40:10<15:00:26,  8.10s/it] 31%|███       | 2934/9601 [3:40:20<16:11:01,  8.74s/it] 31%|███       | 2935/9601 [3:40:31<17:30:53,  9.46s/it] 31%|███       | 2936/9601 [3:40:41<17:34:50,  9.50s/it] 31%|███       | 2937/9601 [3:40:52<18:36:56, 10.06s/it] 31%|███       | 2938/9601 [3:41:03<19:05:51, 10.32s/it] 31%|███       | 2939/9601 [3:41:11<17:49:15,  9.63s/it] 31%|███       | 2940/9601 [3:41:24<19:53:23, 10.75s/it] 31%|███       | 2941/9601 [3:41:35<19:32:36, 10.56s/it] 31%|███       | 2942/9601 [3:41:46<19:54:44, 10.77s/it] 31%|███       | 2943/9601 [3:41:55<19:18:09, 10.44s/it] 31%|███       | 2944/9601 [3:42:01<16:47:08,  9.08s/it] 31%|███       | 2945/9601 [3:42:13<18:09:03,  9.82s/it] 31%|███       | 2946/9601 [3:42:26<19:55:13, 10.78s/it] 31%|███       | 2947/9601 [3:42:39<21:04:05, 11.40s/it] 31%|███       | 2948/9601 [3:42:50<20:50:38, 11.28s/it] 31%|███       | 2949/9601 [3:42:56<18:15:35,  9.88s/it] 31%|███       | 2950/9601 [3:42:59<14:19:36,  7.75s/it] 31%|███       | 2951/9601 [3:43:10<15:54:06,  8.61s/it] 31%|███       | 2952/9601 [3:43:19<16:01:37,  8.68s/it] 31%|███       | 2953/9601 [3:43:30<17:30:30,  9.48s/it] 31%|███       | 2954/9601 [3:43:41<18:30:29, 10.02s/it] 31%|███       | 2955/9601 [3:43:49<17:28:17,  9.46s/it] 31%|███       | 2956/9601 [3:43:54<14:54:49,  8.08s/it] 31%|███       | 2957/9601 [3:44:02<14:48:12,  8.02s/it] 31%|███       | 2958/9601 [3:44:12<16:03:50,  8.71s/it] 31%|███       | 2959/9601 [3:44:23<16:57:43,  9.19s/it] 31%|███       | 2960/9601 [3:44:34<18:17:45,  9.92s/it] 31%|███       | 2961/9601 [3:44:44<17:52:39,  9.69s/it] 31%|███       | 2962/9601 [3:44:53<17:53:16,  9.70s/it] 31%|███       | 2963/9601 [3:45:03<17:45:17,  9.63s/it] 31%|███       | 2964/9601 [3:45:13<18:01:28,  9.78s/it] 31%|███       | 2965/9601 [3:45:19<15:55:37,  8.64s/it] 31%|███       | 2966/9601 [3:45:30<17:10:23,  9.32s/it] 31%|███       | 2967/9601 [3:45:35<14:43:42,  7.99s/it] 31%|███       | 2968/9601 [3:45:45<16:16:07,  8.83s/it] 31%|███       | 2969/9601 [3:45:57<17:30:26,  9.50s/it] 31%|███       | 2970/9601 [3:46:05<16:51:53,  9.16s/it] 31%|███       | 2971/9601 [3:46:16<17:52:15,  9.70s/it] 31%|███       | 2972/9601 [3:46:24<17:10:42,  9.33s/it] 31%|███       | 2973/9601 [3:46:30<14:58:32,  8.13s/it] 31%|███       | 2974/9601 [3:46:38<14:54:33,  8.10s/it] 31%|███       | 2975/9601 [3:46:54<19:19:25, 10.50s/it] 31%|███       | 2976/9601 [3:47:04<18:59:25, 10.32s/it] 31%|███       | 2977/9601 [3:47:15<19:42:11, 10.71s/it] 31%|███       | 2978/9601 [3:47:25<19:21:27, 10.52s/it] 31%|███       | 2979/9601 [3:47:36<19:33:52, 10.64s/it] 31%|███       | 2980/9601 [3:47:42<16:35:37,  9.02s/it] 31%|███       | 2981/9601 [3:47:50<16:26:48,  8.94s/it] 31%|███       | 2982/9601 [3:48:00<16:45:59,  9.12s/it] 31%|███       | 2983/9601 [3:48:12<18:27:26, 10.04s/it] 31%|███       | 2984/9601 [3:48:21<17:57:34,  9.77s/it] 31%|███       | 2985/9601 [3:48:27<15:54:08,  8.65s/it] 31%|███       | 2986/9601 [3:48:36<16:12:51,  8.82s/it] 31%|███       | 2987/9601 [3:48:45<16:08:53,  8.79s/it] 31%|███       | 2988/9601 [3:48:54<16:27:30,  8.96s/it] 31%|███       | 2989/9601 [3:48:57<13:05:47,  7.13s/it] 31%|███       | 2990/9601 [3:49:07<14:28:08,  7.88s/it] 31%|███       | 2991/9601 [3:49:17<15:41:01,  8.54s/it] 31%|███       | 2992/9601 [3:49:24<14:34:00,  7.93s/it] 31%|███       | 2993/9601 [3:49:31<14:24:00,  7.85s/it] 31%|███       | 2994/9601 [3:49:41<15:43:29,  8.57s/it] 31%|███       | 2995/9601 [3:49:44<12:28:38,  6.80s/it] 31%|███       | 2996/9601 [3:49:55<14:49:39,  8.08s/it] 31%|███       | 2997/9601 [3:50:01<13:27:03,  7.33s/it] 31%|███       | 2998/9601 [3:50:14<16:53:47,  9.21s/it] 31%|███       | 2999/9601 [3:50:25<17:47:27,  9.70s/it] 31%|███       | 3000/9601 [3:50:35<17:49:36,  9.72s/it] 31%|███▏      | 3001/9601 [3:50:45<17:48:14,  9.71s/it] 31%|███▏      | 3002/9601 [3:50:57<19:00:06, 10.37s/it] 31%|███▏      | 3003/9601 [3:51:04<17:19:50,  9.46s/it] 31%|███▏      | 3004/9601 [3:51:11<16:09:56,  8.82s/it] 31%|███▏      | 3005/9601 [3:51:21<16:45:33,  9.15s/it] 31%|███▏      | 3006/9601 [3:51:25<13:40:57,  7.47s/it] 31%|███▏      | 3007/9601 [3:51:34<14:30:41,  7.92s/it] 31%|███▏      | 3008/9601 [3:51:40<13:37:55,  7.44s/it] 31%|███▏      | 3009/9601 [3:51:43<11:05:33,  6.06s/it] 31%|███▏      | 3010/9601 [3:51:48<10:44:03,  5.86s/it] 31%|███▏      | 3011/9601 [3:52:00<13:45:45,  7.52s/it] 31%|███▏      | 3012/9601 [3:52:14<17:21:45,  9.49s/it] 31%|███▏      | 3013/9601 [3:52:16<13:19:10,  7.28s/it] 31%|███▏      | 3014/9601 [3:52:27<15:37:18,  8.54s/it] 31%|███▏      | 3015/9601 [3:52:38<16:36:25,  9.08s/it] 31%|███▏      | 3016/9601 [3:52:40<12:40:23,  6.93s/it] 31%|███▏      | 3017/9601 [3:52:47<13:08:20,  7.18s/it] 31%|███▏      | 3018/9601 [3:52:54<13:04:33,  7.15s/it] 31%|███▏      | 3019/9601 [3:52:58<10:54:45,  5.97s/it] 31%|███▏      | 3020/9601 [3:53:00<9:06:03,  4.98s/it]  31%|███▏      | 3021/9601 [3:53:10<11:42:18,  6.40s/it] 31%|███▏      | 3022/9601 [3:53:12<9:31:46,  5.21s/it]  31%|███▏      | 3023/9601 [3:53:14<7:46:24,  4.25s/it] 31%|███▏      | 3024/9601 [3:53:28<12:47:57,  7.01s/it] 32%|███▏      | 3025/9601 [3:53:38<14:16:44,  7.82s/it] 32%|███▏      | 3026/9601 [3:53:49<16:06:44,  8.82s/it] 32%|███▏      | 3027/9601 [3:54:04<19:38:17, 10.75s/it] 32%|███▏      | 3028/9601 [3:54:12<18:09:20,  9.94s/it] 32%|███▏      | 3029/9601 [3:54:21<17:37:45,  9.66s/it] 32%|███▏      | 3030/9601 [3:54:31<17:56:55,  9.83s/it] 32%|███▏      | 3031/9601 [3:54:41<17:35:11,  9.64s/it] 32%|███▏      | 3032/9601 [3:54:50<17:46:09,  9.74s/it] 32%|███▏      | 3033/9601 [3:55:02<18:34:16, 10.18s/it] 32%|███▏      | 3034/9601 [3:55:14<19:38:05, 10.76s/it] 32%|███▏      | 3035/9601 [3:55:25<19:40:33, 10.79s/it] 32%|███▏      | 3036/9601 [3:55:38<21:09:01, 11.60s/it] 32%|███▏      | 3037/9601 [3:55:50<21:22:55, 11.73s/it] 32%|███▏      | 3038/9601 [3:56:03<21:49:22, 11.97s/it] 32%|███▏      | 3039/9601 [3:56:09<18:51:10, 10.34s/it] 32%|███▏      | 3040/9601 [3:56:17<17:36:18,  9.66s/it] 32%|███▏      | 3041/9601 [3:56:25<16:27:37,  9.03s/it] 32%|███▏      | 3042/9601 [3:56:31<14:36:43,  8.02s/it] 32%|███▏      | 3043/9601 [3:56:43<17:05:12,  9.38s/it] 32%|███▏      | 3044/9601 [3:56:53<17:08:09,  9.41s/it] 32%|███▏      | 3045/9601 [3:57:03<17:52:28,  9.82s/it] 32%|███▏      | 3046/9601 [3:57:13<18:00:05,  9.89s/it] 32%|███▏      | 3047/9601 [3:57:24<18:16:10, 10.04s/it] 32%|███▏      | 3048/9601 [3:57:27<14:43:27,  8.09s/it] 32%|███▏      | 3049/9601 [3:57:42<18:07:51,  9.96s/it] 32%|███▏      | 3050/9601 [3:57:49<16:49:51,  9.25s/it] 32%|███▏      | 3051/9601 [3:58:00<17:31:57,  9.64s/it] 32%|███▏      | 3052/9601 [3:58:18<22:18:44, 12.27s/it] 32%|███▏      | 3053/9601 [3:58:28<21:09:53, 11.64s/it] 32%|███▏      | 3054/9601 [3:58:37<19:34:23, 10.76s/it] 32%|███▏      | 3055/9601 [3:58:48<19:40:44, 10.82s/it] 32%|███▏      | 3056/9601 [3:59:02<21:12:24, 11.66s/it] 32%|███▏      | 3057/9601 [3:59:13<20:48:05, 11.44s/it] 32%|███▏      | 3058/9601 [3:59:28<23:01:00, 12.66s/it] 32%|███▏      | 3059/9601 [3:59:42<23:56:32, 13.18s/it] 32%|███▏      | 3060/9601 [3:59:48<19:56:54, 10.98s/it] 32%|███▏      | 3061/9601 [3:59:59<19:33:42, 10.77s/it] 32%|███▏      | 3062/9601 [4:00:09<19:21:36, 10.66s/it] 32%|███▏      | 3063/9601 [4:00:18<18:13:40, 10.04s/it] 32%|███▏      | 3064/9601 [4:00:27<17:53:45,  9.86s/it] 32%|███▏      | 3065/9601 [4:00:34<16:22:11,  9.02s/it] 32%|███▏      | 3066/9601 [4:00:41<14:59:30,  8.26s/it] 32%|███▏      | 3067/9601 [4:00:51<16:22:46,  9.02s/it] 32%|███▏      | 3068/9601 [4:00:57<14:34:27,  8.03s/it] 32%|███▏      | 3069/9601 [4:01:03<13:19:16,  7.34s/it] 32%|███▏      | 3070/9601 [4:01:11<13:54:15,  7.66s/it] 32%|███▏      | 3071/9601 [4:01:24<16:43:50,  9.22s/it] 32%|███▏      | 3072/9601 [4:01:36<18:03:13,  9.95s/it] 32%|███▏      | 3073/9601 [4:01:50<20:11:19, 11.13s/it] 32%|███▏      | 3074/9601 [4:01:57<17:58:52,  9.92s/it] 32%|███▏      | 3075/9601 [4:02:06<17:32:41,  9.68s/it] 32%|███▏      | 3076/9601 [4:02:09<13:53:05,  7.66s/it] 32%|███▏      | 3077/9601 [4:02:19<15:24:56,  8.51s/it] 32%|███▏      | 3078/9601 [4:02:27<14:58:51,  8.27s/it] 32%|███▏      | 3079/9601 [4:02:38<16:42:08,  9.22s/it] 32%|███▏      | 3080/9601 [4:02:46<15:42:33,  8.67s/it] 32%|███▏      | 3081/9601 [4:02:52<14:05:31,  7.78s/it] 32%|███▏      | 3082/9601 [4:03:06<17:41:07,  9.77s/it] 32%|███▏      | 3083/9601 [4:03:17<18:10:07, 10.03s/it] 32%|███▏      | 3084/9601 [4:03:21<15:06:06,  8.34s/it] 32%|███▏      | 3085/9601 [4:03:31<16:13:24,  8.96s/it] 32%|███▏      | 3086/9601 [4:03:41<16:26:26,  9.08s/it] 32%|███▏      | 3087/9601 [4:03:51<17:08:14,  9.47s/it] 32%|███▏      | 3088/9601 [4:04:00<16:32:28,  9.14s/it] 32%|███▏      | 3089/9601 [4:04:10<17:25:48,  9.64s/it] 32%|███▏      | 3090/9601 [4:04:14<14:17:22,  7.90s/it] 32%|███▏      | 3091/9601 [4:04:23<14:36:16,  8.08s/it] 32%|███▏      | 3092/9601 [4:04:30<14:12:36,  7.86s/it] 32%|███▏      | 3093/9601 [4:04:41<15:56:17,  8.82s/it] 32%|███▏      | 3094/9601 [4:04:51<16:43:37,  9.25s/it] 32%|███▏      | 3095/9601 [4:05:04<18:20:42, 10.15s/it] 32%|███▏      | 3096/9601 [4:05:12<17:38:58,  9.77s/it] 32%|███▏      | 3097/9601 [4:05:24<18:30:21, 10.24s/it] 32%|███▏      | 3098/9601 [4:05:37<19:54:52, 11.02s/it] 32%|███▏      | 3099/9601 [4:06:01<26:52:21, 14.88s/it] 32%|███▏      | 3100/9601 [4:06:12<25:15:53, 13.99s/it] 32%|███▏      | 3101/9601 [4:06:24<23:40:06, 13.11s/it] 32%|███▏      | 3102/9601 [4:06:35<23:01:49, 12.76s/it] 32%|███▏      | 3103/9601 [4:06:41<19:04:15, 10.57s/it] 32%|███▏      | 3104/9601 [4:06:46<15:53:08,  8.80s/it] 32%|███▏      | 3105/9601 [4:06:58<17:38:56,  9.78s/it] 32%|███▏      | 3106/9601 [4:07:10<19:06:35, 10.59s/it] 32%|███▏      | 3107/9601 [4:07:19<17:59:33,  9.97s/it] 32%|███▏      | 3108/9601 [4:07:29<18:26:36, 10.23s/it] 32%|███▏      | 3109/9601 [4:07:43<20:07:46, 11.16s/it] 32%|███▏      | 3110/9601 [4:07:47<16:13:39,  9.00s/it] 32%|███▏      | 3111/9601 [4:07:58<17:11:02,  9.53s/it] 32%|███▏      | 3112/9601 [4:08:09<18:15:31, 10.13s/it] 32%|███▏      | 3113/9601 [4:08:16<16:25:58,  9.12s/it] 32%|███▏      | 3114/9601 [4:08:26<17:15:24,  9.58s/it] 32%|███▏      | 3115/9601 [4:08:38<18:04:38, 10.03s/it] 32%|███▏      | 3116/9601 [4:08:51<19:56:25, 11.07s/it] 32%|███▏      | 3117/9601 [4:08:54<15:47:44,  8.77s/it] 32%|███▏      | 3118/9601 [4:09:05<16:57:53,  9.42s/it] 32%|███▏      | 3119/9601 [4:09:16<17:28:23,  9.70s/it] 32%|███▏      | 3120/9601 [4:09:24<16:33:54,  9.20s/it] 33%|███▎      | 3121/9601 [4:09:33<16:42:55,  9.29s/it] 33%|███▎      | 3122/9601 [4:09:41<15:49:01,  8.79s/it] 33%|███▎      | 3123/9601 [4:09:51<16:43:14,  9.29s/it] 33%|███▎      | 3124/9601 [4:09:57<14:34:23,  8.10s/it] 33%|███▎      | 3125/9601 [4:10:01<12:45:52,  7.10s/it] 33%|███▎      | 3126/9601 [4:10:10<13:29:12,  7.50s/it] 33%|███▎      | 3127/9601 [4:10:28<19:26:00, 10.81s/it] 33%|███▎      | 3128/9601 [4:10:43<21:21:44, 11.88s/it] 33%|███▎      | 3129/9601 [4:10:52<19:52:29, 11.06s/it] 33%|███▎      | 3130/9601 [4:11:02<19:24:32, 10.80s/it] 33%|███▎      | 3131/9601 [4:11:12<19:09:52, 10.66s/it] 33%|███▎      | 3132/9601 [4:11:18<16:35:53,  9.24s/it] 33%|███▎      | 3133/9601 [4:11:30<17:42:41,  9.86s/it] 33%|███▎      | 3134/9601 [4:11:32<13:50:40,  7.71s/it] 33%|███▎      | 3135/9601 [4:11:43<15:32:58,  8.66s/it] 33%|███▎      | 3136/9601 [4:11:53<16:14:28,  9.04s/it] 33%|███▎      | 3137/9601 [4:12:06<18:10:00, 10.12s/it] 33%|███▎      | 3138/9601 [4:12:16<18:09:06, 10.11s/it] 33%|███▎      | 3139/9601 [4:12:27<18:27:58, 10.29s/it] 33%|███▎      | 3140/9601 [4:12:38<18:57:09, 10.56s/it] 33%|███▎      | 3141/9601 [4:12:49<19:19:12, 10.77s/it] 33%|███▎      | 3142/9601 [4:12:59<18:58:54, 10.58s/it] 33%|███▎      | 3143/9601 [4:13:10<19:19:24, 10.77s/it] 33%|███▎      | 3144/9601 [4:13:21<19:11:22, 10.70s/it] 33%|███▎      | 3145/9601 [4:13:34<20:38:53, 11.51s/it] 33%|███▎      | 3146/9601 [4:13:38<16:24:41,  9.15s/it] 33%|███▎      | 3147/9601 [4:13:50<17:54:17,  9.99s/it] 33%|███▎      | 3148/9601 [4:14:02<18:48:21, 10.49s/it] 33%|███▎      | 3149/9601 [4:14:12<18:49:05, 10.50s/it] 33%|███▎      | 3150/9601 [4:14:22<18:27:04, 10.30s/it] 33%|███▎      | 3151/9601 [4:14:34<19:22:38, 10.82s/it] 33%|███▎      | 3152/9601 [4:14:44<18:56:54, 10.58s/it] 33%|███▎      | 3153/9601 [4:14:49<15:56:30,  8.90s/it] 33%|███▎      | 3154/9601 [4:14:59<16:27:31,  9.19s/it] 33%|███▎      | 3155/9601 [4:15:06<15:29:14,  8.65s/it] 33%|███▎      | 3156/9601 [4:15:17<16:51:22,  9.42s/it] 33%|███▎      | 3157/9601 [4:15:30<18:29:56, 10.33s/it] 33%|███▎      | 3158/9601 [4:15:40<18:19:31, 10.24s/it] 33%|███▎      | 3159/9601 [4:15:54<20:21:27, 11.38s/it] 33%|███▎      | 3160/9601 [4:16:07<21:11:47, 11.85s/it] 33%|███▎      | 3161/9601 [4:16:15<19:16:32, 10.78s/it] 33%|███▎      | 3162/9601 [4:16:26<19:25:53, 10.86s/it] 33%|███▎      | 3163/9601 [4:16:38<19:47:34, 11.07s/it] 33%|███▎      | 3164/9601 [4:16:44<17:24:29,  9.74s/it] 33%|███▎      | 3165/9601 [4:16:57<19:05:35, 10.68s/it] 33%|███▎      | 3166/9601 [4:17:07<18:19:32, 10.25s/it] 33%|███▎      | 3167/9601 [4:17:20<19:51:28, 11.11s/it] 33%|███▎      | 3168/9601 [4:17:31<19:45:19, 11.06s/it] 33%|███▎      | 3169/9601 [4:17:36<16:50:37,  9.43s/it] 33%|███▎      | 3170/9601 [4:17:40<13:52:12,  7.76s/it] 33%|███▎      | 3171/9601 [4:17:44<12:01:02,  6.73s/it] 33%|███▎      | 3172/9601 [4:17:54<13:17:27,  7.44s/it] 33%|███▎      | 3173/9601 [4:18:05<15:34:22,  8.72s/it] 33%|███▎      | 3174/9601 [4:18:10<13:24:58,  7.51s/it] 33%|███▎      | 3175/9601 [4:18:21<15:17:55,  8.57s/it] 33%|███▎      | 3176/9601 [4:18:28<14:17:50,  8.01s/it] 33%|███▎      | 3177/9601 [4:18:31<11:35:11,  6.49s/it] 33%|███▎      | 3178/9601 [4:18:42<14:22:22,  8.06s/it] 33%|███▎      | 3179/9601 [4:18:54<16:24:06,  9.19s/it] 33%|███▎      | 3180/9601 [4:19:04<16:30:06,  9.25s/it] 33%|███▎      | 3181/9601 [4:19:14<16:51:57,  9.46s/it] 33%|███▎      | 3182/9601 [4:19:17<13:51:39,  7.77s/it] 33%|███▎      | 3183/9601 [4:19:32<17:39:34,  9.91s/it] 33%|███▎      | 3184/9601 [4:19:41<17:09:21,  9.62s/it] 33%|███▎      | 3185/9601 [4:19:52<17:35:58,  9.88s/it] 33%|███▎      | 3186/9601 [4:19:57<15:19:57,  8.60s/it] 33%|███▎      | 3187/9601 [4:20:08<16:37:36,  9.33s/it] 33%|███▎      | 3188/9601 [4:20:13<14:10:41,  7.96s/it] 33%|███▎      | 3189/9601 [4:20:19<13:17:35,  7.46s/it] 33%|███▎      | 3190/9601 [4:20:23<11:13:55,  6.31s/it] 33%|███▎      | 3191/9601 [4:20:31<12:20:17,  6.93s/it] 33%|███▎      | 3192/9601 [4:20:35<10:47:56,  6.07s/it] 33%|███▎      | 3193/9601 [4:20:46<13:09:58,  7.40s/it] 33%|███▎      | 3194/9601 [4:20:47<9:59:37,  5.62s/it]  33%|███▎      | 3195/9601 [4:20:58<12:46:25,  7.18s/it] 33%|███▎      | 3196/9601 [4:21:08<14:18:59,  8.05s/it] 33%|███▎      | 3197/9601 [4:21:11<11:36:02,  6.52s/it] 33%|███▎      | 3198/9601 [4:21:20<13:01:49,  7.33s/it] 33%|███▎      | 3199/9601 [4:21:36<17:08:58,  9.64s/it] 33%|███▎      | 3200/9601 [4:21:46<17:33:39,  9.88s/it] 33%|███▎      | 3201/9601 [4:21:54<16:23:38,  9.22s/it] 33%|███▎      | 3202/9601 [4:22:07<18:44:24, 10.54s/it] 33%|███▎      | 3203/9601 [4:22:17<18:05:33, 10.18s/it] 33%|███▎      | 3204/9601 [4:22:25<17:21:32,  9.77s/it] 33%|███▎      | 3205/9601 [4:22:37<18:30:42, 10.42s/it] 33%|███▎      | 3206/9601 [4:22:47<17:57:59, 10.11s/it] 33%|███▎      | 3207/9601 [4:23:01<19:55:50, 11.22s/it] 33%|███▎      | 3208/9601 [4:23:21<24:40:41, 13.90s/it] 33%|███▎      | 3209/9601 [4:23:32<23:22:52, 13.17s/it] 33%|███▎      | 3210/9601 [4:23:35<17:50:45, 10.05s/it] 33%|███▎      | 3211/9601 [4:23:41<15:40:30,  8.83s/it] 33%|███▎      | 3212/9601 [4:23:49<15:29:33,  8.73s/it] 33%|███▎      | 3213/9601 [4:23:53<12:31:19,  7.06s/it] 33%|███▎      | 3214/9601 [4:24:09<17:17:13,  9.74s/it] 33%|███▎      | 3215/9601 [4:24:22<19:05:20, 10.76s/it] 33%|███▎      | 3216/9601 [4:24:28<16:34:29,  9.35s/it] 34%|███▎      | 3217/9601 [4:24:38<16:52:49,  9.52s/it] 34%|███▎      | 3218/9601 [4:24:48<17:07:02,  9.65s/it] 34%|███▎      | 3219/9601 [4:24:57<17:10:37,  9.69s/it] 34%|███▎      | 3220/9601 [4:24:59<12:40:57,  7.16s/it] 34%|███▎      | 3221/9601 [4:25:03<11:23:29,  6.43s/it] 34%|███▎      | 3222/9601 [4:25:09<10:54:20,  6.15s/it] 34%|███▎      | 3223/9601 [4:25:18<12:34:41,  7.10s/it] 34%|███▎      | 3224/9601 [4:25:27<13:28:59,  7.61s/it] 34%|███▎      | 3225/9601 [4:25:37<14:41:43,  8.30s/it] 34%|███▎      | 3226/9601 [4:25:55<19:54:08, 11.24s/it] 34%|███▎      | 3227/9601 [4:26:02<17:50:51, 10.08s/it] 34%|███▎      | 3228/9601 [4:26:09<15:57:09,  9.01s/it] 34%|███▎      | 3229/9601 [4:26:19<16:43:59,  9.45s/it] 34%|███▎      | 3230/9601 [4:26:24<14:03:19,  7.94s/it] 34%|███▎      | 3231/9601 [4:26:33<14:52:49,  8.41s/it] 34%|███▎      | 3232/9601 [4:26:41<14:21:24,  8.12s/it] 34%|███▎      | 3233/9601 [4:26:51<15:31:04,  8.77s/it] 34%|███▎      | 3234/9601 [4:27:00<15:24:30,  8.71s/it] 34%|███▎      | 3235/9601 [4:27:10<16:05:04,  9.10s/it] 34%|███▎      | 3236/9601 [4:27:20<16:44:51,  9.47s/it] 34%|███▎      | 3237/9601 [4:27:29<16:35:22,  9.38s/it] 34%|███▎      | 3238/9601 [4:27:42<18:28:41, 10.45s/it] 34%|███▎      | 3239/9601 [4:27:47<15:44:51,  8.91s/it] 34%|███▎      | 3240/9601 [4:27:52<13:26:56,  7.61s/it] 34%|███▍      | 3241/9601 [4:28:03<15:11:12,  8.60s/it] 34%|███▍      | 3242/9601 [4:28:13<16:05:01,  9.11s/it] 34%|███▍      | 3243/9601 [4:28:22<15:41:21,  8.88s/it] 34%|███▍      | 3244/9601 [4:28:23<11:31:24,  6.53s/it] 34%|███▍      | 3245/9601 [4:28:30<12:02:35,  6.82s/it] 34%|███▍      | 3246/9601 [4:28:36<11:46:10,  6.67s/it] 34%|███▍      | 3247/9601 [4:28:49<14:40:29,  8.31s/it] 34%|███▍      | 3248/9601 [4:29:05<18:45:55, 10.63s/it] 34%|███▍      | 3249/9601 [4:29:15<18:25:41, 10.44s/it] 34%|███▍      | 3250/9601 [4:29:25<18:22:55, 10.42s/it] 34%|███▍      | 3251/9601 [4:29:28<14:33:45,  8.26s/it] 34%|███▍      | 3252/9601 [4:29:41<16:55:09,  9.59s/it] 34%|███▍      | 3253/9601 [4:29:51<17:05:09,  9.69s/it] 34%|███▍      | 3254/9601 [4:30:02<17:50:08, 10.12s/it] 34%|███▍      | 3255/9601 [4:30:08<15:56:43,  9.05s/it] 34%|███▍      | 3256/9601 [4:30:17<15:49:04,  8.97s/it] 34%|███▍      | 3257/9601 [4:30:32<18:40:41, 10.60s/it] 34%|███▍      | 3258/9601 [4:30:37<15:53:13,  9.02s/it] 34%|███▍      | 3259/9601 [4:30:49<17:42:02, 10.05s/it] 34%|███▍      | 3260/9601 [4:31:02<18:59:26, 10.78s/it] 34%|███▍      | 3261/9601 [4:31:21<23:21:04, 13.26s/it] 34%|███▍      | 3262/9601 [4:31:32<22:13:41, 12.62s/it] 34%|███▍      | 3263/9601 [4:31:42<20:42:46, 11.77s/it] 34%|███▍      | 3264/9601 [4:31:51<19:15:01, 10.94s/it] 34%|███▍      | 3265/9601 [4:32:01<18:40:40, 10.61s/it] 34%|███▍      | 3266/9601 [4:32:07<16:07:53,  9.17s/it] 34%|███▍      | 3267/9601 [4:32:19<18:00:47, 10.24s/it] 34%|███▍      | 3268/9601 [4:32:28<17:16:30,  9.82s/it] 34%|███▍      | 3269/9601 [4:32:43<20:01:38, 11.39s/it] 34%|███▍      | 3270/9601 [4:32:56<20:35:54, 11.71s/it] 34%|███▍      | 3271/9601 [4:33:09<21:33:28, 12.26s/it] 34%|███▍      | 3272/9601 [4:33:17<19:07:00, 10.87s/it] 34%|███▍      | 3273/9601 [4:33:25<17:53:45, 10.18s/it] 34%|███▍      | 3274/9601 [4:33:38<19:04:52, 10.86s/it] 34%|███▍      | 3275/9601 [4:33:43<16:15:32,  9.25s/it] 34%|███▍      | 3276/9601 [4:33:53<16:39:12,  9.48s/it] 34%|███▍      | 3277/9601 [4:33:59<14:28:39,  8.24s/it] 34%|███▍      | 3278/9601 [4:34:10<16:15:48,  9.26s/it] 34%|███▍      | 3279/9601 [4:34:21<17:01:47,  9.70s/it] 34%|███▍      | 3280/9601 [4:34:32<17:41:38, 10.08s/it] 34%|███▍      | 3281/9601 [4:34:42<17:25:59,  9.93s/it] 34%|███▍      | 3282/9601 [4:34:46<14:27:40,  8.24s/it] 34%|███▍      | 3283/9601 [4:34:58<16:24:34,  9.35s/it] 34%|███▍      | 3284/9601 [4:35:10<17:57:38, 10.24s/it] 34%|███▍      | 3285/9601 [4:35:18<16:56:14,  9.65s/it] 34%|███▍      | 3286/9601 [4:35:21<13:03:15,  7.44s/it] 34%|███▍      | 3287/9601 [4:35:26<11:56:39,  6.81s/it] 34%|███▍      | 3288/9601 [4:35:37<13:52:41,  7.91s/it] 34%|███▍      | 3289/9601 [4:35:48<15:33:45,  8.88s/it] 34%|███▍      | 3290/9601 [4:35:59<17:00:01,  9.70s/it] 34%|███▍      | 3291/9601 [4:36:12<18:38:49, 10.64s/it] 34%|███▍      | 3292/9601 [4:36:26<20:37:37, 11.77s/it] 34%|███▍      | 3293/9601 [4:36:35<19:01:14, 10.86s/it] 34%|███▍      | 3294/9601 [4:36:44<17:44:14, 10.12s/it] 34%|███▍      | 3295/9601 [4:36:47<14:20:25,  8.19s/it] 34%|███▍      | 3296/9601 [4:37:00<16:45:51,  9.57s/it] 34%|███▍      | 3297/9601 [4:37:11<17:20:19,  9.90s/it] 34%|███▍      | 3298/9601 [4:37:19<16:38:30,  9.51s/it] 34%|███▍      | 3299/9601 [4:37:22<12:50:36,  7.34s/it] 34%|███▍      | 3300/9601 [4:37:33<14:47:22,  8.45s/it] 34%|███▍      | 3301/9601 [4:37:52<20:31:21, 11.73s/it] 34%|███▍      | 3302/9601 [4:38:03<20:02:35, 11.46s/it] 34%|███▍      | 3303/9601 [4:38:15<20:24:49, 11.67s/it] 34%|███▍      | 3304/9601 [4:38:26<19:52:57, 11.37s/it] 34%|███▍      | 3305/9601 [4:38:38<20:17:23, 11.60s/it] 34%|███▍      | 3306/9601 [4:38:42<16:18:04,  9.32s/it] 34%|███▍      | 3307/9601 [4:38:54<17:32:41, 10.04s/it] 34%|███▍      | 3308/9601 [4:38:59<14:58:05,  8.56s/it] 34%|███▍      | 3309/9601 [4:39:09<16:06:18,  9.21s/it] 34%|███▍      | 3310/9601 [4:39:12<12:40:03,  7.25s/it] 34%|███▍      | 3311/9601 [4:39:27<16:42:47,  9.57s/it] 34%|███▍      | 3312/9601 [4:39:38<17:40:44, 10.12s/it] 35%|███▍      | 3313/9601 [4:39:44<15:27:05,  8.85s/it] 35%|███▍      | 3314/9601 [4:39:57<17:42:23, 10.14s/it] 35%|███▍      | 3315/9601 [4:40:09<18:33:10, 10.63s/it] 35%|███▍      | 3316/9601 [4:40:12<14:33:40,  8.34s/it] 35%|███▍      | 3317/9601 [4:40:16<12:15:46,  7.03s/it] 35%|███▍      | 3318/9601 [4:40:30<15:52:54,  9.10s/it] 35%|███▍      | 3319/9601 [4:40:35<13:29:12,  7.73s/it] 35%|███▍      | 3320/9601 [4:40:40<12:12:21,  7.00s/it] 35%|███▍      | 3321/9601 [4:40:51<14:22:29,  8.24s/it] 35%|███▍      | 3322/9601 [4:41:02<15:48:53,  9.07s/it] 35%|███▍      | 3323/9601 [4:41:08<13:58:22,  8.01s/it] 35%|███▍      | 3324/9601 [4:41:16<14:03:55,  8.07s/it] 35%|███▍      | 3325/9601 [4:41:30<17:01:14,  9.76s/it] 35%|███▍      | 3326/9601 [4:41:41<17:45:41, 10.19s/it] 35%|███▍      | 3327/9601 [4:41:55<19:38:32, 11.27s/it] 35%|███▍      | 3328/9601 [4:42:05<19:20:01, 11.10s/it] 35%|███▍      | 3329/9601 [4:42:16<19:17:30, 11.07s/it] 35%|███▍      | 3330/9601 [4:42:28<19:52:47, 11.41s/it] 35%|███▍      | 3331/9601 [4:42:40<20:10:34, 11.58s/it] 35%|███▍      | 3332/9601 [4:42:54<21:09:20, 12.15s/it] 35%|███▍      | 3333/9601 [4:43:01<18:36:37, 10.69s/it] 35%|███▍      | 3334/9601 [4:43:05<15:11:00,  8.72s/it] 35%|███▍      | 3335/9601 [4:43:14<15:08:47,  8.70s/it] 35%|███▍      | 3336/9601 [4:43:25<16:20:07,  9.39s/it] 35%|███▍      | 3337/9601 [4:43:35<16:27:30,  9.46s/it] 35%|███▍      | 3338/9601 [4:43:44<16:15:27,  9.34s/it] 35%|███▍      | 3339/9601 [4:43:57<18:23:41, 10.58s/it] 35%|███▍      | 3340/9601 [4:43:59<13:59:27,  8.04s/it] 35%|███▍      | 3341/9601 [4:44:10<15:37:40,  8.99s/it] 35%|███▍      | 3342/9601 [4:44:16<13:57:14,  8.03s/it] 35%|███▍      | 3343/9601 [4:44:23<13:16:53,  7.64s/it] 35%|███▍      | 3344/9601 [4:44:30<12:45:17,  7.34s/it] 35%|███▍      | 3345/9601 [4:44:37<13:01:50,  7.50s/it] 35%|███▍      | 3346/9601 [4:44:49<15:02:10,  8.65s/it] 35%|███▍      | 3347/9601 [4:44:57<14:31:19,  8.36s/it] 35%|███▍      | 3348/9601 [4:45:07<15:22:36,  8.85s/it] 35%|███▍      | 3349/9601 [4:45:17<16:13:15,  9.34s/it] 35%|███▍      | 3350/9601 [4:45:23<14:25:17,  8.31s/it] 35%|███▍      | 3351/9601 [4:45:26<11:32:03,  6.64s/it] 35%|███▍      | 3352/9601 [4:45:31<10:58:31,  6.32s/it] 35%|███▍      | 3353/9601 [4:45:36<10:03:40,  5.80s/it] 35%|███▍      | 3354/9601 [4:45:43<10:59:03,  6.33s/it] 35%|███▍      | 3355/9601 [4:45:58<15:17:59,  8.82s/it] 35%|███▍      | 3356/9601 [4:46:06<14:48:38,  8.54s/it] 35%|███▍      | 3357/9601 [4:46:17<16:00:38,  9.23s/it] 35%|███▍      | 3358/9601 [4:46:27<16:38:16,  9.59s/it] 35%|███▍      | 3359/9601 [4:46:38<17:15:33,  9.95s/it] 35%|███▍      | 3360/9601 [4:46:48<17:13:33,  9.94s/it] 35%|███▌      | 3361/9601 [4:47:03<19:46:25, 11.41s/it] 35%|███▌      | 3362/9601 [4:47:13<18:58:06, 10.95s/it] 35%|███▌      | 3363/9601 [4:47:22<18:17:35, 10.56s/it] 35%|███▌      | 3364/9601 [4:47:32<17:41:35, 10.21s/it] 35%|███▌      | 3365/9601 [4:47:41<17:15:24,  9.96s/it] 35%|███▌      | 3366/9601 [4:47:51<17:32:06, 10.12s/it] 35%|███▌      | 3367/9601 [4:47:59<15:55:05,  9.19s/it] 35%|███▌      | 3368/9601 [4:48:06<14:49:47,  8.57s/it] 35%|███▌      | 3369/9601 [4:48:13<14:19:27,  8.27s/it] 35%|███▌      | 3370/9601 [4:48:20<13:47:41,  7.97s/it] 35%|███▌      | 3371/9601 [4:48:35<17:18:07, 10.00s/it] 35%|███▌      | 3372/9601 [4:48:48<18:59:34, 10.98s/it] 35%|███▌      | 3373/9601 [4:48:57<17:47:38, 10.29s/it] 35%|███▌      | 3374/9601 [4:49:06<17:10:55,  9.93s/it] 35%|███▌      | 3375/9601 [4:49:20<18:57:26, 10.96s/it] 35%|███▌      | 3376/9601 [4:49:28<17:45:30, 10.27s/it] 35%|███▌      | 3377/9601 [4:49:41<19:08:57, 11.08s/it] 35%|███▌      | 3378/9601 [4:49:44<14:43:54,  8.52s/it] 35%|███▌      | 3379/9601 [4:49:47<11:44:52,  6.80s/it] 35%|███▌      | 3380/9601 [4:49:56<13:20:17,  7.72s/it] 35%|███▌      | 3381/9601 [4:50:09<15:56:34,  9.23s/it] 35%|███▌      | 3382/9601 [4:50:20<16:50:20,  9.75s/it] 35%|███▌      | 3383/9601 [4:50:32<17:48:45, 10.31s/it] 35%|███▌      | 3384/9601 [4:50:45<19:09:03, 11.09s/it] 35%|███▌      | 3385/9601 [4:50:51<16:29:02,  9.55s/it] 35%|███▌      | 3386/9601 [4:50:56<14:17:59,  8.28s/it] 35%|███▌      | 3387/9601 [4:51:01<12:35:58,  7.30s/it] 35%|███▌      | 3388/9601 [4:51:12<14:45:49,  8.55s/it] 35%|███▌      | 3389/9601 [4:51:25<16:43:05,  9.69s/it] 35%|███▌      | 3390/9601 [4:51:26<12:17:51,  7.13s/it] 35%|███▌      | 3391/9601 [4:51:34<12:44:00,  7.38s/it] 35%|███▌      | 3392/9601 [4:51:50<17:00:59,  9.87s/it] 35%|███▌      | 3393/9601 [4:51:59<16:55:32,  9.82s/it] 35%|███▌      | 3394/9601 [4:52:10<17:34:46, 10.20s/it] 35%|███▌      | 3395/9601 [4:52:14<14:06:35,  8.18s/it] 35%|███▌      | 3396/9601 [4:52:20<13:10:55,  7.65s/it] 35%|███▌      | 3397/9601 [4:52:29<13:48:50,  8.02s/it] 35%|███▌      | 3398/9601 [4:52:39<14:59:42,  8.70s/it] 35%|███▌      | 3399/9601 [4:52:50<15:56:28,  9.25s/it] 35%|███▌      | 3400/9601 [4:52:55<13:39:49,  7.93s/it] 35%|███▌      | 3401/9601 [4:53:03<13:56:40,  8.10s/it] 35%|███▌      | 3402/9601 [4:53:13<14:40:28,  8.52s/it] 35%|███▌      | 3403/9601 [4:53:24<15:49:24,  9.19s/it] 35%|███▌      | 3404/9601 [4:53:43<20:59:47, 12.20s/it] 35%|███▌      | 3405/9601 [4:53:52<19:32:51, 11.36s/it] 35%|███▌      | 3406/9601 [4:54:06<20:45:13, 12.06s/it] 35%|███▌      | 3407/9601 [4:54:17<20:15:52, 11.78s/it] 35%|███▌      | 3408/9601 [4:54:28<19:52:02, 11.55s/it] 36%|███▌      | 3409/9601 [4:54:41<20:34:09, 11.96s/it] 36%|███▌      | 3410/9601 [4:54:53<20:24:38, 11.87s/it] 36%|███▌      | 3411/9601 [4:54:55<15:32:48,  9.04s/it] 36%|███▌      | 3412/9601 [4:55:10<18:32:38, 10.79s/it] 36%|███▌      | 3413/9601 [4:55:21<18:49:38, 10.95s/it] 36%|███▌      | 3414/9601 [4:55:37<21:13:57, 12.35s/it] 36%|███▌      | 3415/9601 [4:55:49<20:52:39, 12.15s/it] 36%|███▌      | 3416/9601 [4:55:51<16:05:57,  9.37s/it] 36%|███▌      | 3417/9601 [4:56:01<16:17:50,  9.49s/it] 36%|███▌      | 3418/9601 [4:56:10<16:01:16,  9.33s/it] 36%|███▌      | 3419/9601 [4:56:13<12:44:11,  7.42s/it] 36%|███▌      | 3420/9601 [4:56:23<14:07:49,  8.23s/it] 36%|███▌      | 3421/9601 [4:56:35<16:00:03,  9.32s/it] 36%|███▌      | 3422/9601 [4:56:45<16:19:43,  9.51s/it] 36%|███▌      | 3423/9601 [4:56:56<16:56:38,  9.87s/it] 36%|███▌      | 3424/9601 [4:57:07<17:49:29, 10.39s/it] 36%|███▌      | 3425/9601 [4:57:15<16:29:59,  9.62s/it] 36%|███▌      | 3426/9601 [4:57:26<17:17:26, 10.08s/it] 36%|███▌      | 3427/9601 [4:57:41<19:29:34, 11.37s/it] 36%|███▌      | 3428/9601 [4:57:52<19:19:39, 11.27s/it] 36%|███▌      | 3429/9601 [4:57:58<16:38:42,  9.71s/it] 36%|███▌      | 3430/9601 [4:58:03<14:28:18,  8.44s/it] 36%|███▌      | 3431/9601 [4:58:16<16:31:49,  9.64s/it] 36%|███▌      | 3432/9601 [4:58:21<14:26:07,  8.42s/it] 36%|███▌      | 3433/9601 [4:58:30<14:35:16,  8.51s/it] 36%|███▌      | 3434/9601 [4:58:33<11:34:08,  6.75s/it] 36%|███▌      | 3435/9601 [4:58:44<13:43:09,  8.01s/it] 36%|███▌      | 3436/9601 [4:58:55<15:19:19,  8.95s/it] 36%|███▌      | 3437/9601 [4:59:03<15:03:36,  8.80s/it] 36%|███▌      | 3438/9601 [4:59:17<17:51:23, 10.43s/it] 36%|███▌      | 3439/9601 [4:59:30<18:45:48, 10.96s/it] 36%|███▌      | 3440/9601 [4:59:38<17:34:39, 10.27s/it] 36%|███▌      | 3441/9601 [4:59:50<18:07:26, 10.59s/it] 36%|███▌      | 3442/9601 [5:00:05<20:23:43, 11.92s/it] 36%|███▌      | 3443/9601 [5:00:15<19:46:11, 11.56s/it] 36%|███▌      | 3444/9601 [5:00:29<20:49:59, 12.18s/it] 36%|███▌      | 3445/9601 [5:00:41<20:58:26, 12.27s/it] 36%|███▌      | 3446/9601 [5:00:47<17:43:35, 10.37s/it] 36%|███▌      | 3447/9601 [5:00:52<14:56:31,  8.74s/it] 36%|███▌      | 3448/9601 [5:00:57<13:03:53,  7.64s/it] 36%|███▌      | 3449/9601 [5:01:03<12:10:16,  7.12s/it] 36%|███▌      | 3450/9601 [5:01:08<10:40:30,  6.25s/it] 36%|███▌      | 3451/9601 [5:01:11<8:59:30,  5.26s/it]  36%|███▌      | 3452/9601 [5:01:15<8:49:43,  5.17s/it] 36%|███▌      | 3453/9601 [5:01:26<11:31:04,  6.74s/it] 36%|███▌      | 3454/9601 [5:01:36<13:13:04,  7.74s/it] 36%|███▌      | 3455/9601 [5:01:46<14:25:45,  8.45s/it] 36%|███▌      | 3456/9601 [5:01:58<16:22:04,  9.59s/it] 36%|███▌      | 3457/9601 [5:02:12<18:34:11, 10.88s/it] 36%|███▌      | 3458/9601 [5:02:26<20:17:40, 11.89s/it] 36%|███▌      | 3459/9601 [5:02:36<19:12:35, 11.26s/it] 36%|███▌      | 3460/9601 [5:02:49<20:01:44, 11.74s/it] 36%|███▌      | 3461/9601 [5:03:01<19:56:03, 11.69s/it] 36%|███▌      | 3462/9601 [5:03:06<16:25:51,  9.64s/it] 36%|███▌      | 3463/9601 [5:03:18<18:05:08, 10.61s/it] 36%|███▌      | 3464/9601 [5:03:32<19:47:03, 11.61s/it] 36%|███▌      | 3465/9601 [5:03:34<14:49:26,  8.70s/it] 36%|███▌      | 3466/9601 [5:03:40<13:10:53,  7.73s/it] 36%|███▌      | 3467/9601 [5:03:46<12:29:10,  7.33s/it] 36%|███▌      | 3468/9601 [5:03:51<11:19:14,  6.65s/it] 36%|███▌      | 3469/9601 [5:03:57<10:44:41,  6.31s/it] 36%|███▌      | 3470/9601 [5:04:06<12:17:13,  7.21s/it] 36%|███▌      | 3471/9601 [5:04:12<11:28:41,  6.74s/it] 36%|███▌      | 3472/9601 [5:04:23<13:35:28,  7.98s/it] 36%|███▌      | 3473/9601 [5:04:33<15:01:39,  8.83s/it] 36%|███▌      | 3474/9601 [5:04:45<16:23:41,  9.63s/it] 36%|███▌      | 3475/9601 [5:04:51<14:32:24,  8.54s/it] 36%|███▌      | 3476/9601 [5:05:02<15:40:49,  9.22s/it] 36%|███▌      | 3477/9601 [5:05:16<18:05:38, 10.64s/it] 36%|███▌      | 3478/9601 [5:05:26<17:57:02, 10.55s/it] 36%|███▌      | 3479/9601 [5:05:38<18:30:58, 10.89s/it] 36%|███▌      | 3480/9601 [5:05:48<18:08:11, 10.67s/it] 36%|███▋      | 3481/9601 [5:05:52<14:52:22,  8.75s/it] 36%|███▋      | 3482/9601 [5:06:06<17:30:20, 10.30s/it] 36%|███▋      | 3483/9601 [5:06:16<17:20:57, 10.21s/it] 36%|███▋      | 3484/9601 [5:06:17<12:33:53,  7.39s/it] 36%|███▋      | 3485/9601 [5:06:26<13:33:54,  7.98s/it] 36%|███▋      | 3486/9601 [5:06:36<14:42:49,  8.66s/it] 36%|███▋      | 3487/9601 [5:06:47<15:43:25,  9.26s/it] 36%|███▋      | 3488/9601 [5:06:54<14:27:33,  8.52s/it] 36%|███▋      | 3489/9601 [5:07:05<15:36:34,  9.19s/it] 36%|███▋      | 3490/9601 [5:07:10<13:32:41,  7.98s/it] 36%|███▋      | 3491/9601 [5:07:21<15:06:18,  8.90s/it] 36%|███▋      | 3492/9601 [5:07:28<14:28:13,  8.53s/it] 36%|███▋      | 3493/9601 [5:07:42<16:53:49,  9.96s/it] 36%|███▋      | 3494/9601 [5:07:51<16:36:28,  9.79s/it] 36%|███▋      | 3495/9601 [5:07:59<15:45:49,  9.29s/it] 36%|███▋      | 3496/9601 [5:08:09<15:52:45,  9.36s/it] 36%|███▋      | 3497/9601 [5:08:18<15:41:14,  9.25s/it] 36%|███▋      | 3498/9601 [5:08:23<13:37:47,  8.04s/it] 36%|███▋      | 3499/9601 [5:08:31<13:24:50,  7.91s/it] 36%|███▋      | 3500/9601 [5:08:47<17:54:15, 10.56s/it] 36%|███▋      | 3501/9601 [5:08:59<18:23:07, 10.85s/it] 36%|███▋      | 3502/9601 [5:09:09<18:07:53, 10.70s/it] 36%|███▋      | 3503/9601 [5:09:16<16:01:40,  9.46s/it] 36%|███▋      | 3504/9601 [5:09:18<12:21:30,  7.30s/it] 37%|███▋      | 3505/9601 [5:09:23<11:11:17,  6.61s/it] 37%|███▋      | 3506/9601 [5:09:28<10:13:19,  6.04s/it] 37%|███▋      | 3507/9601 [5:09:39<12:41:59,  7.50s/it] 37%|███▋      | 3508/9601 [5:09:48<13:34:16,  8.02s/it] 37%|███▋      | 3509/9601 [5:09:59<15:09:17,  8.96s/it] 37%|███▋      | 3510/9601 [5:10:09<15:45:30,  9.31s/it] 37%|███▋      | 3511/9601 [5:10:20<16:45:22,  9.91s/it] 37%|███▋      | 3512/9601 [5:10:23<13:06:21,  7.75s/it] 37%|███▋      | 3513/9601 [5:10:29<12:16:24,  7.26s/it] 37%|███▋      | 3514/9601 [5:10:41<14:16:21,  8.44s/it] 37%|███▋      | 3515/9601 [5:10:52<15:40:10,  9.27s/it] 37%|███▋      | 3516/9601 [5:11:02<16:10:43,  9.57s/it] 37%|███▋      | 3517/9601 [5:11:13<16:57:15, 10.03s/it] 37%|███▋      | 3518/9601 [5:11:25<17:46:43, 10.52s/it] 37%|███▋      | 3519/9601 [5:11:30<14:52:06,  8.80s/it] 37%|███▋      | 3520/9601 [5:11:33<12:08:34,  7.19s/it] 37%|███▋      | 3521/9601 [5:11:36<9:55:05,  5.87s/it]  37%|███▋      | 3522/9601 [5:11:41<9:48:17,  5.81s/it] 37%|███▋      | 3523/9601 [5:11:54<13:29:03,  7.99s/it] 37%|███▋      | 3524/9601 [5:12:01<12:55:50,  7.66s/it] 37%|███▋      | 3525/9601 [5:12:17<16:45:33,  9.93s/it] 37%|███▋      | 3526/9601 [5:12:27<16:57:59, 10.05s/it] 37%|███▋      | 3527/9601 [5:12:34<15:21:05,  9.10s/it] 37%|███▋      | 3528/9601 [5:12:49<18:17:14, 10.84s/it] 37%|███▋      | 3529/9601 [5:12:59<18:13:31, 10.81s/it] 37%|███▋      | 3530/9601 [5:13:10<18:11:27, 10.79s/it] 37%|███▋      | 3531/9601 [5:13:16<15:30:05,  9.19s/it] 37%|███▋      | 3532/9601 [5:13:21<13:38:20,  8.09s/it] 37%|███▋      | 3533/9601 [5:13:28<13:04:24,  7.76s/it] 37%|███▋      | 3534/9601 [5:13:40<14:54:42,  8.85s/it] 37%|███▋      | 3535/9601 [5:13:48<14:55:37,  8.86s/it] 37%|███▋      | 3536/9601 [5:14:06<19:07:33, 11.35s/it] 37%|███▋      | 3537/9601 [5:14:14<17:24:00, 10.33s/it] 37%|███▋      | 3538/9601 [5:14:25<18:00:50, 10.70s/it] 37%|███▋      | 3539/9601 [5:14:39<19:22:43, 11.51s/it] 37%|███▋      | 3540/9601 [5:14:46<17:19:17, 10.29s/it] 37%|███▋      | 3541/9601 [5:14:56<17:21:04, 10.31s/it] 37%|███▋      | 3542/9601 [5:15:08<18:00:58, 10.70s/it] 37%|███▋      | 3543/9601 [5:15:22<19:36:12, 11.65s/it] 37%|███▋      | 3544/9601 [5:15:30<18:01:41, 10.72s/it] 37%|███▋      | 3545/9601 [5:15:41<18:10:00, 10.80s/it] 37%|███▋      | 3546/9601 [5:15:53<18:39:36, 11.09s/it] 37%|███▋      | 3547/9601 [5:16:04<18:46:38, 11.17s/it] 37%|███▋      | 3548/9601 [5:16:14<17:54:39, 10.65s/it] 37%|███▋      | 3549/9601 [5:16:23<17:04:34, 10.16s/it] 37%|███▋      | 3550/9601 [5:16:27<14:06:21,  8.39s/it] 37%|███▋      | 3551/9601 [5:16:39<15:55:45,  9.48s/it] 37%|███▋      | 3552/9601 [5:16:49<16:16:58,  9.69s/it] 37%|███▋      | 3553/9601 [5:16:55<14:27:29,  8.61s/it] 37%|███▋      | 3554/9601 [5:16:59<11:48:30,  7.03s/it] 37%|███▋      | 3555/9601 [5:17:10<13:57:30,  8.31s/it] 37%|███▋      | 3556/9601 [5:17:22<15:52:25,  9.45s/it] 37%|███▋      | 3557/9601 [5:17:33<16:39:22,  9.92s/it] 37%|███▋      | 3558/9601 [5:17:35<12:41:07,  7.56s/it] 37%|███▋      | 3559/9601 [5:17:47<15:00:39,  8.94s/it] 37%|███▋      | 3560/9601 [5:17:53<13:20:24,  7.95s/it] 37%|███▋      | 3561/9601 [5:18:01<13:25:34,  8.00s/it] 37%|███▋      | 3562/9601 [5:18:08<12:55:12,  7.70s/it] 37%|███▋      | 3563/9601 [5:18:19<14:32:39,  8.67s/it] 37%|███▋      | 3564/9601 [5:18:30<15:30:59,  9.25s/it] 37%|███▋      | 3565/9601 [5:18:41<16:26:47,  9.81s/it] 37%|███▋      | 3566/9601 [5:19:03<22:25:35, 13.38s/it] 37%|███▋      | 3567/9601 [5:19:13<20:42:21, 12.35s/it] 37%|███▋      | 3568/9601 [5:19:25<20:54:36, 12.48s/it] 37%|███▋      | 3569/9601 [5:19:39<21:30:26, 12.84s/it] 37%|███▋      | 3570/9601 [5:19:49<19:59:13, 11.93s/it] 37%|███▋      | 3571/9601 [5:20:00<19:33:44, 11.68s/it] 37%|███▋      | 3572/9601 [5:20:06<16:46:18, 10.01s/it] 37%|███▋      | 3573/9601 [5:20:17<17:08:47, 10.24s/it] 37%|███▋      | 3574/9601 [5:20:26<16:36:29,  9.92s/it] 37%|███▋      | 3575/9601 [5:20:37<17:00:24, 10.16s/it] 37%|███▋      | 3576/9601 [5:20:43<14:54:47,  8.91s/it] 37%|███▋      | 3577/9601 [5:20:54<15:53:19,  9.50s/it] 37%|███▋      | 3578/9601 [5:21:04<16:29:20,  9.86s/it] 37%|███▋      | 3579/9601 [5:21:17<18:08:55, 10.85s/it] 37%|███▋      | 3580/9601 [5:21:26<17:13:59, 10.30s/it] 37%|███▋      | 3581/9601 [5:21:35<16:27:27,  9.84s/it] 37%|███▋      | 3582/9601 [5:21:46<16:48:41, 10.06s/it] 37%|███▋      | 3583/9601 [5:22:00<18:55:56, 11.33s/it] 37%|███▋      | 3584/9601 [5:22:14<20:05:34, 12.02s/it] 37%|███▋      | 3585/9601 [5:22:22<18:22:28, 11.00s/it] 37%|███▋      | 3586/9601 [5:22:33<18:24:47, 11.02s/it] 37%|███▋      | 3587/9601 [5:22:36<14:05:30,  8.44s/it] 37%|███▋      | 3588/9601 [5:22:48<16:10:31,  9.68s/it] 37%|███▋      | 3589/9601 [5:23:00<17:02:38, 10.21s/it] 37%|███▋      | 3590/9601 [5:23:12<17:48:52, 10.67s/it] 37%|███▋      | 3591/9601 [5:23:23<18:17:09, 10.95s/it] 37%|███▋      | 3592/9601 [5:23:39<20:55:40, 12.54s/it] 37%|███▋      | 3593/9601 [5:23:50<19:49:34, 11.88s/it] 37%|███▋      | 3594/9601 [5:24:06<22:06:13, 13.25s/it] 37%|███▋      | 3595/9601 [5:24:12<18:28:11, 11.07s/it] 37%|███▋      | 3596/9601 [5:24:23<18:17:57, 10.97s/it] 37%|███▋      | 3597/9601 [5:24:34<18:31:03, 11.10s/it] 37%|███▋      | 3598/9601 [5:24:43<17:26:46, 10.46s/it] 37%|███▋      | 3599/9601 [5:24:48<14:21:32,  8.61s/it] 37%|███▋      | 3600/9601 [5:24:50<11:22:49,  6.83s/it] 38%|███▊      | 3601/9601 [5:24:57<11:31:56,  6.92s/it] 38%|███▊      | 3602/9601 [5:25:06<12:22:56,  7.43s/it] 38%|███▊      | 3603/9601 [5:25:17<14:18:34,  8.59s/it] 38%|███▊      | 3604/9601 [5:25:30<16:19:54,  9.80s/it] 38%|███▊      | 3605/9601 [5:25:41<17:09:17, 10.30s/it] 38%|███▊      | 3606/9601 [5:25:49<15:40:10,  9.41s/it] 38%|███▊      | 3607/9601 [5:26:10<21:22:51, 12.84s/it] 38%|███▊      | 3608/9601 [5:26:19<19:46:07, 11.88s/it] 38%|███▊      | 3609/9601 [5:26:31<19:53:05, 11.95s/it] 38%|███▊      | 3610/9601 [5:26:42<19:22:42, 11.64s/it] 38%|███▊      | 3611/9601 [5:26:54<19:18:07, 11.60s/it] 38%|███▊      | 3612/9601 [5:27:00<16:25:35,  9.87s/it] 38%|███▊      | 3613/9601 [5:27:03<13:25:44,  8.07s/it] 38%|███▊      | 3614/9601 [5:27:15<15:23:39,  9.26s/it] 38%|███▊      | 3615/9601 [5:27:22<13:59:09,  8.41s/it] 38%|███▊      | 3616/9601 [5:27:23<10:16:28,  6.18s/it] 38%|███▊      | 3617/9601 [5:27:39<15:01:35,  9.04s/it] 38%|███▊      | 3618/9601 [5:27:50<16:25:03,  9.88s/it] 38%|███▊      | 3619/9601 [5:28:04<18:22:52, 11.06s/it] 38%|███▊      | 3620/9601 [5:28:07<14:07:39,  8.50s/it] 38%|███▊      | 3621/9601 [5:28:16<14:22:56,  8.66s/it] 38%|███▊      | 3622/9601 [5:28:21<12:36:19,  7.59s/it] 38%|███▊      | 3623/9601 [5:28:35<15:37:33,  9.41s/it] 38%|███▊      | 3624/9601 [5:28:43<15:14:32,  9.18s/it] 38%|███▊      | 3625/9601 [5:28:46<12:12:48,  7.36s/it] 38%|███▊      | 3626/9601 [5:28:56<13:29:25,  8.13s/it] 38%|███▊      | 3627/9601 [5:29:03<12:55:16,  7.79s/it] 38%|███▊      | 3628/9601 [5:29:12<13:26:35,  8.10s/it] 38%|███▊      | 3629/9601 [5:29:23<15:00:43,  9.05s/it] 38%|███▊      | 3630/9601 [5:29:33<15:16:33,  9.21s/it] 38%|███▊      | 3631/9601 [5:29:45<16:57:05, 10.22s/it] 38%|███▊      | 3632/9601 [5:29:48<13:04:43,  7.89s/it] 38%|███▊      | 3633/9601 [5:29:57<13:45:06,  8.30s/it] 38%|███▊      | 3634/9601 [5:30:04<13:12:50,  7.97s/it] 38%|███▊      | 3635/9601 [5:30:14<14:14:31,  8.59s/it] 38%|███▊      | 3636/9601 [5:30:24<14:47:09,  8.92s/it] 38%|███▊      | 3637/9601 [5:30:34<15:17:30,  9.23s/it] 38%|███▊      | 3638/9601 [5:30:44<15:47:37,  9.53s/it] 38%|███▊      | 3639/9601 [5:30:51<14:18:00,  8.63s/it] 38%|███▊      | 3640/9601 [5:31:04<16:45:14, 10.12s/it] 38%|███▊      | 3641/9601 [5:31:14<16:34:53, 10.02s/it] 38%|███▊      | 3642/9601 [5:31:19<13:45:39,  8.31s/it] 38%|███▊      | 3643/9601 [5:31:22<11:32:59,  6.98s/it] 38%|███▊      | 3644/9601 [5:31:28<11:04:53,  6.70s/it] 38%|███▊      | 3645/9601 [5:31:37<11:45:08,  7.10s/it] 38%|███▊      | 3646/9601 [5:31:49<14:31:53,  8.78s/it] 38%|███▊      | 3647/9601 [5:32:03<17:01:28, 10.29s/it] 38%|███▊      | 3648/9601 [5:32:13<16:39:33, 10.07s/it] 38%|███▊      | 3649/9601 [5:32:23<17:00:31, 10.29s/it] 38%|███▊      | 3650/9601 [5:32:34<17:07:10, 10.36s/it] 38%|███▊      | 3651/9601 [5:32:49<19:27:35, 11.77s/it] 38%|███▊      | 3652/9601 [5:32:59<18:23:02, 11.12s/it] 38%|███▊      | 3653/9601 [5:33:10<18:30:08, 11.20s/it] 38%|███▊      | 3654/9601 [5:33:23<19:13:02, 11.63s/it] 38%|███▊      | 3655/9601 [5:33:32<17:54:40, 10.84s/it] 38%|███▊      | 3656/9601 [5:33:40<16:36:14, 10.05s/it] 38%|███▊      | 3657/9601 [5:33:51<17:03:20, 10.33s/it] 38%|███▊      | 3658/9601 [5:34:04<18:22:33, 11.13s/it] 38%|███▊      | 3659/9601 [5:34:13<17:35:48, 10.66s/it] 38%|███▊      | 3660/9601 [5:34:24<17:41:10, 10.72s/it] 38%|███▊      | 3661/9601 [5:34:32<16:14:27,  9.84s/it] 38%|███▊      | 3662/9601 [5:34:45<17:54:42, 10.86s/it] 38%|███▊      | 3663/9601 [5:34:56<18:02:43, 10.94s/it] 38%|███▊      | 3664/9601 [5:34:58<13:36:45,  8.25s/it] 38%|███▊      | 3665/9601 [5:35:08<14:27:56,  8.77s/it] 38%|███▊      | 3666/9601 [5:35:21<16:22:02,  9.93s/it] 38%|███▊      | 3667/9601 [5:35:25<13:26:50,  8.16s/it] 38%|███▊      | 3668/9601 [5:35:31<12:22:36,  7.51s/it] 38%|███▊      | 3669/9601 [5:35:45<15:27:59,  9.39s/it] 38%|███▊      | 3670/9601 [5:35:52<14:36:24,  8.87s/it] 38%|███▊      | 3671/9601 [5:36:03<15:27:50,  9.39s/it] 38%|███▊      | 3672/9601 [5:36:12<15:27:49,  9.39s/it] 38%|███▊      | 3673/9601 [5:36:29<18:53:25, 11.47s/it] 38%|███▊      | 3674/9601 [5:36:40<18:57:24, 11.51s/it] 38%|███▊      | 3675/9601 [5:36:49<17:31:51, 10.65s/it] 38%|███▊      | 3676/9601 [5:37:00<17:32:33, 10.66s/it] 38%|███▊      | 3677/9601 [5:37:05<14:55:19,  9.07s/it] 38%|███▊      | 3678/9601 [5:37:15<15:13:38,  9.26s/it] 38%|███▊      | 3679/9601 [5:37:28<17:26:24, 10.60s/it] 38%|███▊      | 3680/9601 [5:37:40<17:56:01, 10.90s/it] 38%|███▊      | 3681/9601 [5:37:54<19:40:25, 11.96s/it] 38%|███▊      | 3682/9601 [5:38:08<20:23:56, 12.41s/it] 38%|███▊      | 3683/9601 [5:38:19<19:48:42, 12.05s/it] 38%|███▊      | 3684/9601 [5:38:29<18:36:09, 11.32s/it] 38%|███▊      | 3685/9601 [5:38:46<21:21:17, 12.99s/it] 38%|███▊      | 3686/9601 [5:38:57<20:33:22, 12.51s/it] 38%|███▊      | 3687/9601 [5:39:06<18:57:06, 11.54s/it] 38%|███▊      | 3688/9601 [5:39:14<17:02:08, 10.37s/it] 38%|███▊      | 3689/9601 [5:39:25<17:07:14, 10.43s/it] 38%|███▊      | 3690/9601 [5:39:36<17:44:04, 10.80s/it] 38%|███▊      | 3691/9601 [5:39:48<18:02:13, 10.99s/it] 38%|███▊      | 3692/9601 [5:39:51<14:08:14,  8.61s/it] 38%|███▊      | 3693/9601 [5:40:03<15:51:11,  9.66s/it] 38%|███▊      | 3694/9601 [5:40:16<17:26:44, 10.63s/it] 38%|███▊      | 3695/9601 [5:40:26<17:13:54, 10.50s/it] 38%|███▊      | 3696/9601 [5:40:33<15:45:52,  9.61s/it] 39%|███▊      | 3697/9601 [5:40:45<16:53:09, 10.30s/it] 39%|███▊      | 3698/9601 [5:40:52<14:59:36,  9.14s/it] 39%|███▊      | 3699/9601 [5:41:00<14:17:46,  8.72s/it] 39%|███▊      | 3700/9601 [5:41:09<14:31:09,  8.86s/it] 39%|███▊      | 3701/9601 [5:41:14<12:43:55,  7.77s/it] 39%|███▊      | 3702/9601 [5:41:22<13:01:54,  7.95s/it] 39%|███▊      | 3703/9601 [5:41:36<15:59:37,  9.76s/it] 39%|███▊      | 3704/9601 [5:41:47<16:29:56, 10.07s/it] 39%|███▊      | 3705/9601 [5:41:54<14:42:46,  8.98s/it] 39%|███▊      | 3706/9601 [5:42:01<13:48:04,  8.43s/it] 39%|███▊      | 3707/9601 [5:42:09<13:32:23,  8.27s/it] 39%|███▊      | 3708/9601 [5:42:15<12:35:24,  7.69s/it] 39%|███▊      | 3709/9601 [5:42:21<11:40:27,  7.13s/it] 39%|███▊      | 3710/9601 [5:42:28<11:58:15,  7.32s/it] 39%|███▊      | 3711/9601 [5:42:37<12:45:16,  7.80s/it] 39%|███▊      | 3712/9601 [5:42:49<14:51:33,  9.08s/it] 39%|███▊      | 3713/9601 [5:43:01<16:15:47,  9.94s/it] 39%|███▊      | 3714/9601 [5:43:16<18:42:41, 11.44s/it] 39%|███▊      | 3715/9601 [5:43:26<17:57:14, 10.98s/it] 39%|███▊      | 3716/9601 [5:43:36<17:13:49, 10.54s/it] 39%|███▊      | 3717/9601 [5:43:44<16:04:29,  9.84s/it] 39%|███▊      | 3718/9601 [5:43:56<17:14:13, 10.55s/it] 39%|███▊      | 3719/9601 [5:44:13<20:12:45, 12.37s/it] 39%|███▊      | 3720/9601 [5:44:27<21:02:31, 12.88s/it] 39%|███▉      | 3721/9601 [5:44:33<17:34:11, 10.76s/it] 39%|███▉      | 3722/9601 [5:44:45<18:20:05, 11.23s/it] 39%|███▉      | 3723/9601 [5:44:54<17:19:34, 10.61s/it] 39%|███▉      | 3724/9601 [5:45:04<16:42:15, 10.23s/it] 39%|███▉      | 3725/9601 [5:45:21<20:15:38, 12.41s/it] 39%|███▉      | 3726/9601 [5:45:30<18:45:49, 11.50s/it] 39%|███▉      | 3727/9601 [5:45:42<18:39:31, 11.44s/it] 39%|███▉      | 3728/9601 [5:45:54<19:14:04, 11.79s/it] 39%|███▉      | 3729/9601 [5:46:00<16:16:44,  9.98s/it] 39%|███▉      | 3730/9601 [5:46:09<15:43:12,  9.64s/it] 39%|███▉      | 3731/9601 [5:46:13<12:47:50,  7.85s/it] 39%|███▉      | 3732/9601 [5:46:17<10:58:28,  6.73s/it] 39%|███▉      | 3733/9601 [5:46:29<13:40:02,  8.38s/it] 39%|███▉      | 3734/9601 [5:46:41<15:34:34,  9.56s/it] 39%|███▉      | 3735/9601 [5:46:52<16:05:14,  9.87s/it] 39%|███▉      | 3736/9601 [5:47:02<16:01:18,  9.83s/it] 39%|███▉      | 3737/9601 [5:47:12<16:12:13,  9.95s/it] 39%|███▉      | 3738/9601 [5:47:21<15:43:21,  9.65s/it] 39%|███▉      | 3739/9601 [5:47:34<17:14:33, 10.59s/it] 39%|███▉      | 3740/9601 [5:47:41<15:30:49,  9.53s/it] 39%|███▉      | 3741/9601 [5:47:52<16:19:06, 10.03s/it] 39%|███▉      | 3742/9601 [5:47:55<12:50:07,  7.89s/it] 39%|███▉      | 3743/9601 [5:48:08<15:24:01,  9.46s/it] 39%|███▉      | 3744/9601 [5:48:23<18:17:15, 11.24s/it] 39%|███▉      | 3745/9601 [5:48:33<17:39:31, 10.86s/it] 39%|███▉      | 3746/9601 [5:48:43<17:16:12, 10.62s/it] 39%|███▉      | 3747/9601 [5:48:55<17:58:47, 11.06s/it] 39%|███▉      | 3748/9601 [5:49:05<17:27:11, 10.73s/it] 39%|███▉      | 3749/9601 [5:49:11<15:10:15,  9.33s/it] 39%|███▉      | 3750/9601 [5:49:18<13:52:11,  8.53s/it] 39%|███▉      | 3751/9601 [5:49:25<13:02:38,  8.03s/it] 39%|███▉      | 3752/9601 [5:49:38<15:27:37,  9.52s/it] 39%|███▉      | 3753/9601 [5:49:48<15:34:42,  9.59s/it] 39%|███▉      | 3754/9601 [5:49:55<14:27:53,  8.91s/it] 39%|███▉      | 3755/9601 [5:50:06<15:18:44,  9.43s/it] 39%|███▉      | 3756/9601 [5:50:16<15:36:42,  9.62s/it] 39%|███▉      | 3757/9601 [5:50:29<17:41:04, 10.89s/it] 39%|███▉      | 3758/9601 [5:50:35<14:59:49,  9.24s/it] 39%|███▉      | 3759/9601 [5:50:47<16:28:02, 10.15s/it] 39%|███▉      | 3760/9601 [5:50:55<15:08:46,  9.34s/it] 39%|███▉      | 3761/9601 [5:51:01<13:49:01,  8.52s/it] 39%|███▉      | 3762/9601 [5:51:10<13:59:26,  8.63s/it] 39%|███▉      | 3763/9601 [5:51:23<15:53:36,  9.80s/it] 39%|███▉      | 3764/9601 [5:51:26<12:52:52,  7.94s/it] 39%|███▉      | 3765/9601 [5:51:37<14:09:00,  8.73s/it] 39%|███▉      | 3766/9601 [5:51:50<16:30:44, 10.19s/it] 39%|███▉      | 3767/9601 [5:52:00<16:03:10,  9.91s/it] 39%|███▉      | 3768/9601 [5:52:02<12:22:41,  7.64s/it] 39%|███▉      | 3769/9601 [5:52:14<14:33:47,  8.99s/it] 39%|███▉      | 3770/9601 [5:52:28<17:03:30, 10.53s/it] 39%|███▉      | 3771/9601 [5:52:40<17:48:28, 11.00s/it] 39%|███▉      | 3772/9601 [5:52:49<16:44:26, 10.34s/it] 39%|███▉      | 3773/9601 [5:52:55<14:34:44,  9.01s/it] 39%|███▉      | 3774/9601 [5:53:04<14:39:38,  9.06s/it] 39%|███▉      | 3775/9601 [5:53:16<15:48:57,  9.77s/it] 39%|███▉      | 3776/9601 [5:53:27<16:41:07, 10.31s/it] 39%|███▉      | 3777/9601 [5:53:37<16:37:48, 10.28s/it] 39%|███▉      | 3778/9601 [5:53:49<17:15:51, 10.67s/it] 39%|███▉      | 3779/9601 [5:53:55<15:08:52,  9.37s/it] 39%|███▉      | 3780/9601 [5:54:05<15:17:24,  9.46s/it] 39%|███▉      | 3781/9601 [5:54:16<15:59:36,  9.89s/it] 39%|███▉      | 3782/9601 [5:54:26<15:55:09,  9.85s/it] 39%|███▉      | 3783/9601 [5:54:36<16:22:55, 10.14s/it] 39%|███▉      | 3784/9601 [5:54:46<15:52:30,  9.82s/it] 39%|███▉      | 3785/9601 [5:54:50<13:10:10,  8.15s/it] 39%|███▉      | 3786/9601 [5:55:00<14:21:21,  8.89s/it] 39%|███▉      | 3787/9601 [5:55:08<13:43:37,  8.50s/it] 39%|███▉      | 3788/9601 [5:55:18<14:26:16,  8.94s/it] 39%|███▉      | 3789/9601 [5:55:29<15:28:44,  9.59s/it] 39%|███▉      | 3790/9601 [5:55:40<16:05:07,  9.97s/it] 39%|███▉      | 3791/9601 [5:55:46<14:11:51,  8.80s/it] 39%|███▉      | 3792/9601 [5:55:54<13:54:32,  8.62s/it] 40%|███▉      | 3793/9601 [5:56:04<14:32:46,  9.02s/it] 40%|███▉      | 3794/9601 [5:56:14<15:10:59,  9.41s/it] 40%|███▉      | 3795/9601 [5:56:27<16:48:35, 10.42s/it] 40%|███▉      | 3796/9601 [5:56:37<16:16:53, 10.10s/it] 40%|███▉      | 3797/9601 [5:56:39<12:31:21,  7.77s/it] 40%|███▉      | 3798/9601 [5:56:52<14:57:25,  9.28s/it] 40%|███▉      | 3799/9601 [5:57:01<14:44:10,  9.14s/it] 40%|███▉      | 3800/9601 [5:57:03<11:34:07,  7.18s/it] 40%|███▉      | 3801/9601 [5:57:11<11:56:21,  7.41s/it] 40%|███▉      | 3802/9601 [5:57:16<10:54:30,  6.77s/it] 40%|███▉      | 3803/9601 [5:57:21<9:56:22,  6.17s/it]  40%|███▉      | 3804/9601 [5:57:34<12:57:23,  8.05s/it] 40%|███▉      | 3805/9601 [5:57:54<18:55:33, 11.76s/it] 40%|███▉      | 3806/9601 [5:58:12<22:09:27, 13.76s/it] 40%|███▉      | 3807/9601 [5:58:25<21:34:34, 13.41s/it] 40%|███▉      | 3808/9601 [5:58:36<20:24:06, 12.68s/it] 40%|███▉      | 3809/9601 [5:58:47<19:40:04, 12.22s/it] 40%|███▉      | 3810/9601 [5:58:56<17:58:04, 11.17s/it] 40%|███▉      | 3811/9601 [5:59:03<16:07:38, 10.03s/it] 40%|███▉      | 3812/9601 [5:59:06<12:27:25,  7.75s/it] 40%|███▉      | 3813/9601 [5:59:18<14:53:48,  9.27s/it] 40%|███▉      | 3814/9601 [5:59:31<16:17:16, 10.13s/it] 40%|███▉      | 3815/9601 [5:59:33<12:42:13,  7.90s/it] 40%|███▉      | 3816/9601 [5:59:37<10:31:33,  6.55s/it] 40%|███▉      | 3817/9601 [5:59:49<13:05:22,  8.15s/it] 40%|███▉      | 3818/9601 [5:59:55<12:24:30,  7.72s/it] 40%|███▉      | 3819/9601 [6:00:02<12:05:10,  7.53s/it] 40%|███▉      | 3820/9601 [6:00:12<13:05:23,  8.15s/it] 40%|███▉      | 3821/9601 [6:00:17<11:48:06,  7.35s/it] 40%|███▉      | 3822/9601 [6:00:24<11:36:49,  7.23s/it] 40%|███▉      | 3823/9601 [6:00:31<11:22:00,  7.08s/it] 40%|███▉      | 3824/9601 [6:00:36<10:06:35,  6.30s/it] 40%|███▉      | 3825/9601 [6:00:39<8:44:00,  5.44s/it]  40%|███▉      | 3826/9601 [6:00:42<7:26:29,  4.64s/it] 40%|███▉      | 3827/9601 [6:00:55<11:24:09,  7.11s/it] 40%|███▉      | 3828/9601 [6:01:02<11:19:45,  7.06s/it] 40%|███▉      | 3829/9601 [6:01:20<16:30:36, 10.30s/it] 40%|███▉      | 3830/9601 [6:01:26<14:34:29,  9.09s/it] 40%|███▉      | 3831/9601 [6:01:29<11:31:30,  7.19s/it] 40%|███▉      | 3832/9601 [6:01:40<13:47:29,  8.61s/it] 40%|███▉      | 3833/9601 [6:01:52<15:22:41,  9.60s/it] 40%|███▉      | 3834/9601 [6:02:00<14:35:34,  9.11s/it] 40%|███▉      | 3835/9601 [6:02:05<12:25:26,  7.76s/it] 40%|███▉      | 3836/9601 [6:02:17<14:22:02,  8.97s/it] 40%|███▉      | 3837/9601 [6:02:23<12:54:42,  8.06s/it] 40%|███▉      | 3838/9601 [6:02:33<14:10:37,  8.86s/it] 40%|███▉      | 3839/9601 [6:02:46<16:02:12, 10.02s/it] 40%|███▉      | 3840/9601 [6:02:57<16:28:34, 10.30s/it] 40%|████      | 3841/9601 [6:03:08<17:00:00, 10.63s/it] 40%|████      | 3842/9601 [6:03:12<13:34:41,  8.49s/it] 40%|████      | 3843/9601 [6:03:23<14:55:36,  9.33s/it] 40%|████      | 3844/9601 [6:03:33<15:08:54,  9.47s/it] 40%|████      | 3845/9601 [6:03:41<14:31:34,  9.09s/it] 40%|████      | 3846/9601 [6:03:47<12:47:17,  8.00s/it] 40%|████      | 3847/9601 [6:03:58<14:19:08,  8.96s/it] 40%|████      | 3848/9601 [6:04:03<12:13:02,  7.65s/it] 40%|████      | 3849/9601 [6:04:13<13:38:59,  8.54s/it] 40%|████      | 3850/9601 [6:04:21<13:19:32,  8.34s/it] 40%|████      | 3851/9601 [6:04:33<14:58:59,  9.38s/it] 40%|████      | 3852/9601 [6:04:51<19:08:04, 11.98s/it] 40%|████      | 3853/9601 [6:05:04<19:37:21, 12.29s/it] 40%|████      | 3854/9601 [6:05:08<15:42:43,  9.84s/it] 40%|████      | 3855/9601 [6:05:24<18:35:12, 11.64s/it] 40%|████      | 3856/9601 [6:05:31<16:34:53, 10.39s/it] 40%|████      | 3857/9601 [6:05:39<15:05:59,  9.46s/it] 40%|████      | 3858/9601 [6:05:56<18:41:55, 11.72s/it] 40%|████      | 3859/9601 [6:06:03<16:25:05, 10.29s/it] 40%|████      | 3860/9601 [6:06:14<16:59:37, 10.66s/it] 40%|████      | 3861/9601 [6:06:25<17:06:11, 10.73s/it] 40%|████      | 3862/9601 [6:06:27<12:58:31,  8.14s/it] 40%|████      | 3863/9601 [6:06:36<13:11:49,  8.28s/it] 40%|████      | 3864/9601 [6:06:45<13:53:30,  8.72s/it] 40%|████      | 3865/9601 [6:06:56<14:33:10,  9.13s/it] 40%|████      | 3866/9601 [6:07:07<15:31:22,  9.74s/it] 40%|████      | 3867/9601 [6:07:08<11:27:11,  7.19s/it] 40%|████      | 3868/9601 [6:07:13<10:24:12,  6.53s/it] 40%|████      | 3869/9601 [6:07:20<10:49:24,  6.80s/it] 40%|████      | 3870/9601 [6:07:23<8:57:54,  5.63s/it]  40%|████      | 3871/9601 [6:07:32<10:38:16,  6.68s/it] 40%|████      | 3872/9601 [6:07:41<11:44:20,  7.38s/it] 40%|████      | 3873/9601 [6:07:50<12:15:15,  7.70s/it] 40%|████      | 3874/9601 [6:08:03<14:51:14,  9.34s/it] 40%|████      | 3875/9601 [6:08:08<12:45:29,  8.02s/it] 40%|████      | 3876/9601 [6:08:19<13:58:11,  8.78s/it] 40%|████      | 3877/9601 [6:08:29<14:51:06,  9.34s/it] 40%|████      | 3878/9601 [6:08:33<12:21:59,  7.78s/it] 40%|████      | 3879/9601 [6:08:45<14:24:12,  9.06s/it] 40%|████      | 3880/9601 [6:08:58<16:12:00, 10.19s/it] 40%|████      | 3881/9601 [6:09:06<15:05:58,  9.50s/it] 40%|████      | 3882/9601 [6:09:18<16:07:06, 10.15s/it] 40%|████      | 3883/9601 [6:09:26<15:12:44,  9.58s/it] 40%|████      | 3884/9601 [6:09:34<14:27:37,  9.11s/it] 40%|████      | 3885/9601 [6:09:40<12:45:27,  8.03s/it] 40%|████      | 3886/9601 [6:09:54<15:58:00, 10.06s/it] 40%|████      | 3887/9601 [6:10:03<15:32:46,  9.79s/it] 40%|████      | 3888/9601 [6:10:15<16:21:03, 10.30s/it] 41%|████      | 3889/9601 [6:10:27<17:01:27, 10.73s/it] 41%|████      | 3890/9601 [6:10:28<12:23:44,  7.81s/it] 41%|████      | 3891/9601 [6:10:38<13:20:40,  8.41s/it] 41%|████      | 3892/9601 [6:10:48<14:32:58,  9.17s/it] 41%|████      | 3893/9601 [6:10:52<11:48:14,  7.44s/it] 41%|████      | 3894/9601 [6:10:54<9:02:39,  5.71s/it]  41%|████      | 3895/9601 [6:11:03<10:46:28,  6.80s/it] 41%|████      | 3896/9601 [6:11:16<13:43:53,  8.66s/it] 41%|████      | 3897/9601 [6:11:26<14:26:55,  9.12s/it] 41%|████      | 3898/9601 [6:11:36<14:46:01,  9.32s/it] 41%|████      | 3899/9601 [6:11:44<14:11:41,  8.96s/it] 41%|████      | 3900/9601 [6:11:53<14:12:35,  8.97s/it] 41%|████      | 3901/9601 [6:12:02<14:19:53,  9.05s/it] 41%|████      | 3902/9601 [6:12:16<16:25:16, 10.37s/it] 41%|████      | 3903/9601 [6:12:25<15:51:24, 10.02s/it] 41%|████      | 3904/9601 [6:12:37<16:56:07, 10.70s/it] 41%|████      | 3905/9601 [6:12:52<18:48:51, 11.89s/it] 41%|████      | 3906/9601 [6:12:56<14:55:09,  9.43s/it] 41%|████      | 3907/9601 [6:13:10<17:17:52, 10.94s/it] 41%|████      | 3908/9601 [6:13:25<19:08:17, 12.10s/it] 41%|████      | 3909/9601 [6:13:36<18:52:45, 11.94s/it] 41%|████      | 3910/9601 [6:13:45<17:28:04, 11.05s/it] 41%|████      | 3911/9601 [6:14:05<21:37:17, 13.68s/it] 41%|████      | 3912/9601 [6:14:15<19:57:46, 12.63s/it] 41%|████      | 3913/9601 [6:14:27<19:34:15, 12.39s/it] 41%|████      | 3914/9601 [6:14:37<18:25:22, 11.66s/it] 41%|████      | 3915/9601 [6:14:50<18:49:29, 11.92s/it] 41%|████      | 3916/9601 [6:15:02<18:55:25, 11.98s/it] 41%|████      | 3917/9601 [6:15:13<18:47:51, 11.91s/it] 41%|████      | 3918/9601 [6:15:23<17:37:42, 11.17s/it] 41%|████      | 3919/9601 [6:15:33<17:11:35, 10.89s/it] 41%|████      | 3920/9601 [6:15:45<17:30:26, 11.09s/it] 41%|████      | 3921/9601 [6:15:53<15:55:42, 10.10s/it] 41%|████      | 3922/9601 [6:15:59<14:06:15,  8.94s/it] 41%|████      | 3923/9601 [6:16:07<13:56:55,  8.84s/it] 41%|████      | 3924/9601 [6:16:17<14:26:37,  9.16s/it] 41%|████      | 3925/9601 [6:16:30<16:02:01, 10.17s/it] 41%|████      | 3926/9601 [6:16:43<17:20:23, 11.00s/it] 41%|████      | 3927/9601 [6:16:56<18:21:20, 11.65s/it] 41%|████      | 3928/9601 [6:17:05<17:16:14, 10.96s/it] 41%|████      | 3929/9601 [6:17:17<17:26:16, 11.07s/it] 41%|████      | 3930/9601 [6:17:24<15:53:29, 10.09s/it] 41%|████      | 3931/9601 [6:17:38<17:35:16, 11.17s/it] 41%|████      | 3932/9601 [6:17:48<16:47:24, 10.66s/it] 41%|████      | 3933/9601 [6:17:58<16:27:44, 10.46s/it] 41%|████      | 3934/9601 [6:18:10<17:18:10, 10.99s/it] 41%|████      | 3935/9601 [6:18:22<17:47:02, 11.30s/it] 41%|████      | 3936/9601 [6:18:25<14:02:30,  8.92s/it] 41%|████      | 3937/9601 [6:18:35<14:31:06,  9.23s/it] 41%|████      | 3938/9601 [6:18:42<13:28:47,  8.57s/it] 41%|████      | 3939/9601 [6:18:55<15:25:36,  9.81s/it] 41%|████      | 3940/9601 [6:18:57<12:02:53,  7.66s/it] 41%|████      | 3941/9601 [6:19:10<14:15:48,  9.07s/it] 41%|████      | 3942/9601 [6:19:16<12:58:16,  8.25s/it] 41%|████      | 3943/9601 [6:19:19<10:31:12,  6.69s/it] 41%|████      | 3944/9601 [6:19:22<8:36:12,  5.48s/it]  41%|████      | 3945/9601 [6:19:34<11:35:43,  7.38s/it] 41%|████      | 3946/9601 [6:19:39<10:27:52,  6.66s/it] 41%|████      | 3947/9601 [6:19:50<12:29:48,  7.96s/it] 41%|████      | 3948/9601 [6:20:00<13:35:27,  8.66s/it] 41%|████      | 3949/9601 [6:20:12<15:03:00,  9.59s/it] 41%|████      | 3950/9601 [6:20:24<16:12:51, 10.33s/it] 41%|████      | 3951/9601 [6:20:35<16:45:48, 10.68s/it] 41%|████      | 3952/9601 [6:20:47<17:14:27, 10.99s/it] 41%|████      | 3953/9601 [6:20:59<17:46:24, 11.33s/it] 41%|████      | 3954/9601 [6:21:12<18:18:43, 11.67s/it] 41%|████      | 3955/9601 [6:21:24<18:43:01, 11.93s/it] 41%|████      | 3956/9601 [6:21:34<17:49:12, 11.36s/it] 41%|████      | 3957/9601 [6:21:42<16:11:54, 10.33s/it] 41%|████      | 3958/9601 [6:21:48<14:14:09,  9.08s/it] 41%|████      | 3959/9601 [6:21:57<14:10:01,  9.04s/it] 41%|████      | 3960/9601 [6:22:05<13:42:02,  8.74s/it] 41%|████▏     | 3961/9601 [6:22:20<16:30:04, 10.53s/it] 41%|████▏     | 3962/9601 [6:22:29<15:58:56, 10.20s/it] 41%|████▏     | 3963/9601 [6:22:41<16:36:12, 10.60s/it] 41%|████▏     | 3964/9601 [6:22:51<16:30:07, 10.54s/it] 41%|████▏     | 3965/9601 [6:23:01<16:05:46, 10.28s/it] 41%|████▏     | 3966/9601 [6:23:11<15:55:12, 10.17s/it] 41%|████▏     | 3967/9601 [6:23:24<17:05:40, 10.92s/it] 41%|████▏     | 3968/9601 [6:23:34<17:01:02, 10.88s/it] 41%|████▏     | 3969/9601 [6:23:45<16:57:14, 10.84s/it] 41%|████▏     | 3970/9601 [6:23:56<17:08:14, 10.96s/it] 41%|████▏     | 3971/9601 [6:23:59<13:21:48,  8.55s/it] 41%|████▏     | 3972/9601 [6:24:03<11:04:28,  7.08s/it] 41%|████▏     | 3973/9601 [6:24:09<10:23:33,  6.65s/it] 41%|████▏     | 3974/9601 [6:24:15<10:20:56,  6.62s/it] 41%|████▏     | 3975/9601 [6:24:25<12:00:24,  7.68s/it] 41%|████▏     | 3976/9601 [6:24:35<13:12:17,  8.45s/it] 41%|████▏     | 3977/9601 [6:24:53<17:38:02, 11.29s/it] 41%|████▏     | 3978/9601 [6:25:01<15:58:37, 10.23s/it] 41%|████▏     | 3979/9601 [6:25:14<17:06:47, 10.96s/it] 41%|████▏     | 3980/9601 [6:25:26<17:49:56, 11.42s/it] 41%|████▏     | 3981/9601 [6:25:47<22:00:10, 14.09s/it] 41%|████▏     | 3982/9601 [6:25:57<20:09:49, 12.92s/it] 41%|████▏     | 3983/9601 [6:26:12<21:16:58, 13.64s/it] 41%|████▏     | 3984/9601 [6:26:21<18:59:52, 12.18s/it] 42%|████▏     | 3985/9601 [6:26:30<17:31:32, 11.23s/it] 42%|████▏     | 3986/9601 [6:26:39<16:20:45, 10.48s/it] 42%|████▏     | 3987/9601 [6:26:42<12:56:10,  8.30s/it] 42%|████▏     | 3988/9601 [6:26:53<14:26:23,  9.26s/it] 42%|████▏     | 3989/9601 [6:27:00<13:23:43,  8.59s/it] 42%|████▏     | 3990/9601 [6:27:14<15:53:55, 10.20s/it] 42%|████▏     | 3991/9601 [6:27:23<15:19:41,  9.84s/it] 42%|████▏     | 3992/9601 [6:27:35<16:07:09, 10.35s/it] 42%|████▏     | 3993/9601 [6:27:48<17:23:44, 11.17s/it] 42%|████▏     | 3994/9601 [6:28:02<18:52:40, 12.12s/it] 42%|████▏     | 3995/9601 [6:28:12<17:33:17, 11.27s/it] 42%|████▏     | 3996/9601 [6:28:16<14:13:04,  9.13s/it] 42%|████▏     | 3997/9601 [6:28:24<14:00:21,  9.00s/it] 42%|████▏     | 3998/9601 [6:28:39<16:34:57, 10.65s/it] 42%|████▏     | 3999/9601 [6:28:45<14:19:01,  9.20s/it] 42%|████▏     | 4000/9601 [6:28:52<13:16:20,  8.53s/it] 42%|████▏     | 4001/9601 [6:28:55<10:43:46,  6.90s/it] 42%|████▏     | 4002/9601 [6:29:08<13:44:46,  8.84s/it] 42%|████▏     | 4003/9601 [6:29:23<16:42:44, 10.75s/it] 42%|████▏     | 4004/9601 [6:29:34<16:50:36, 10.83s/it] 42%|████▏     | 4005/9601 [6:29:44<16:23:55, 10.55s/it] 42%|████▏     | 4006/9601 [6:29:50<13:57:25,  8.98s/it] 42%|████▏     | 4007/9601 [6:29:58<13:44:05,  8.84s/it] 42%|████▏     | 4008/9601 [6:30:09<14:49:56,  9.55s/it] 42%|████▏     | 4009/9601 [6:30:14<12:32:25,  8.07s/it] 42%|████▏     | 4010/9601 [6:30:24<13:23:45,  8.63s/it] 42%|████▏     | 4011/9601 [6:30:29<11:32:08,  7.43s/it] 42%|████▏     | 4012/9601 [6:30:40<13:39:09,  8.79s/it] 42%|████▏     | 4013/9601 [6:30:49<13:37:57,  8.78s/it] 42%|████▏     | 4014/9601 [6:30:58<13:46:37,  8.88s/it] 42%|████▏     | 4015/9601 [6:31:07<13:48:45,  8.90s/it] 42%|████▏     | 4016/9601 [6:31:17<13:59:09,  9.02s/it] 42%|████▏     | 4017/9601 [6:31:31<16:23:44, 10.57s/it] 42%|████▏     | 4018/9601 [6:31:41<16:24:35, 10.58s/it] 42%|████▏     | 4019/9601 [6:31:47<14:14:20,  9.18s/it] 42%|████▏     | 4020/9601 [6:31:56<14:05:17,  9.09s/it] 42%|████▏     | 4021/9601 [6:32:01<12:02:54,  7.77s/it] 42%|████▏     | 4022/9601 [6:32:08<11:47:44,  7.61s/it] 42%|████▏     | 4023/9601 [6:32:22<14:44:44,  9.52s/it] 42%|████▏     | 4024/9601 [6:32:28<12:56:15,  8.35s/it] 42%|████▏     | 4025/9601 [6:32:32<10:50:24,  7.00s/it] 42%|████▏     | 4026/9601 [6:32:43<12:42:17,  8.20s/it] 42%|████▏     | 4027/9601 [6:32:56<15:00:47,  9.70s/it] 42%|████▏     | 4028/9601 [6:32:59<11:56:36,  7.72s/it] 42%|████▏     | 4029/9601 [6:33:05<11:03:10,  7.14s/it] 42%|████▏     | 4030/9601 [6:33:15<12:32:59,  8.11s/it] 42%|████▏     | 4031/9601 [6:33:28<14:40:55,  9.49s/it] 42%|████▏     | 4032/9601 [6:33:41<16:26:39, 10.63s/it] 42%|████▏     | 4033/9601 [6:33:46<13:41:55,  8.86s/it] 42%|████▏     | 4034/9601 [6:33:52<12:35:39,  8.14s/it] 42%|████▏     | 4035/9601 [6:34:04<14:21:10,  9.28s/it] 42%|████▏     | 4036/9601 [6:34:15<15:02:45,  9.73s/it] 42%|████▏     | 4037/9601 [6:34:24<14:33:13,  9.42s/it] 42%|████▏     | 4038/9601 [6:34:37<16:20:11, 10.57s/it] 42%|████▏     | 4039/9601 [6:34:48<16:43:27, 10.82s/it] 42%|████▏     | 4040/9601 [6:34:58<16:18:30, 10.56s/it] 42%|████▏     | 4041/9601 [6:35:01<12:32:09,  8.12s/it] 42%|████▏     | 4042/9601 [6:35:09<12:27:14,  8.07s/it] 42%|████▏     | 4043/9601 [6:35:18<12:57:42,  8.40s/it] 42%|████▏     | 4044/9601 [6:35:30<14:38:21,  9.48s/it] 42%|████▏     | 4045/9601 [6:35:40<15:05:28,  9.78s/it] 42%|████▏     | 4046/9601 [6:35:47<13:45:17,  8.91s/it] 42%|████▏     | 4047/9601 [6:35:55<13:17:37,  8.62s/it] 42%|████▏     | 4048/9601 [6:36:06<14:14:58,  9.24s/it] 42%|████▏     | 4049/9601 [6:36:15<14:21:16,  9.31s/it] 42%|████▏     | 4050/9601 [6:36:20<12:26:26,  8.07s/it] 42%|████▏     | 4051/9601 [6:36:32<14:16:44,  9.26s/it] 42%|████▏     | 4052/9601 [6:36:44<15:26:33, 10.02s/it] 42%|████▏     | 4053/9601 [6:36:53<14:40:54,  9.53s/it] 42%|████▏     | 4054/9601 [6:37:03<14:51:56,  9.65s/it] 42%|████▏     | 4055/9601 [6:37:14<15:30:24, 10.07s/it] 42%|████▏     | 4056/9601 [6:37:27<17:12:36, 11.17s/it] 42%|████▏     | 4057/9601 [6:37:40<17:56:20, 11.65s/it] 42%|████▏     | 4058/9601 [6:37:46<15:25:48, 10.02s/it] 42%|████▏     | 4059/9601 [6:37:57<15:56:59, 10.36s/it] 42%|████▏     | 4060/9601 [6:38:07<15:21:13,  9.98s/it] 42%|████▏     | 4061/9601 [6:38:15<14:43:10,  9.57s/it] 42%|████▏     | 4062/9601 [6:38:34<18:57:07, 12.32s/it] 42%|████▏     | 4063/9601 [6:38:45<18:21:39, 11.94s/it] 42%|████▏     | 4064/9601 [6:38:51<15:51:13, 10.31s/it] 42%|████▏     | 4065/9601 [6:39:02<16:01:41, 10.42s/it] 42%|████▏     | 4066/9601 [6:39:16<17:39:46, 11.49s/it] 42%|████▏     | 4067/9601 [6:39:18<13:25:43,  8.74s/it] 42%|████▏     | 4068/9601 [6:39:25<12:21:18,  8.04s/it] 42%|████▏     | 4069/9601 [6:39:34<12:42:14,  8.27s/it] 42%|████▏     | 4070/9601 [6:39:42<12:38:17,  8.23s/it] 42%|████▏     | 4071/9601 [6:39:53<13:47:42,  8.98s/it] 42%|████▏     | 4072/9601 [6:40:03<14:32:35,  9.47s/it] 42%|████▏     | 4073/9601 [6:40:13<14:53:42,  9.70s/it] 42%|████▏     | 4074/9601 [6:40:25<15:46:21, 10.27s/it] 42%|████▏     | 4075/9601 [6:40:33<14:52:28,  9.69s/it] 42%|████▏     | 4076/9601 [6:40:40<13:34:44,  8.85s/it] 42%|████▏     | 4077/9601 [6:40:45<11:45:39,  7.66s/it] 42%|████▏     | 4078/9601 [6:40:50<10:35:08,  6.90s/it] 42%|████▏     | 4079/9601 [6:40:59<11:13:37,  7.32s/it] 42%|████▏     | 4080/9601 [6:41:07<11:44:13,  7.65s/it] 43%|████▎     | 4081/9601 [6:41:17<12:45:57,  8.33s/it] 43%|████▎     | 4082/9601 [6:41:31<15:14:30,  9.94s/it] 43%|████▎     | 4083/9601 [6:41:40<14:56:15,  9.75s/it] 43%|████▎     | 4084/9601 [6:41:51<15:37:43, 10.20s/it] 43%|████▎     | 4085/9601 [6:41:56<13:15:06,  8.65s/it] 43%|████▎     | 4086/9601 [6:42:06<13:37:59,  8.90s/it] 43%|████▎     | 4087/9601 [6:42:17<14:32:49,  9.50s/it] 43%|████▎     | 4088/9601 [6:42:27<15:08:42,  9.89s/it] 43%|████▎     | 4089/9601 [6:42:37<15:14:27,  9.95s/it] 43%|████▎     | 4090/9601 [6:42:47<15:17:06,  9.98s/it] 43%|████▎     | 4091/9601 [6:42:57<15:18:04, 10.00s/it] 43%|████▎     | 4092/9601 [6:43:00<11:45:35,  7.68s/it] 43%|████▎     | 4093/9601 [6:43:13<14:08:25,  9.24s/it] 43%|████▎     | 4094/9601 [6:43:22<14:10:01,  9.26s/it] 43%|████▎     | 4095/9601 [6:43:35<15:39:51, 10.24s/it] 43%|████▎     | 4096/9601 [6:43:48<17:12:30, 11.25s/it] 43%|████▎     | 4097/9601 [6:44:02<18:33:27, 12.14s/it] 43%|████▎     | 4098/9601 [6:44:12<17:37:09, 11.53s/it] 43%|████▎     | 4099/9601 [6:44:25<18:14:55, 11.94s/it] 43%|████▎     | 4100/9601 [6:44:38<18:28:12, 12.09s/it] 43%|████▎     | 4101/9601 [6:44:49<18:15:57, 11.96s/it] 43%|████▎     | 4102/9601 [6:45:01<17:53:55, 11.72s/it] 43%|████▎     | 4103/9601 [6:45:12<17:42:25, 11.59s/it] 43%|████▎     | 4104/9601 [6:45:15<13:44:09,  9.00s/it] 43%|████▎     | 4105/9601 [6:45:26<14:42:36,  9.64s/it] 43%|████▎     | 4106/9601 [6:45:37<15:19:17, 10.04s/it] 43%|████▎     | 4107/9601 [6:45:46<15:06:05,  9.90s/it] 43%|████▎     | 4108/9601 [6:45:58<15:40:01, 10.27s/it] 43%|████▎     | 4109/9601 [6:46:10<16:31:49, 10.84s/it] 43%|████▎     | 4110/9601 [6:46:18<15:33:04, 10.20s/it] 43%|████▎     | 4111/9601 [6:46:29<15:53:57, 10.43s/it] 43%|████▎     | 4112/9601 [6:46:37<14:24:23,  9.45s/it] 43%|████▎     | 4113/9601 [6:46:45<13:42:58,  9.00s/it] 43%|████▎     | 4114/9601 [6:46:48<11:23:16,  7.47s/it] 43%|████▎     | 4115/9601 [6:46:53<10:06:03,  6.63s/it] 43%|████▎     | 4116/9601 [6:47:04<12:12:12,  8.01s/it] 43%|████▎     | 4117/9601 [6:47:15<13:18:23,  8.74s/it] 43%|████▎     | 4118/9601 [6:47:26<14:23:09,  9.45s/it] 43%|████▎     | 4119/9601 [6:47:30<11:47:51,  7.75s/it] 43%|████▎     | 4120/9601 [6:47:33<9:48:22,  6.44s/it]  43%|████▎     | 4121/9601 [6:47:42<11:01:10,  7.24s/it] 43%|████▎     | 4122/9601 [6:47:53<12:41:18,  8.34s/it] 43%|████▎     | 4123/9601 [6:47:56<10:07:04,  6.65s/it] 43%|████▎     | 4124/9601 [6:48:07<12:13:02,  8.03s/it] 43%|████▎     | 4125/9601 [6:48:13<11:20:07,  7.45s/it] 43%|████▎     | 4126/9601 [6:48:24<12:52:45,  8.47s/it] 43%|████▎     | 4127/9601 [6:48:31<12:21:03,  8.12s/it] 43%|████▎     | 4128/9601 [6:48:41<12:57:02,  8.52s/it] 43%|████▎     | 4129/9601 [6:48:54<15:00:41,  9.88s/it] 43%|████▎     | 4130/9601 [6:49:02<14:05:58,  9.28s/it] 43%|████▎     | 4131/9601 [6:49:08<12:36:09,  8.29s/it] 43%|████▎     | 4132/9601 [6:49:16<12:28:21,  8.21s/it] 43%|████▎     | 4133/9601 [6:49:18<9:43:46,  6.41s/it]  43%|████▎     | 4134/9601 [6:49:24<9:26:12,  6.21s/it] 43%|████▎     | 4135/9601 [6:49:30<9:21:55,  6.17s/it] 43%|████▎     | 4136/9601 [6:49:43<12:40:54,  8.35s/it] 43%|████▎     | 4137/9601 [6:49:54<13:45:10,  9.06s/it] 43%|████▎     | 4138/9601 [6:49:56<10:39:19,  7.02s/it] 43%|████▎     | 4139/9601 [6:50:10<13:57:13,  9.20s/it] 43%|████▎     | 4140/9601 [6:50:14<11:28:13,  7.56s/it] 43%|████▎     | 4141/9601 [6:50:27<13:52:01,  9.14s/it] 43%|████▎     | 4142/9601 [6:50:43<16:55:36, 11.16s/it] 43%|████▎     | 4143/9601 [6:50:48<14:04:29,  9.28s/it] 43%|████▎     | 4144/9601 [6:51:00<15:19:02, 10.10s/it] 43%|████▎     | 4145/9601 [6:51:15<17:30:16, 11.55s/it] 43%|████▎     | 4146/9601 [6:51:25<17:05:17, 11.28s/it] 43%|████▎     | 4147/9601 [6:51:36<16:54:55, 11.17s/it] 43%|████▎     | 4148/9601 [6:51:48<17:18:03, 11.42s/it] 43%|████▎     | 4149/9601 [6:51:59<17:09:03, 11.33s/it] 43%|████▎     | 4150/9601 [6:52:11<17:13:36, 11.38s/it] 43%|████▎     | 4151/9601 [6:52:14<13:40:12,  9.03s/it] 43%|████▎     | 4152/9601 [6:52:25<14:18:01,  9.45s/it] 43%|████▎     | 4153/9601 [6:52:34<14:00:45,  9.26s/it] 43%|████▎     | 4154/9601 [6:52:44<14:34:54,  9.64s/it] 43%|████▎     | 4155/9601 [6:52:49<12:26:23,  8.22s/it] 43%|████▎     | 4156/9601 [6:52:54<10:58:50,  7.26s/it] 43%|████▎     | 4157/9601 [6:53:01<10:44:13,  7.10s/it] 43%|████▎     | 4158/9601 [6:53:13<13:04:23,  8.65s/it] 43%|████▎     | 4159/9601 [6:53:25<14:20:26,  9.49s/it] 43%|████▎     | 4160/9601 [6:53:30<12:38:53,  8.37s/it] 43%|████▎     | 4161/9601 [6:53:33<10:09:31,  6.72s/it] 43%|████▎     | 4162/9601 [6:53:44<12:09:41,  8.05s/it] 43%|████▎     | 4163/9601 [6:53:48<10:04:21,  6.67s/it] 43%|████▎     | 4164/9601 [6:53:55<10:11:24,  6.75s/it] 43%|████▎     | 4165/9601 [6:54:05<11:35:18,  7.67s/it] 43%|████▎     | 4166/9601 [6:54:08<9:50:13,  6.52s/it]  43%|████▎     | 4167/9601 [6:54:12<8:24:49,  5.57s/it] 43%|████▎     | 4168/9601 [6:54:22<10:34:11,  7.00s/it] 43%|████▎     | 4169/9601 [6:54:32<11:54:17,  7.89s/it] 43%|████▎     | 4170/9601 [6:54:36<9:54:46,  6.57s/it]  43%|████▎     | 4171/9601 [6:54:47<11:57:21,  7.93s/it] 43%|████▎     | 4172/9601 [6:54:52<11:00:40,  7.30s/it] 43%|████▎     | 4173/9601 [6:54:58<10:18:03,  6.83s/it] 43%|████▎     | 4174/9601 [6:55:10<12:27:31,  8.26s/it] 43%|████▎     | 4175/9601 [6:55:23<14:54:15,  9.89s/it] 43%|████▎     | 4176/9601 [6:55:35<15:37:18, 10.37s/it] 44%|████▎     | 4177/9601 [6:55:47<16:31:57, 10.97s/it] 44%|████▎     | 4178/9601 [6:55:54<14:45:21,  9.80s/it] 44%|████▎     | 4179/9601 [6:56:10<17:20:34, 11.51s/it] 44%|████▎     | 4180/9601 [6:56:13<13:22:41,  8.88s/it] 44%|████▎     | 4181/9601 [6:56:27<15:43:58, 10.45s/it] 44%|████▎     | 4182/9601 [6:56:36<15:01:04,  9.98s/it] 44%|████▎     | 4183/9601 [6:56:40<12:35:49,  8.37s/it] 44%|████▎     | 4184/9601 [6:56:47<11:45:29,  7.81s/it] 44%|████▎     | 4185/9601 [6:56:57<12:52:42,  8.56s/it] 44%|████▎     | 4186/9601 [6:57:10<14:54:11,  9.91s/it] 44%|████▎     | 4187/9601 [6:57:19<14:15:59,  9.49s/it] 44%|████▎     | 4188/9601 [6:57:31<15:27:49, 10.28s/it] 44%|████▎     | 4189/9601 [6:57:41<15:19:50, 10.20s/it] 44%|████▎     | 4190/9601 [6:57:44<12:23:34,  8.25s/it] 44%|████▎     | 4191/9601 [6:57:49<10:46:30,  7.17s/it] 44%|████▎     | 4192/9601 [6:57:52<8:45:37,  5.83s/it]  44%|████▎     | 4193/9601 [6:58:03<11:10:20,  7.44s/it] 44%|████▎     | 4194/9601 [6:58:12<11:46:02,  7.83s/it] 44%|████▎     | 4195/9601 [6:58:15<9:32:24,  6.35s/it]  44%|████▎     | 4196/9601 [6:58:24<10:42:26,  7.13s/it] 44%|████▎     | 4197/9601 [6:58:29<10:01:48,  6.68s/it] 44%|████▎     | 4198/9601 [6:58:34<9:04:27,  6.05s/it]  44%|████▎     | 4199/9601 [6:58:42<10:02:50,  6.70s/it] 44%|████▎     | 4200/9601 [6:58:45<8:35:43,  5.73s/it]  44%|████▍     | 4201/9601 [6:58:57<11:10:41,  7.45s/it] 44%|████▍     | 4202/9601 [6:59:02<10:00:31,  6.67s/it] 44%|████▍     | 4203/9601 [6:59:13<11:49:40,  7.89s/it] 44%|████▍     | 4204/9601 [6:59:17<10:10:00,  6.78s/it] 44%|████▍     | 4205/9601 [6:59:30<13:06:37,  8.75s/it] 44%|████▍     | 4206/9601 [6:59:44<15:33:36, 10.38s/it] 44%|████▍     | 4207/9601 [6:59:47<12:12:29,  8.15s/it] 44%|████▍     | 4208/9601 [6:59:58<13:17:58,  8.88s/it] 44%|████▍     | 4209/9601 [7:00:09<14:21:28,  9.59s/it] 44%|████▍     | 4210/9601 [7:00:21<15:13:00, 10.16s/it] 44%|████▍     | 4211/9601 [7:00:34<16:41:23, 11.15s/it] 44%|████▍     | 4212/9601 [7:00:47<17:22:10, 11.60s/it] 44%|████▍     | 4213/9601 [7:00:53<15:04:35, 10.07s/it] 44%|████▍     | 4214/9601 [7:01:08<17:13:30, 11.51s/it] 44%|████▍     | 4215/9601 [7:01:13<14:04:08,  9.40s/it] 44%|████▍     | 4216/9601 [7:01:22<14:11:49,  9.49s/it] 44%|████▍     | 4217/9601 [7:01:37<16:47:44, 11.23s/it] 44%|████▍     | 4218/9601 [7:01:46<15:32:23, 10.39s/it] 44%|████▍     | 4219/9601 [7:01:58<16:09:01, 10.80s/it] 44%|████▍     | 4220/9601 [7:02:10<16:45:30, 11.21s/it] 44%|████▍     | 4221/9601 [7:02:14<13:33:16,  9.07s/it] 44%|████▍     | 4222/9601 [7:02:23<13:20:59,  8.93s/it] 44%|████▍     | 4223/9601 [7:02:35<14:44:51,  9.87s/it] 44%|████▍     | 4224/9601 [7:02:46<15:17:37, 10.24s/it] 44%|████▍     | 4225/9601 [7:02:59<16:38:38, 11.15s/it] 44%|████▍     | 4226/9601 [7:03:11<16:55:48, 11.34s/it] 44%|████▍     | 4227/9601 [7:03:23<17:28:13, 11.70s/it] 44%|████▍     | 4228/9601 [7:03:30<15:07:07, 10.13s/it] 44%|████▍     | 4229/9601 [7:03:39<14:34:44,  9.77s/it] 44%|████▍     | 4230/9601 [7:03:53<16:47:13, 11.25s/it] 44%|████▍     | 4231/9601 [7:04:03<16:02:05, 10.75s/it] 44%|████▍     | 4232/9601 [7:04:14<16:11:18, 10.85s/it] 44%|████▍     | 4233/9601 [7:04:22<14:47:02,  9.91s/it] 44%|████▍     | 4234/9601 [7:04:27<12:49:30,  8.60s/it] 44%|████▍     | 4235/9601 [7:04:37<13:16:47,  8.91s/it] 44%|████▍     | 4236/9601 [7:04:50<15:17:40, 10.26s/it] 44%|████▍     | 4237/9601 [7:05:01<15:37:14, 10.48s/it] 44%|████▍     | 4238/9601 [7:05:13<16:12:19, 10.88s/it] 44%|████▍     | 4239/9601 [7:05:27<17:36:21, 11.82s/it] 44%|████▍     | 4240/9601 [7:05:40<18:00:55, 12.10s/it] 44%|████▍     | 4241/9601 [7:05:54<18:58:49, 12.75s/it] 44%|████▍     | 4242/9601 [7:06:05<18:08:36, 12.19s/it] 44%|████▍     | 4243/9601 [7:06:13<16:05:22, 10.81s/it] 44%|████▍     | 4244/9601 [7:06:17<13:13:14,  8.88s/it] 44%|████▍     | 4245/9601 [7:06:28<14:08:00,  9.50s/it] 44%|████▍     | 4246/9601 [7:06:29<10:32:28,  7.09s/it] 44%|████▍     | 4247/9601 [7:06:43<13:33:18,  9.11s/it] 44%|████▍     | 4248/9601 [7:06:56<14:55:46, 10.04s/it] 44%|████▍     | 4249/9601 [7:07:08<15:58:52, 10.75s/it] 44%|████▍     | 4250/9601 [7:07:12<13:06:20,  8.82s/it] 44%|████▍     | 4251/9601 [7:07:21<13:01:18,  8.76s/it] 44%|████▍     | 4252/9601 [7:07:33<14:37:50,  9.85s/it] 44%|████▍     | 4253/9601 [7:07:36<11:30:05,  7.74s/it] 44%|████▍     | 4254/9601 [7:07:45<12:11:15,  8.21s/it] 44%|████▍     | 4255/9601 [7:07:57<13:49:34,  9.31s/it] 44%|████▍     | 4256/9601 [7:08:10<15:15:02, 10.27s/it] 44%|████▍     | 4257/9601 [7:08:21<15:47:07, 10.63s/it] 44%|████▍     | 4258/9601 [7:08:26<13:08:48,  8.86s/it] 44%|████▍     | 4259/9601 [7:08:37<14:08:36,  9.53s/it] 44%|████▍     | 4260/9601 [7:08:51<15:54:38, 10.72s/it] 44%|████▍     | 4261/9601 [7:08:59<14:59:04, 10.10s/it] 44%|████▍     | 4262/9601 [7:09:11<15:39:10, 10.55s/it] 44%|████▍     | 4263/9601 [7:09:25<17:19:17, 11.68s/it] 44%|████▍     | 4264/9601 [7:09:31<14:51:29, 10.02s/it] 44%|████▍     | 4265/9601 [7:09:35<11:59:24,  8.09s/it] 44%|████▍     | 4266/9601 [7:09:48<14:00:56,  9.46s/it] 44%|████▍     | 4267/9601 [7:09:58<14:32:57,  9.82s/it] 44%|████▍     | 4268/9601 [7:10:03<12:15:50,  8.28s/it] 44%|████▍     | 4269/9601 [7:10:13<13:17:07,  8.97s/it] 44%|████▍     | 4270/9601 [7:10:25<14:16:09,  9.64s/it] 44%|████▍     | 4271/9601 [7:10:27<11:04:43,  7.48s/it] 44%|████▍     | 4272/9601 [7:10:35<11:12:24,  7.57s/it] 45%|████▍     | 4273/9601 [7:10:47<13:21:15,  9.02s/it] 45%|████▍     | 4274/9601 [7:10:55<12:39:58,  8.56s/it] 45%|████▍     | 4275/9601 [7:11:05<13:33:46,  9.17s/it] 45%|████▍     | 4276/9601 [7:11:18<14:56:07, 10.10s/it] 45%|████▍     | 4277/9601 [7:11:29<15:25:22, 10.43s/it] 45%|████▍     | 4278/9601 [7:11:42<16:37:33, 11.24s/it] 45%|████▍     | 4279/9601 [7:11:49<14:32:15,  9.83s/it] 45%|████▍     | 4280/9601 [7:11:54<12:38:42,  8.56s/it] 45%|████▍     | 4281/9601 [7:12:07<14:47:37, 10.01s/it] 45%|████▍     | 4282/9601 [7:12:16<14:03:21,  9.51s/it] 45%|████▍     | 4283/9601 [7:12:19<11:16:40,  7.63s/it] 45%|████▍     | 4284/9601 [7:12:26<10:53:04,  7.37s/it] 45%|████▍     | 4285/9601 [7:12:36<12:06:56,  8.20s/it] 45%|████▍     | 4286/9601 [7:12:47<13:10:30,  8.92s/it] 45%|████▍     | 4287/9601 [7:12:54<12:36:48,  8.55s/it] 45%|████▍     | 4288/9601 [7:13:00<11:12:15,  7.59s/it] 45%|████▍     | 4289/9601 [7:13:10<12:36:01,  8.54s/it] 45%|████▍     | 4290/9601 [7:13:16<11:24:13,  7.73s/it] 45%|████▍     | 4291/9601 [7:13:29<13:27:15,  9.12s/it] 45%|████▍     | 4292/9601 [7:13:33<11:21:31,  7.70s/it] 45%|████▍     | 4293/9601 [7:13:42<11:49:59,  8.03s/it] 45%|████▍     | 4294/9601 [7:13:52<12:53:00,  8.74s/it] 45%|████▍     | 4295/9601 [7:13:55<10:12:43,  6.93s/it] 45%|████▍     | 4296/9601 [7:14:03<10:42:54,  7.27s/it] 45%|████▍     | 4297/9601 [7:14:07<9:10:17,  6.23s/it]  45%|████▍     | 4298/9601 [7:14:20<12:28:55,  8.47s/it] 45%|████▍     | 4299/9601 [7:14:28<12:10:10,  8.26s/it] 45%|████▍     | 4300/9601 [7:14:37<12:28:06,  8.47s/it] 45%|████▍     | 4301/9601 [7:14:49<13:49:08,  9.39s/it] 45%|████▍     | 4302/9601 [7:15:01<14:58:51, 10.18s/it] 45%|████▍     | 4303/9601 [7:15:12<15:25:01, 10.48s/it] 45%|████▍     | 4304/9601 [7:15:26<16:56:05, 11.51s/it] 45%|████▍     | 4305/9601 [7:15:30<13:35:21,  9.24s/it] 45%|████▍     | 4306/9601 [7:15:40<14:12:38,  9.66s/it] 45%|████▍     | 4307/9601 [7:15:57<17:04:42, 11.61s/it] 45%|████▍     | 4308/9601 [7:16:08<16:54:25, 11.50s/it] 45%|████▍     | 4309/9601 [7:16:16<15:29:35, 10.54s/it] 45%|████▍     | 4310/9601 [7:16:23<14:03:46,  9.57s/it] 45%|████▍     | 4311/9601 [7:16:49<21:14:00, 14.45s/it] 45%|████▍     | 4312/9601 [7:16:58<18:50:12, 12.82s/it] 45%|████▍     | 4313/9601 [7:17:10<18:13:54, 12.41s/it] 45%|████▍     | 4314/9601 [7:17:14<14:51:42, 10.12s/it] 45%|████▍     | 4315/9601 [7:17:23<14:11:21,  9.66s/it] 45%|████▍     | 4316/9601 [7:17:33<14:11:44,  9.67s/it] 45%|████▍     | 4317/9601 [7:17:45<15:10:10, 10.34s/it] 45%|████▍     | 4318/9601 [7:17:54<14:43:30, 10.03s/it] 45%|████▍     | 4319/9601 [7:18:07<16:11:21, 11.03s/it] 45%|████▍     | 4320/9601 [7:18:22<17:37:19, 12.01s/it] 45%|████▌     | 4321/9601 [7:18:39<19:58:11, 13.62s/it] 45%|████▌     | 4322/9601 [7:18:51<19:17:15, 13.15s/it] 45%|████▌     | 4323/9601 [7:18:59<17:04:00, 11.64s/it] 45%|████▌     | 4324/9601 [7:19:10<16:40:14, 11.37s/it] 45%|████▌     | 4325/9601 [7:19:20<15:58:57, 10.91s/it] 45%|████▌     | 4326/9601 [7:19:25<13:17:40,  9.07s/it] 45%|████▌     | 4327/9601 [7:19:36<14:29:29,  9.89s/it] 45%|████▌     | 4328/9601 [7:19:48<15:03:45, 10.28s/it] 45%|████▌     | 4329/9601 [7:19:59<15:25:56, 10.54s/it] 45%|████▌     | 4330/9601 [7:20:10<15:41:04, 10.71s/it] 45%|████▌     | 4331/9601 [7:20:16<13:29:25,  9.22s/it] 45%|████▌     | 4332/9601 [7:20:28<14:47:38, 10.11s/it] 45%|████▌     | 4333/9601 [7:20:39<15:17:03, 10.44s/it] 45%|████▌     | 4334/9601 [7:20:50<15:29:17, 10.59s/it] 45%|████▌     | 4335/9601 [7:20:59<14:58:46, 10.24s/it] 45%|████▌     | 4336/9601 [7:21:11<15:30:46, 10.61s/it] 45%|████▌     | 4337/9601 [7:21:20<15:05:35, 10.32s/it] 45%|████▌     | 4338/9601 [7:21:25<12:24:09,  8.48s/it] 45%|████▌     | 4339/9601 [7:21:30<10:55:18,  7.47s/it] 45%|████▌     | 4340/9601 [7:21:48<15:43:04, 10.76s/it] 45%|████▌     | 4341/9601 [7:21:53<13:08:59,  9.00s/it] 45%|████▌     | 4342/9601 [7:22:06<14:43:24, 10.08s/it] 45%|████▌     | 4343/9601 [7:22:22<17:25:13, 11.93s/it] 45%|████▌     | 4344/9601 [7:22:24<13:10:19,  9.02s/it] 45%|████▌     | 4345/9601 [7:22:33<13:13:10,  9.05s/it] 45%|████▌     | 4346/9601 [7:22:48<15:52:21, 10.87s/it] 45%|████▌     | 4347/9601 [7:23:01<16:43:50, 11.46s/it] 45%|████▌     | 4348/9601 [7:23:14<17:08:33, 11.75s/it] 45%|████▌     | 4349/9601 [7:23:17<13:39:23,  9.36s/it] 45%|████▌     | 4350/9601 [7:23:21<11:14:19,  7.71s/it] 45%|████▌     | 4351/9601 [7:23:33<12:56:25,  8.87s/it] 45%|████▌     | 4352/9601 [7:23:44<13:58:18,  9.58s/it] 45%|████▌     | 4353/9601 [7:23:54<14:04:46,  9.66s/it] 45%|████▌     | 4354/9601 [7:23:58<11:29:18,  7.88s/it] 45%|████▌     | 4355/9601 [7:24:07<12:00:22,  8.24s/it] 45%|████▌     | 4356/9601 [7:24:09<9:12:38,  6.32s/it]  45%|████▌     | 4357/9601 [7:24:16<9:52:18,  6.78s/it] 45%|████▌     | 4358/9601 [7:24:27<11:42:48,  8.04s/it] 45%|████▌     | 4359/9601 [7:24:34<10:54:45,  7.49s/it] 45%|████▌     | 4360/9601 [7:24:51<15:14:48, 10.47s/it] 45%|████▌     | 4361/9601 [7:24:57<13:25:27,  9.22s/it] 45%|████▌     | 4362/9601 [7:25:06<13:17:04,  9.13s/it] 45%|████▌     | 4363/9601 [7:25:20<15:24:38, 10.59s/it] 45%|████▌     | 4364/9601 [7:25:33<16:14:06, 11.16s/it] 45%|████▌     | 4365/9601 [7:25:45<16:44:41, 11.51s/it] 45%|████▌     | 4366/9601 [7:25:48<12:57:07,  8.91s/it] 45%|████▌     | 4367/9601 [7:25:50<9:53:06,  6.80s/it]  45%|████▌     | 4368/9601 [7:25:54<8:42:34,  5.99s/it] 46%|████▌     | 4369/9601 [7:26:06<11:21:58,  7.82s/it] 46%|████▌     | 4370/9601 [7:26:15<11:52:19,  8.17s/it] 46%|████▌     | 4371/9601 [7:26:25<12:38:49,  8.71s/it] 46%|████▌     | 4372/9601 [7:26:35<13:05:01,  9.01s/it] 46%|████▌     | 4373/9601 [7:26:44<13:22:09,  9.21s/it] 46%|████▌     | 4374/9601 [7:26:50<12:00:20,  8.27s/it] 46%|████▌     | 4375/9601 [7:27:00<12:26:01,  8.57s/it] 46%|████▌     | 4376/9601 [7:27:10<13:12:12,  9.10s/it] 46%|████▌     | 4377/9601 [7:27:20<13:32:35,  9.33s/it] 46%|████▌     | 4378/9601 [7:27:31<14:23:29,  9.92s/it] 46%|████▌     | 4379/9601 [7:27:41<14:19:57,  9.88s/it] 46%|████▌     | 4380/9601 [7:27:54<15:38:48, 10.79s/it] 46%|████▌     | 4381/9601 [7:28:03<14:42:11, 10.14s/it] 46%|████▌     | 4382/9601 [7:28:08<12:47:44,  8.83s/it] 46%|████▌     | 4383/9601 [7:28:32<19:21:08, 13.35s/it] 46%|████▌     | 4384/9601 [7:28:43<18:12:01, 12.56s/it] 46%|████▌     | 4385/9601 [7:28:52<16:44:39, 11.56s/it] 46%|████▌     | 4386/9601 [7:29:03<16:23:28, 11.32s/it] 46%|████▌     | 4387/9601 [7:29:14<16:26:19, 11.35s/it] 46%|████▌     | 4388/9601 [7:29:25<16:14:49, 11.22s/it] 46%|████▌     | 4389/9601 [7:29:32<14:26:55,  9.98s/it] 46%|████▌     | 4390/9601 [7:29:44<15:18:50, 10.58s/it] 46%|████▌     | 4391/9601 [7:29:53<14:38:00, 10.11s/it] 46%|████▌     | 4392/9601 [7:30:05<15:18:25, 10.58s/it] 46%|████▌     | 4393/9601 [7:30:14<14:33:40, 10.07s/it] 46%|████▌     | 4394/9601 [7:30:26<15:25:54, 10.67s/it] 46%|████▌     | 4395/9601 [7:30:46<19:19:54, 13.37s/it] 46%|████▌     | 4396/9601 [7:30:54<17:05:48, 11.82s/it] 46%|████▌     | 4397/9601 [7:31:08<18:08:53, 12.55s/it] 46%|████▌     | 4398/9601 [7:31:21<18:11:01, 12.58s/it] 46%|████▌     | 4399/9601 [7:31:33<18:06:26, 12.53s/it] 46%|████▌     | 4400/9601 [7:31:36<14:02:34,  9.72s/it] 46%|████▌     | 4401/9601 [7:31:48<14:49:47, 10.27s/it] 46%|████▌     | 4402/9601 [7:31:51<11:53:48,  8.24s/it] 46%|████▌     | 4403/9601 [7:32:01<12:38:54,  8.76s/it] 46%|████▌     | 4404/9601 [7:32:15<14:35:02, 10.10s/it] 46%|████▌     | 4405/9601 [7:32:18<11:39:10,  8.07s/it] 46%|████▌     | 4406/9601 [7:32:29<13:02:22,  9.04s/it] 46%|████▌     | 4407/9601 [7:32:40<14:02:06,  9.73s/it] 46%|████▌     | 4408/9601 [7:32:51<14:20:58,  9.95s/it] 46%|████▌     | 4409/9601 [7:33:04<15:38:07, 10.84s/it] 46%|████▌     | 4410/9601 [7:33:11<14:11:14,  9.84s/it] 46%|████▌     | 4411/9601 [7:33:22<14:36:52, 10.14s/it] 46%|████▌     | 4412/9601 [7:33:30<13:31:16,  9.38s/it] 46%|████▌     | 4413/9601 [7:33:39<13:17:23,  9.22s/it] 46%|████▌     | 4414/9601 [7:33:44<11:27:26,  7.95s/it] 46%|████▌     | 4415/9601 [7:33:56<13:33:42,  9.41s/it] 46%|████▌     | 4416/9601 [7:34:09<14:50:42, 10.31s/it] 46%|████▌     | 4417/9601 [7:34:15<13:02:17,  9.05s/it] 46%|████▌     | 4418/9601 [7:34:27<14:09:13,  9.83s/it] 46%|████▌     | 4419/9601 [7:34:34<12:56:36,  8.99s/it] 46%|████▌     | 4420/9601 [7:34:41<12:22:45,  8.60s/it] 46%|████▌     | 4421/9601 [7:34:50<12:19:06,  8.56s/it] 46%|████▌     | 4422/9601 [7:35:02<13:44:53,  9.56s/it] 46%|████▌     | 4423/9601 [7:35:08<12:12:13,  8.48s/it] 46%|████▌     | 4424/9601 [7:35:14<11:08:49,  7.75s/it] 46%|████▌     | 4425/9601 [7:35:22<11:18:55,  7.87s/it] 46%|████▌     | 4426/9601 [7:35:30<11:16:58,  7.85s/it] 46%|████▌     | 4427/9601 [7:35:38<11:29:38,  8.00s/it] 46%|████▌     | 4428/9601 [7:35:47<11:55:09,  8.29s/it] 46%|████▌     | 4429/9601 [7:36:00<14:06:11,  9.82s/it] 46%|████▌     | 4430/9601 [7:36:06<12:06:10,  8.43s/it] 46%|████▌     | 4431/9601 [7:36:09<9:43:56,  6.78s/it]  46%|████▌     | 4432/9601 [7:36:20<11:58:11,  8.34s/it] 46%|████▌     | 4433/9601 [7:36:30<12:22:10,  8.62s/it] 46%|████▌     | 4434/9601 [7:36:40<13:02:42,  9.09s/it] 46%|████▌     | 4435/9601 [7:36:51<14:03:57,  9.80s/it] 46%|████▌     | 4436/9601 [7:37:05<15:52:55, 11.07s/it] 46%|████▌     | 4437/9601 [7:37:15<15:08:59, 10.56s/it] 46%|████▌     | 4438/9601 [7:37:25<15:05:01, 10.52s/it] 46%|████▌     | 4439/9601 [7:37:37<15:49:05, 11.03s/it] 46%|████▌     | 4440/9601 [7:37:49<16:14:15, 11.33s/it] 46%|████▋     | 4441/9601 [7:38:06<18:17:29, 12.76s/it] 46%|████▋     | 4442/9601 [7:38:17<17:34:30, 12.26s/it] 46%|████▋     | 4443/9601 [7:38:21<14:00:47,  9.78s/it] 46%|████▋     | 4444/9601 [7:38:27<12:20:23,  8.61s/it] 46%|████▋     | 4445/9601 [7:38:37<13:05:38,  9.14s/it] 46%|████▋     | 4446/9601 [7:38:51<15:00:16, 10.48s/it] 46%|████▋     | 4447/9601 [7:39:01<14:51:52, 10.38s/it] 46%|████▋     | 4448/9601 [7:39:07<12:56:28,  9.04s/it] 46%|████▋     | 4449/9601 [7:39:20<14:57:24, 10.45s/it] 46%|████▋     | 4450/9601 [7:39:33<15:43:51, 10.99s/it] 46%|████▋     | 4451/9601 [7:39:44<16:01:45, 11.20s/it] 46%|████▋     | 4452/9601 [7:39:59<17:40:07, 12.35s/it] 46%|████▋     | 4453/9601 [7:40:15<19:03:02, 13.32s/it] 46%|████▋     | 4454/9601 [7:40:25<17:35:44, 12.31s/it] 46%|████▋     | 4455/9601 [7:40:37<17:21:12, 12.14s/it] 46%|████▋     | 4456/9601 [7:40:48<17:11:21, 12.03s/it] 46%|████▋     | 4457/9601 [7:41:01<17:37:53, 12.34s/it] 46%|████▋     | 4458/9601 [7:41:12<17:00:37, 11.91s/it] 46%|████▋     | 4459/9601 [7:41:18<14:09:58,  9.92s/it] 46%|████▋     | 4460/9601 [7:41:28<14:21:26, 10.05s/it] 46%|████▋     | 4461/9601 [7:41:34<12:48:07,  8.97s/it] 46%|████▋     | 4462/9601 [7:41:36<9:40:58,  6.78s/it]  46%|████▋     | 4463/9601 [7:41:50<12:43:35,  8.92s/it] 46%|████▋     | 4464/9601 [7:42:01<13:26:45,  9.42s/it] 47%|████▋     | 4465/9601 [7:42:06<11:34:30,  8.11s/it] 47%|████▋     | 4466/9601 [7:42:18<13:29:09,  9.45s/it] 47%|████▋     | 4467/9601 [7:42:24<11:43:53,  8.23s/it] 47%|████▋     | 4468/9601 [7:42:36<13:20:37,  9.36s/it] 47%|████▋     | 4469/9601 [7:42:44<12:54:30,  9.06s/it] 47%|████▋     | 4470/9601 [7:42:48<10:35:03,  7.43s/it] 47%|████▋     | 4471/9601 [7:42:56<11:10:05,  7.84s/it] 47%|████▋     | 4472/9601 [7:43:09<13:16:34,  9.32s/it] 47%|████▋     | 4473/9601 [7:43:21<14:26:10, 10.13s/it] 47%|████▋     | 4474/9601 [7:43:27<12:43:55,  8.94s/it] 47%|████▋     | 4475/9601 [7:43:39<13:51:33,  9.73s/it] 47%|████▋     | 4476/9601 [7:43:47<13:08:00,  9.23s/it] 47%|████▋     | 4477/9601 [7:43:58<13:43:30,  9.64s/it] 47%|████▋     | 4478/9601 [7:44:06<13:16:41,  9.33s/it] 47%|████▋     | 4479/9601 [7:44:16<13:29:11,  9.48s/it] 47%|████▋     | 4480/9601 [7:44:22<12:09:29,  8.55s/it] 47%|████▋     | 4481/9601 [7:44:29<11:10:26,  7.86s/it] 47%|████▋     | 4482/9601 [7:44:34<10:07:21,  7.12s/it] 47%|████▋     | 4483/9601 [7:44:37<8:20:58,  5.87s/it]  47%|████▋     | 4484/9601 [7:44:52<12:12:05,  8.58s/it] 47%|████▋     | 4485/9601 [7:45:07<14:51:37, 10.46s/it] 47%|████▋     | 4486/9601 [7:45:19<15:46:56, 11.11s/it] 47%|████▋     | 4487/9601 [7:45:31<16:12:31, 11.41s/it] 47%|████▋     | 4488/9601 [7:45:40<15:09:47, 10.68s/it] 47%|████▋     | 4489/9601 [7:45:48<13:41:40,  9.64s/it] 47%|████▋     | 4490/9601 [7:46:04<16:37:37, 11.71s/it] 47%|████▋     | 4491/9601 [7:46:18<17:40:33, 12.45s/it] 47%|████▋     | 4492/9601 [7:46:27<16:10:26, 11.40s/it] 47%|████▋     | 4493/9601 [7:46:40<16:39:11, 11.74s/it] 47%|████▋     | 4494/9601 [7:46:51<16:15:32, 11.46s/it] 47%|████▋     | 4495/9601 [7:47:02<16:07:47, 11.37s/it] 47%|████▋     | 4496/9601 [7:47:05<12:38:10,  8.91s/it] 47%|████▋     | 4497/9601 [7:47:16<13:28:04,  9.50s/it] 47%|████▋     | 4498/9601 [7:47:25<13:15:20,  9.35s/it] 47%|████▋     | 4499/9601 [7:47:37<14:14:07, 10.04s/it] 47%|████▋     | 4500/9601 [7:47:40<11:37:03,  8.20s/it] 47%|████▋     | 4501/9601 [7:47:47<11:02:38,  7.80s/it] 47%|████▋     | 4502/9601 [7:47:58<12:24:37,  8.76s/it] 47%|████▋     | 4503/9601 [7:48:11<14:12:17, 10.03s/it] 47%|████▋     | 4504/9601 [7:48:21<14:10:04, 10.01s/it] 47%|████▋     | 4505/9601 [7:48:30<13:42:42,  9.69s/it] 47%|████▋     | 4506/9601 [7:48:43<14:57:32, 10.57s/it] 47%|████▋     | 4507/9601 [7:48:49<12:57:42,  9.16s/it] 47%|████▋     | 4508/9601 [7:48:55<11:54:10,  8.41s/it] 47%|████▋     | 4509/9601 [7:49:04<12:07:05,  8.57s/it] 47%|████▋     | 4510/9601 [7:49:10<11:05:45,  7.85s/it] 47%|████▋     | 4511/9601 [7:49:22<12:42:45,  8.99s/it] 47%|████▋     | 4512/9601 [7:49:27<11:07:37,  7.87s/it] 47%|████▋     | 4513/9601 [7:49:36<11:23:04,  8.06s/it] 47%|████▋     | 4514/9601 [7:49:48<13:00:22,  9.20s/it] 47%|████▋     | 4515/9601 [7:49:57<13:07:21,  9.29s/it] 47%|████▋     | 4516/9601 [7:50:08<13:35:18,  9.62s/it] 47%|████▋     | 4517/9601 [7:50:15<12:31:48,  8.87s/it] 47%|████▋     | 4518/9601 [7:50:23<12:17:03,  8.70s/it] 47%|████▋     | 4519/9601 [7:50:26<9:52:13,  6.99s/it]  47%|████▋     | 4520/9601 [7:50:41<13:25:01,  9.51s/it] 47%|████▋     | 4521/9601 [7:50:51<13:31:13,  9.58s/it] 47%|████▋     | 4522/9601 [7:51:05<15:08:40, 10.73s/it] 47%|████▋     | 4523/9601 [7:51:07<11:41:25,  8.29s/it] 47%|████▋     | 4524/9601 [7:51:19<13:00:17,  9.22s/it] 47%|████▋     | 4525/9601 [7:51:26<12:25:42,  8.81s/it] 47%|████▋     | 4526/9601 [7:51:40<14:17:37, 10.14s/it] 47%|████▋     | 4527/9601 [7:51:43<11:19:16,  8.03s/it] 47%|████▋     | 4528/9601 [7:51:57<13:53:29,  9.86s/it] 47%|████▋     | 4529/9601 [7:52:09<14:43:40, 10.45s/it] 47%|████▋     | 4530/9601 [7:52:21<15:37:33, 11.09s/it] 47%|████▋     | 4531/9601 [7:52:34<16:24:52, 11.66s/it] 47%|████▋     | 4532/9601 [7:52:38<12:57:18,  9.20s/it] 47%|████▋     | 4533/9601 [7:52:44<11:47:54,  8.38s/it] 47%|████▋     | 4534/9601 [7:52:56<13:05:06,  9.30s/it] 47%|████▋     | 4535/9601 [7:53:12<15:58:51, 11.36s/it] 47%|████▋     | 4536/9601 [7:53:19<14:12:11, 10.10s/it] 47%|████▋     | 4537/9601 [7:53:33<15:44:24, 11.19s/it] 47%|████▋     | 4538/9601 [7:53:45<16:19:55, 11.61s/it] 47%|████▋     | 4539/9601 [7:53:57<16:30:58, 11.75s/it] 47%|████▋     | 4540/9601 [7:54:13<18:16:40, 13.00s/it] 47%|████▋     | 4541/9601 [7:54:24<17:17:02, 12.30s/it] 47%|████▋     | 4542/9601 [7:54:36<17:07:19, 12.18s/it] 47%|████▋     | 4543/9601 [7:54:48<17:12:13, 12.24s/it] 47%|████▋     | 4544/9601 [7:54:54<14:31:48, 10.34s/it] 47%|████▋     | 4545/9601 [7:55:08<16:05:46, 11.46s/it] 47%|████▋     | 4546/9601 [7:55:12<12:53:41,  9.18s/it] 47%|████▋     | 4547/9601 [7:55:25<14:38:29, 10.43s/it] 47%|████▋     | 4548/9601 [7:55:39<15:49:41, 11.28s/it] 47%|████▋     | 4549/9601 [7:55:51<16:16:37, 11.60s/it] 47%|████▋     | 4550/9601 [7:56:03<16:24:44, 11.70s/it] 47%|████▋     | 4551/9601 [7:56:16<17:06:43, 12.20s/it] 47%|████▋     | 4552/9601 [7:56:28<16:47:34, 11.97s/it] 47%|████▋     | 4553/9601 [7:56:37<15:24:45, 10.99s/it] 47%|████▋     | 4554/9601 [7:56:46<14:37:11, 10.43s/it] 47%|████▋     | 4555/9601 [7:56:51<12:38:58,  9.02s/it] 47%|████▋     | 4556/9601 [7:57:02<13:25:07,  9.58s/it] 47%|████▋     | 4557/9601 [7:57:14<14:14:43, 10.17s/it] 47%|████▋     | 4558/9601 [7:57:28<15:53:03, 11.34s/it] 47%|████▋     | 4559/9601 [7:57:42<17:07:43, 12.23s/it] 47%|████▋     | 4560/9601 [7:57:44<12:52:22,  9.19s/it] 48%|████▊     | 4561/9601 [7:57:55<13:36:30,  9.72s/it] 48%|████▊     | 4562/9601 [7:58:06<14:03:58, 10.05s/it] 48%|████▊     | 4563/9601 [7:58:15<13:43:57,  9.81s/it] 48%|████▊     | 4564/9601 [7:58:30<15:40:23, 11.20s/it] 48%|████▊     | 4565/9601 [7:58:44<16:49:03, 12.02s/it] 48%|████▊     | 4566/9601 [7:58:51<14:54:15, 10.66s/it] 48%|████▊     | 4567/9601 [7:59:02<15:03:12, 10.77s/it] 48%|████▊     | 4568/9601 [7:59:14<15:23:18, 11.01s/it] 48%|████▊     | 4569/9601 [7:59:24<15:11:51, 10.87s/it] 48%|████▊     | 4570/9601 [7:59:35<15:10:36, 10.86s/it] 48%|████▊     | 4571/9601 [7:59:43<14:00:08, 10.02s/it] 48%|████▊     | 4572/9601 [7:59:57<15:33:13, 11.13s/it] 48%|████▊     | 4573/9601 [8:00:05<14:03:15, 10.06s/it]slurmstepd-c-02-06: error: *** JOB 21444 ON c-02-06 CANCELLED AT 2025-04-15T05:16:48 DUE TO TIME LIMIT ***
